pool,method,active_k,n,run_root,run_name,model_variant,candidate_set
slow_fast,eagle3,1,23,results/apexp_block/config_large_500/evaluation/paper_cap50/apex_hot_runs/survival_utility_controller_v4_balanced__k1_2_4_6_8_10_12_14_16,survival_utility_controller_v4_balanced__k1_2_4_6_8_10_12_14_16,survival_utility_controller_v4_balanced,k1_2_4_6_8_10_12_14_16
slow_fast,eagle3,2,3217,results/apexp_block/config_large_500/evaluation/paper_cap50/apex_hot_runs/survival_utility_controller_v4_balanced__k1_2_4_6_8_10_12_14_16,survival_utility_controller_v4_balanced__k1_2_4_6_8_10_12_14_16,survival_utility_controller_v4_balanced,k1_2_4_6_8_10_12_14_16
slow_fast,eagle3,4,11556,results/apexp_block/config_large_500/evaluation/paper_cap50/apex_hot_runs/survival_utility_controller_v4_balanced__k1_2_4_6_8_10_12_14_16,survival_utility_controller_v4_balanced__k1_2_4_6_8_10_12_14_16,survival_utility_controller_v4_balanced,k1_2_4_6_8_10_12_14_16
slow_fast,eagle3,6,399,results/apexp_block/config_large_500/evaluation/paper_cap50/apex_hot_runs/survival_utility_controller_v4_balanced__k1_2_4_6_8_10_12_14_16,survival_utility_controller_v4_balanced__k1_2_4_6_8_10_12_14_16,survival_utility_controller_v4_balanced,k1_2_4_6_8_10_12_14_16
slow_fast,eagle3,8,9,results/apexp_block/config_large_500/evaluation/paper_cap50/apex_hot_runs/survival_utility_controller_v4_balanced__k1_2_4_6_8_10_12_14_16,survival_utility_controller_v4_balanced__k1_2_4_6_8_10_12_14_16,survival_utility_controller_v4_balanced,k1_2_4_6_8_10_12_14_16
slow_fast,eagle3,10,2,results/apexp_block/config_large_500/evaluation/paper_cap50/apex_hot_runs/survival_utility_controller_v4_balanced__k1_2_4_6_8_10_12_14_16,survival_utility_controller_v4_balanced__k1_2_4_6_8_10_12_14_16,survival_utility_controller_v4_balanced,k1_2_4_6_8_10_12_14_16
slow_fast,eagle3,16,60,results/apexp_block/config_large_500/evaluation/paper_cap50/apex_hot_runs/survival_utility_controller_v4_balanced__k1_2_4_6_8_10_12_14_16,survival_utility_controller_v4_balanced__k1_2_4_6_8_10_12_14_16,survival_utility_controller_v4_balanced,k1_2_4_6_8_10_12_14_16
slow_fast,ngram_sd,1,39,results/apexp_block/config_large_500/evaluation/paper_cap50/apex_hot_runs/survival_utility_controller_v4_balanced__k1_2_4_6_8_10_12_14_16,survival_utility_controller_v4_balanced__k1_2_4_6_8_10_12_14_16,survival_utility_controller_v4_balanced,k1_2_4_6_8_10_12_14_16
slow_fast,ngram_sd,2,118,results/apexp_block/config_large_500/evaluation/paper_cap50/apex_hot_runs/survival_utility_controller_v4_balanced__k1_2_4_6_8_10_12_14_16,survival_utility_controller_v4_balanced__k1_2_4_6_8_10_12_14_16,survival_utility_controller_v4_balanced,k1_2_4_6_8_10_12_14_16
slow_fast,ngram_sd,3,96,results/apexp_block/config_large_500/evaluation/paper_cap50/apex_hot_runs/survival_utility_controller_v4_balanced__k1_2_4_6_8_10_12_14_16,survival_utility_controller_v4_balanced__k1_2_4_6_8_10_12_14_16,survival_utility_controller_v4_balanced,k1_2_4_6_8_10_12_14_16
slow_fast,ngram_sd,4,177,results/apexp_block/config_large_500/evaluation/paper_cap50/apex_hot_runs/survival_utility_controller_v4_balanced__k1_2_4_6_8_10_12_14_16,survival_utility_controller_v4_balanced__k1_2_4_6_8_10_12_14_16,survival_utility_controller_v4_balanced,k1_2_4_6_8_10_12_14_16
slow_fast,ngram_sd,5,139,results/apexp_block/config_large_500/evaluation/paper_cap50/apex_hot_runs/survival_utility_controller_v4_balanced__k1_2_4_6_8_10_12_14_16,survival_utility_controller_v4_balanced__k1_2_4_6_8_10_12_14_16,survival_utility_controller_v4_balanced,k1_2_4_6_8_10_12_14_16
slow_fast,ngram_sd,6,299,results/apexp_block/config_large_500/evaluation/paper_cap50/apex_hot_runs/survival_utility_controller_v4_balanced__k1_2_4_6_8_10_12_14_16,survival_utility_controller_v4_balanced__k1_2_4_6_8_10_12_14_16,survival_utility_controller_v4_balanced,k1_2_4_6_8_10_12_14_16
slow_fast,ngram_sd,7,188,results/apexp_block/config_large_500/evaluation/paper_cap50/apex_hot_runs/survival_utility_controller_v4_balanced__k1_2_4_6_8_10_12_14_16,survival_utility_controller_v4_balanced__k1_2_4_6_8_10_12_14_16,survival_utility_controller_v4_balanced,k1_2_4_6_8_10_12_14_16
slow_fast,ngram_sd,8,2470,results/apexp_block/config_large_500/evaluation/paper_cap50/apex_hot_runs/survival_utility_controller_v4_balanced__k1_2_4_6_8_10_12_14_16,survival_utility_controller_v4_balanced__k1_2_4_6_8_10_12_14_16,survival_utility_controller_v4_balanced,k1_2_4_6_8_10_12_14_16
slow_fast,ngram_sd,9,196,results/apexp_block/config_large_500/evaluation/paper_cap50/apex_hot_runs/survival_utility_controller_v4_balanced__k1_2_4_6_8_10_12_14_16,survival_utility_controller_v4_balanced__k1_2_4_6_8_10_12_14_16,survival_utility_controller_v4_balanced,k1_2_4_6_8_10_12_14_16
slow_fast,ngram_sd,10,12224,results/apexp_block/config_large_500/evaluation/paper_cap50/apex_hot_runs/survival_utility_controller_v4_balanced__k1_2_4_6_8_10_12_14_16,survival_utility_controller_v4_balanced__k1_2_4_6_8_10_12_14_16,survival_utility_controller_v4_balanced,k1_2_4_6_8_10_12_14_16
slow_fast,ngram_sd,11,174,results/apexp_block/config_large_500/evaluation/paper_cap50/apex_hot_runs/survival_utility_controller_v4_balanced__k1_2_4_6_8_10_12_14_16,survival_utility_controller_v4_balanced__k1_2_4_6_8_10_12_14_16,survival_utility_controller_v4_balanced,k1_2_4_6_8_10_12_14_16
slow_fast,ngram_sd,12,29494,results/apexp_block/config_large_500/evaluation/paper_cap50/apex_hot_runs/survival_utility_controller_v4_balanced__k1_2_4_6_8_10_12_14_16,survival_utility_controller_v4_balanced__k1_2_4_6_8_10_12_14_16,survival_utility_controller_v4_balanced,k1_2_4_6_8_10_12_14_16
slow_fast,ngram_sd,13,128,results/apexp_block/config_large_500/evaluation/paper_cap50/apex_hot_runs/survival_utility_controller_v4_balanced__k1_2_4_6_8_10_12_14_16,survival_utility_controller_v4_balanced__k1_2_4_6_8_10_12_14_16,survival_utility_controller_v4_balanced,k1_2_4_6_8_10_12_14_16
slow_fast,ngram_sd,14,21659,results/apexp_block/config_large_500/evaluation/paper_cap50/apex_hot_runs/survival_utility_controller_v4_balanced__k1_2_4_6_8_10_12_14_16,survival_utility_controller_v4_balanced__k1_2_4_6_8_10_12_14_16,survival_utility_controller_v4_balanced,k1_2_4_6_8_10_12_14_16
slow_fast,ngram_sd,15,77,results/apexp_block/config_large_500/evaluation/paper_cap50/apex_hot_runs/survival_utility_controller_v4_balanced__k1_2_4_6_8_10_12_14_16,survival_utility_controller_v4_balanced__k1_2_4_6_8_10_12_14_16,survival_utility_controller_v4_balanced,k1_2_4_6_8_10_12_14_16
slow_fast,ngram_sd,16,26960,results/apexp_block/config_large_500/evaluation/paper_cap50/apex_hot_runs/survival_utility_controller_v4_balanced__k1_2_4_6_8_10_12_14_16,survival_utility_controller_v4_balanced__k1_2_4_6_8_10_12_14_16,survival_utility_controller_v4_balanced,k1_2_4_6_8_10_12_14_16
slow_only,eagle3,2,2848,results/apexp_block/config_large_500/evaluation/paper_cap50/apex_hot_runs/survival_utility_controller_v4_balanced__k1_2_4_6_8_10_12_14_16,survival_utility_controller_v4_balanced__k1_2_4_6_8_10_12_14_16,survival_utility_controller_v4_balanced,k1_2_4_6_8_10_12_14_16
slow_only,eagle3,4,1863,results/apexp_block/config_large_500/evaluation/paper_cap50/apex_hot_runs/survival_utility_controller_v4_balanced__k1_2_4_6_8_10_12_14_16,survival_utility_controller_v4_balanced__k1_2_4_6_8_10_12_14_16,survival_utility_controller_v4_balanced,k1_2_4_6_8_10_12_14_16
slow_only,eagle3,8,984,results/apexp_block/config_large_500/evaluation/paper_cap50/apex_hot_runs/survival_utility_controller_v4_balanced__k1_2_4_6_8_10_12_14_16,survival_utility_controller_v4_balanced__k1_2_4_6_8_10_12_14_16,survival_utility_controller_v4_balanced,k1_2_4_6_8_10_12_14_16
slow_only,eagle3,16,9569,results/apexp_block/config_large_500/evaluation/paper_cap50/apex_hot_runs/survival_utility_controller_v4_balanced__k1_2_4_6_8_10_12_14_16,survival_utility_controller_v4_balanced__k1_2_4_6_8_10_12_14_16,survival_utility_controller_v4_balanced,k1_2_4_6_8_10_12_14_16
slow_only,ngram_sd,1,38,results/apexp_block/config_large_500/evaluation/paper_cap50/apex_hot_runs/survival_utility_controller_v4_balanced__k1_2_4_6_8_10_12_14_16,survival_utility_controller_v4_balanced__k1_2_4_6_8_10_12_14_16,survival_utility_controller_v4_balanced,k1_2_4_6_8_10_12_14_16
slow_only,ngram_sd,2,1577,results/apexp_block/config_large_500/evaluation/paper_cap50/apex_hot_runs/survival_utility_controller_v4_balanced__k1_2_4_6_8_10_12_14_16,survival_utility_controller_v4_balanced__k1_2_4_6_8_10_12_14_16,survival_utility_controller_v4_balanced,k1_2_4_6_8_10_12_14_16
slow_only,ngram_sd,3,96,results/apexp_block/config_large_500/evaluation/paper_cap50/apex_hot_runs/survival_utility_controller_v4_balanced__k1_2_4_6_8_10_12_14_16,survival_utility_controller_v4_balanced__k1_2_4_6_8_10_12_14_16,survival_utility_controller_v4_balanced,k1_2_4_6_8_10_12_14_16
slow_only,ngram_sd,4,1229,results/apexp_block/config_large_500/evaluation/paper_cap50/apex_hot_runs/survival_utility_controller_v4_balanced__k1_2_4_6_8_10_12_14_16,survival_utility_controller_v4_balanced__k1_2_4_6_8_10_12_14_16,survival_utility_controller_v4_balanced,k1_2_4_6_8_10_12_14_16
slow_only,ngram_sd,5,135,results/apexp_block/config_large_500/evaluation/paper_cap50/apex_hot_runs/survival_utility_controller_v4_balanced__k1_2_4_6_8_10_12_14_16,survival_utility_controller_v4_balanced__k1_2_4_6_8_10_12_14_16,survival_utility_controller_v4_balanced,k1_2_4_6_8_10_12_14_16
slow_only,ngram_sd,6,183,results/apexp_block/config_large_500/evaluation/paper_cap50/apex_hot_runs/survival_utility_controller_v4_balanced__k1_2_4_6_8_10_12_14_16,survival_utility_controller_v4_balanced__k1_2_4_6_8_10_12_14_16,survival_utility_controller_v4_balanced,k1_2_4_6_8_10_12_14_16
slow_only,ngram_sd,7,186,results/apexp_block/config_large_500/evaluation/paper_cap50/apex_hot_runs/survival_utility_controller_v4_balanced__k1_2_4_6_8_10_12_14_16,survival_utility_controller_v4_balanced__k1_2_4_6_8_10_12_14_16,survival_utility_controller_v4_balanced,k1_2_4_6_8_10_12_14_16
slow_only,ngram_sd,8,1268,results/apexp_block/config_large_500/evaluation/paper_cap50/apex_hot_runs/survival_utility_controller_v4_balanced__k1_2_4_6_8_10_12_14_16,survival_utility_controller_v4_balanced__k1_2_4_6_8_10_12_14_16,survival_utility_controller_v4_balanced,k1_2_4_6_8_10_12_14_16
slow_only,ngram_sd,9,193,results/apexp_block/config_large_500/evaluation/paper_cap50/apex_hot_runs/survival_utility_controller_v4_balanced__k1_2_4_6_8_10_12_14_16,survival_utility_controller_v4_balanced__k1_2_4_6_8_10_12_14_16,survival_utility_controller_v4_balanced,k1_2_4_6_8_10_12_14_16
slow_only,ngram_sd,10,233,results/apexp_block/config_large_500/evaluation/paper_cap50/apex_hot_runs/survival_utility_controller_v4_balanced__k1_2_4_6_8_10_12_14_16,survival_utility_controller_v4_balanced__k1_2_4_6_8_10_12_14_16,survival_utility_controller_v4_balanced,k1_2_4_6_8_10_12_14_16
slow_only,ngram_sd,11,204,results/apexp_block/config_large_500/evaluation/paper_cap50/apex_hot_runs/survival_utility_controller_v4_balanced__k1_2_4_6_8_10_12_14_16,survival_utility_controller_v4_balanced__k1_2_4_6_8_10_12_14_16,survival_utility_controller_v4_balanced,k1_2_4_6_8_10_12_14_16
slow_only,ngram_sd,12,243,results/apexp_block/config_large_500/evaluation/paper_cap50/apex_hot_runs/survival_utility_controller_v4_balanced__k1_2_4_6_8_10_12_14_16,survival_utility_controller_v4_balanced__k1_2_4_6_8_10_12_14_16,survival_utility_controller_v4_balanced,k1_2_4_6_8_10_12_14_16
slow_only,ngram_sd,13,200,results/apexp_block/config_large_500/evaluation/paper_cap50/apex_hot_runs/survival_utility_controller_v4_balanced__k1_2_4_6_8_10_12_14_16,survival_utility_controller_v4_balanced__k1_2_4_6_8_10_12_14_16,survival_utility_controller_v4_balanced,k1_2_4_6_8_10_12_14_16
slow_only,ngram_sd,14,219,results/apexp_block/config_large_500/evaluation/paper_cap50/apex_hot_runs/survival_utility_controller_v4_balanced__k1_2_4_6_8_10_12_14_16,survival_utility_controller_v4_balanced__k1_2_4_6_8_10_12_14_16,survival_utility_controller_v4_balanced,k1_2_4_6_8_10_12_14_16
slow_only,ngram_sd,15,196,results/apexp_block/config_large_500/evaluation/paper_cap50/apex_hot_runs/survival_utility_controller_v4_balanced__k1_2_4_6_8_10_12_14_16,survival_utility_controller_v4_balanced__k1_2_4_6_8_10_12_14_16,survival_utility_controller_v4_balanced,k1_2_4_6_8_10_12_14_16
slow_only,ngram_sd,16,88386,results/apexp_block/config_large_500/evaluation/paper_cap50/apex_hot_runs/survival_utility_controller_v4_balanced__k1_2_4_6_8_10_12_14_16,survival_utility_controller_v4_balanced__k1_2_4_6_8_10_12_14_16,survival_utility_controller_v4_balanced,k1_2_4_6_8_10_12_14_16
slow_fast,eagle3,1,23,results/apexp_block/config_large_500/evaluation/paper_cap50/apex_hot_runs/survival_utility_controller_v4_balanced__k1_2_4_8_16,survival_utility_controller_v4_balanced__k1_2_4_8_16,survival_utility_controller_v4_balanced,k1_2_4_8_16
slow_fast,eagle3,2,3217,results/apexp_block/config_large_500/evaluation/paper_cap50/apex_hot_runs/survival_utility_controller_v4_balanced__k1_2_4_8_16,survival_utility_controller_v4_balanced__k1_2_4_8_16,survival_utility_controller_v4_balanced,k1_2_4_8_16
slow_fast,eagle3,4,11833,results/apexp_block/config_large_500/evaluation/paper_cap50/apex_hot_runs/survival_utility_controller_v4_balanced__k1_2_4_8_16,survival_utility_controller_v4_balanced__k1_2_4_8_16,survival_utility_controller_v4_balanced,k1_2_4_8_16
slow_fast,eagle3,8,133,results/apexp_block/config_large_500/evaluation/paper_cap50/apex_hot_runs/survival_utility_controller_v4_balanced__k1_2_4_8_16,survival_utility_controller_v4_balanced__k1_2_4_8_16,survival_utility_controller_v4_balanced,k1_2_4_8_16
slow_fast,eagle3,16,60,results/apexp_block/config_large_500/evaluation/paper_cap50/apex_hot_runs/survival_utility_controller_v4_balanced__k1_2_4_8_16,survival_utility_controller_v4_balanced__k1_2_4_8_16,survival_utility_controller_v4_balanced,k1_2_4_8_16
slow_fast,ngram_sd,1,39,results/apexp_block/config_large_500/evaluation/paper_cap50/apex_hot_runs/survival_utility_controller_v4_balanced__k1_2_4_8_16,survival_utility_controller_v4_balanced__k1_2_4_8_16,survival_utility_controller_v4_balanced,k1_2_4_8_16
slow_fast,ngram_sd,2,118,results/apexp_block/config_large_500/evaluation/paper_cap50/apex_hot_runs/survival_utility_controller_v4_balanced__k1_2_4_8_16,survival_utility_controller_v4_balanced__k1_2_4_8_16,survival_utility_controller_v4_balanced,k1_2_4_8_16
slow_fast,ngram_sd,3,95,results/apexp_block/config_large_500/evaluation/paper_cap50/apex_hot_runs/survival_utility_controller_v4_balanced__k1_2_4_8_16,survival_utility_controller_v4_balanced__k1_2_4_8_16,survival_utility_controller_v4_balanced,k1_2_4_8_16
slow_fast,ngram_sd,4,202,results/apexp_block/config_large_500/evaluation/paper_cap50/apex_hot_runs/survival_utility_controller_v4_balanced__k1_2_4_8_16,survival_utility_controller_v4_balanced__k1_2_4_8_16,survival_utility_controller_v4_balanced,k1_2_4_8_16
slow_fast,ngram_sd,5,141,results/apexp_block/config_large_500/evaluation/paper_cap50/apex_hot_runs/survival_utility_controller_v4_balanced__k1_2_4_8_16,survival_utility_controller_v4_balanced__k1_2_4_8_16,survival_utility_controller_v4_balanced,k1_2_4_8_16
slow_fast,ngram_sd,6,192,results/apexp_block/config_large_500/evaluation/paper_cap50/apex_hot_runs/survival_utility_controller_v4_balanced__k1_2_4_8_16,survival_utility_controller_v4_balanced__k1_2_4_8_16,survival_utility_controller_v4_balanced,k1_2_4_8_16
slow_fast,ngram_sd,7,188,results/apexp_block/config_large_500/evaluation/paper_cap50/apex_hot_runs/survival_utility_controller_v4_balanced__k1_2_4_8_16,survival_utility_controller_v4_balanced__k1_2_4_8_16,survival_utility_controller_v4_balanced,k1_2_4_8_16
slow_fast,ngram_sd,8,29443,results/apexp_block/config_large_500/evaluation/paper_cap50/apex_hot_runs/survival_utility_controller_v4_balanced__k1_2_4_8_16,survival_utility_controller_v4_balanced__k1_2_4_8_16,survival_utility_controller_v4_balanced,k1_2_4_8_16
slow_fast,ngram_sd,9,155,results/apexp_block/config_large_500/evaluation/paper_cap50/apex_hot_runs/survival_utility_controller_v4_balanced__k1_2_4_8_16,survival_utility_controller_v4_balanced__k1_2_4_8_16,survival_utility_controller_v4_balanced,k1_2_4_8_16
slow_fast,ngram_sd,10,178,results/apexp_block/config_large_500/evaluation/paper_cap50/apex_hot_runs/survival_utility_controller_v4_balanced__k1_2_4_8_16,survival_utility_controller_v4_balanced__k1_2_4_8_16,survival_utility_controller_v4_balanced,k1_2_4_8_16
slow_fast,ngram_sd,11,135,results/apexp_block/config_large_500/evaluation/paper_cap50/apex_hot_runs/survival_utility_controller_v4_balanced__k1_2_4_8_16,survival_utility_controller_v4_balanced__k1_2_4_8_16,survival_utility_controller_v4_balanced,k1_2_4_8_16
slow_fast,ngram_sd,12,190,results/apexp_block/config_large_500/evaluation/paper_cap50/apex_hot_runs/survival_utility_controller_v4_balanced__k1_2_4_8_16,survival_utility_controller_v4_balanced__k1_2_4_8_16,survival_utility_controller_v4_balanced,k1_2_4_8_16
slow_fast,ngram_sd,13,154,results/apexp_block/config_large_500/evaluation/paper_cap50/apex_hot_runs/survival_utility_controller_v4_balanced__k1_2_4_8_16,survival_utility_controller_v4_balanced__k1_2_4_8_16,survival_utility_controller_v4_balanced,k1_2_4_8_16
slow_fast,ngram_sd,14,166,results/apexp_block/config_large_500/evaluation/paper_cap50/apex_hot_runs/survival_utility_controller_v4_balanced__k1_2_4_8_16,survival_utility_controller_v4_balanced__k1_2_4_8_16,survival_utility_controller_v4_balanced,k1_2_4_8_16
slow_fast,ngram_sd,15,160,results/apexp_block/config_large_500/evaluation/paper_cap50/apex_hot_runs/survival_utility_controller_v4_balanced__k1_2_4_8_16,survival_utility_controller_v4_balanced__k1_2_4_8_16,survival_utility_controller_v4_balanced,k1_2_4_8_16
slow_fast,ngram_sd,16,63258,results/apexp_block/config_large_500/evaluation/paper_cap50/apex_hot_runs/survival_utility_controller_v4_balanced__k1_2_4_8_16,survival_utility_controller_v4_balanced__k1_2_4_8_16,survival_utility_controller_v4_balanced,k1_2_4_8_16
slow_only,eagle3,2,2848,results/apexp_block/config_large_500/evaluation/paper_cap50/apex_hot_runs/survival_utility_controller_v4_balanced__k1_2_4_8_16,survival_utility_controller_v4_balanced__k1_2_4_8_16,survival_utility_controller_v4_balanced,k1_2_4_8_16
slow_only,eagle3,4,1863,results/apexp_block/config_large_500/evaluation/paper_cap50/apex_hot_runs/survival_utility_controller_v4_balanced__k1_2_4_8_16,survival_utility_controller_v4_balanced__k1_2_4_8_16,survival_utility_controller_v4_balanced,k1_2_4_8_16
slow_only,eagle3,8,984,results/apexp_block/config_large_500/evaluation/paper_cap50/apex_hot_runs/survival_utility_controller_v4_balanced__k1_2_4_8_16,survival_utility_controller_v4_balanced__k1_2_4_8_16,survival_utility_controller_v4_balanced,k1_2_4_8_16
slow_only,eagle3,16,9569,results/apexp_block/config_large_500/evaluation/paper_cap50/apex_hot_runs/survival_utility_controller_v4_balanced__k1_2_4_8_16,survival_utility_controller_v4_balanced__k1_2_4_8_16,survival_utility_controller_v4_balanced,k1_2_4_8_16
slow_only,ngram_sd,1,38,results/apexp_block/config_large_500/evaluation/paper_cap50/apex_hot_runs/survival_utility_controller_v4_balanced__k1_2_4_8_16,survival_utility_controller_v4_balanced__k1_2_4_8_16,survival_utility_controller_v4_balanced,k1_2_4_8_16
slow_only,ngram_sd,2,1577,results/apexp_block/config_large_500/evaluation/paper_cap50/apex_hot_runs/survival_utility_controller_v4_balanced__k1_2_4_8_16,survival_utility_controller_v4_balanced__k1_2_4_8_16,survival_utility_controller_v4_balanced,k1_2_4_8_16
slow_only,ngram_sd,3,96,results/apexp_block/config_large_500/evaluation/paper_cap50/apex_hot_runs/survival_utility_controller_v4_balanced__k1_2_4_8_16,survival_utility_controller_v4_balanced__k1_2_4_8_16,survival_utility_controller_v4_balanced,k1_2_4_8_16
slow_only,ngram_sd,4,1229,results/apexp_block/config_large_500/evaluation/paper_cap50/apex_hot_runs/survival_utility_controller_v4_balanced__k1_2_4_8_16,survival_utility_controller_v4_balanced__k1_2_4_8_16,survival_utility_controller_v4_balanced,k1_2_4_8_16
slow_only,ngram_sd,5,135,results/apexp_block/config_large_500/evaluation/paper_cap50/apex_hot_runs/survival_utility_controller_v4_balanced__k1_2_4_8_16,survival_utility_controller_v4_balanced__k1_2_4_8_16,survival_utility_controller_v4_balanced,k1_2_4_8_16
slow_only,ngram_sd,6,183,results/apexp_block/config_large_500/evaluation/paper_cap50/apex_hot_runs/survival_utility_controller_v4_balanced__k1_2_4_8_16,survival_utility_controller_v4_balanced__k1_2_4_8_16,survival_utility_controller_v4_balanced,k1_2_4_8_16
slow_only,ngram_sd,7,186,results/apexp_block/config_large_500/evaluation/paper_cap50/apex_hot_runs/survival_utility_controller_v4_balanced__k1_2_4_8_16,survival_utility_controller_v4_balanced__k1_2_4_8_16,survival_utility_controller_v4_balanced,k1_2_4_8_16
slow_only,ngram_sd,8,1268,results/apexp_block/config_large_500/evaluation/paper_cap50/apex_hot_runs/survival_utility_controller_v4_balanced__k1_2_4_8_16,survival_utility_controller_v4_balanced__k1_2_4_8_16,survival_utility_controller_v4_balanced,k1_2_4_8_16
slow_only,ngram_sd,9,193,results/apexp_block/config_large_500/evaluation/paper_cap50/apex_hot_runs/survival_utility_controller_v4_balanced__k1_2_4_8_16,survival_utility_controller_v4_balanced__k1_2_4_8_16,survival_utility_controller_v4_balanced,k1_2_4_8_16
slow_only,ngram_sd,10,233,results/apexp_block/config_large_500/evaluation/paper_cap50/apex_hot_runs/survival_utility_controller_v4_balanced__k1_2_4_8_16,survival_utility_controller_v4_balanced__k1_2_4_8_16,survival_utility_controller_v4_balanced,k1_2_4_8_16
slow_only,ngram_sd,11,204,results/apexp_block/config_large_500/evaluation/paper_cap50/apex_hot_runs/survival_utility_controller_v4_balanced__k1_2_4_8_16,survival_utility_controller_v4_balanced__k1_2_4_8_16,survival_utility_controller_v4_balanced,k1_2_4_8_16
slow_only,ngram_sd,12,243,results/apexp_block/config_large_500/evaluation/paper_cap50/apex_hot_runs/survival_utility_controller_v4_balanced__k1_2_4_8_16,survival_utility_controller_v4_balanced__k1_2_4_8_16,survival_utility_controller_v4_balanced,k1_2_4_8_16
slow_only,ngram_sd,13,200,results/apexp_block/config_large_500/evaluation/paper_cap50/apex_hot_runs/survival_utility_controller_v4_balanced__k1_2_4_8_16,survival_utility_controller_v4_balanced__k1_2_4_8_16,survival_utility_controller_v4_balanced,k1_2_4_8_16
slow_only,ngram_sd,14,219,results/apexp_block/config_large_500/evaluation/paper_cap50/apex_hot_runs/survival_utility_controller_v4_balanced__k1_2_4_8_16,survival_utility_controller_v4_balanced__k1_2_4_8_16,survival_utility_controller_v4_balanced,k1_2_4_8_16
slow_only,ngram_sd,15,196,results/apexp_block/config_large_500/evaluation/paper_cap50/apex_hot_runs/survival_utility_controller_v4_balanced__k1_2_4_8_16,survival_utility_controller_v4_balanced__k1_2_4_8_16,survival_utility_controller_v4_balanced,k1_2_4_8_16
slow_only,ngram_sd,16,88386,results/apexp_block/config_large_500/evaluation/paper_cap50/apex_hot_runs/survival_utility_controller_v4_balanced__k1_2_4_8_16,survival_utility_controller_v4_balanced__k1_2_4_8_16,survival_utility_controller_v4_balanced,k1_2_4_8_16
slow_fast,eagle3,1,23,results/apexp_block/config_large_500/evaluation/paper_cap50/apex_hot_runs/survival_utility_controller_v4_balanced__k1_to_16,survival_utility_controller_v4_balanced__k1_to_16,survival_utility_controller_v4_balanced,k1_to_16
slow_fast,eagle3,2,157,results/apexp_block/config_large_500/evaluation/paper_cap50/apex_hot_runs/survival_utility_controller_v4_balanced__k1_to_16,survival_utility_controller_v4_balanced__k1_to_16,survival_utility_controller_v4_balanced,k1_to_16
slow_fast,eagle3,3,9092,results/apexp_block/config_large_500/evaluation/paper_cap50/apex_hot_runs/survival_utility_controller_v4_balanced__k1_to_16,survival_utility_controller_v4_balanced__k1_to_16,survival_utility_controller_v4_balanced,k1_to_16
slow_fast,eagle3,4,4897,results/apexp_block/config_large_500/evaluation/paper_cap50/apex_hot_runs/survival_utility_controller_v4_balanced__k1_to_16,survival_utility_controller_v4_balanced__k1_to_16,survival_utility_controller_v4_balanced,k1_to_16
slow_fast,eagle3,5,1021,results/apexp_block/config_large_500/evaluation/paper_cap50/apex_hot_runs/survival_utility_controller_v4_balanced__k1_to_16,survival_utility_controller_v4_balanced__k1_to_16,survival_utility_controller_v4_balanced,k1_to_16
slow_fast,eagle3,6,3,results/apexp_block/config_large_500/evaluation/paper_cap50/apex_hot_runs/survival_utility_controller_v4_balanced__k1_to_16,survival_utility_controller_v4_balanced__k1_to_16,survival_utility_controller_v4_balanced,k1_to_16
slow_fast,eagle3,7,3,results/apexp_block/config_large_500/evaluation/paper_cap50/apex_hot_runs/survival_utility_controller_v4_balanced__k1_to_16,survival_utility_controller_v4_balanced__k1_to_16,survival_utility_controller_v4_balanced,k1_to_16
slow_fast,eagle3,8,6,results/apexp_block/config_large_500/evaluation/paper_cap50/apex_hot_runs/survival_utility_controller_v4_balanced__k1_to_16,survival_utility_controller_v4_balanced__k1_to_16,survival_utility_controller_v4_balanced,k1_to_16
slow_fast,eagle3,10,2,results/apexp_block/config_large_500/evaluation/paper_cap50/apex_hot_runs/survival_utility_controller_v4_balanced__k1_to_16,survival_utility_controller_v4_balanced__k1_to_16,survival_utility_controller_v4_balanced,k1_to_16
slow_fast,eagle3,16,60,results/apexp_block/config_large_500/evaluation/paper_cap50/apex_hot_runs/survival_utility_controller_v4_balanced__k1_to_16,survival_utility_controller_v4_balanced__k1_to_16,survival_utility_controller_v4_balanced,k1_to_16
slow_fast,ngram_sd,1,39,results/apexp_block/config_large_500/evaluation/paper_cap50/apex_hot_runs/survival_utility_controller_v4_balanced__k1_to_16,survival_utility_controller_v4_balanced__k1_to_16,survival_utility_controller_v4_balanced,k1_to_16
slow_fast,ngram_sd,2,115,results/apexp_block/config_large_500/evaluation/paper_cap50/apex_hot_runs/survival_utility_controller_v4_balanced__k1_to_16,survival_utility_controller_v4_balanced__k1_to_16,survival_utility_controller_v4_balanced,k1_to_16
slow_fast,ngram_sd,3,102,results/apexp_block/config_large_500/evaluation/paper_cap50/apex_hot_runs/survival_utility_controller_v4_balanced__k1_to_16,survival_utility_controller_v4_balanced__k1_to_16,survival_utility_controller_v4_balanced,k1_to_16
slow_fast,ngram_sd,4,153,results/apexp_block/config_large_500/evaluation/paper_cap50/apex_hot_runs/survival_utility_controller_v4_balanced__k1_to_16,survival_utility_controller_v4_balanced__k1_to_16,survival_utility_controller_v4_balanced,k1_to_16
slow_fast,ngram_sd,5,173,results/apexp_block/config_large_500/evaluation/paper_cap50/apex_hot_runs/survival_utility_controller_v4_balanced__k1_to_16,survival_utility_controller_v4_balanced__k1_to_16,survival_utility_controller_v4_balanced,k1_to_16
slow_fast,ngram_sd,6,227,results/apexp_block/config_large_500/evaluation/paper_cap50/apex_hot_runs/survival_utility_controller_v4_balanced__k1_to_16,survival_utility_controller_v4_balanced__k1_to_16,survival_utility_controller_v4_balanced,k1_to_16
slow_fast,ngram_sd,7,389,results/apexp_block/config_large_500/evaluation/paper_cap50/apex_hot_runs/survival_utility_controller_v4_balanced__k1_to_16,survival_utility_controller_v4_balanced__k1_to_16,survival_utility_controller_v4_balanced,k1_to_16
slow_fast,ngram_sd,8,1298,results/apexp_block/config_large_500/evaluation/paper_cap50/apex_hot_runs/survival_utility_controller_v4_balanced__k1_to_16,survival_utility_controller_v4_balanced__k1_to_16,survival_utility_controller_v4_balanced,k1_to_16
slow_fast,ngram_sd,9,2861,results/apexp_block/config_large_500/evaluation/paper_cap50/apex_hot_runs/survival_utility_controller_v4_balanced__k1_to_16,survival_utility_controller_v4_balanced__k1_to_16,survival_utility_controller_v4_balanced,k1_to_16
slow_fast,ngram_sd,10,5937,results/apexp_block/config_large_500/evaluation/paper_cap50/apex_hot_runs/survival_utility_controller_v4_balanced__k1_to_16,survival_utility_controller_v4_balanced__k1_to_16,survival_utility_controller_v4_balanced,k1_to_16
slow_fast,ngram_sd,11,10404,results/apexp_block/config_large_500/evaluation/paper_cap50/apex_hot_runs/survival_utility_controller_v4_balanced__k1_to_16,survival_utility_controller_v4_balanced__k1_to_16,survival_utility_controller_v4_balanced,k1_to_16
slow_fast,ngram_sd,12,15594,results/apexp_block/config_large_500/evaluation/paper_cap50/apex_hot_runs/survival_utility_controller_v4_balanced__k1_to_16,survival_utility_controller_v4_balanced__k1_to_16,survival_utility_controller_v4_balanced,k1_to_16
slow_fast,ngram_sd,13,15945,results/apexp_block/config_large_500/evaluation/paper_cap50/apex_hot_runs/survival_utility_controller_v4_balanced__k1_to_16,survival_utility_controller_v4_balanced__k1_to_16,survival_utility_controller_v4_balanced,k1_to_16
slow_fast,ngram_sd,14,10366,results/apexp_block/config_large_500/evaluation/paper_cap50/apex_hot_runs/survival_utility_controller_v4_balanced__k1_to_16,survival_utility_controller_v4_balanced__k1_to_16,survival_utility_controller_v4_balanced,k1_to_16
slow_fast,ngram_sd,15,6729,results/apexp_block/config_large_500/evaluation/paper_cap50/apex_hot_runs/survival_utility_controller_v4_balanced__k1_to_16,survival_utility_controller_v4_balanced__k1_to_16,survival_utility_controller_v4_balanced,k1_to_16
slow_fast,ngram_sd,16,24132,results/apexp_block/config_large_500/evaluation/paper_cap50/apex_hot_runs/survival_utility_controller_v4_balanced__k1_to_16,survival_utility_controller_v4_balanced__k1_to_16,survival_utility_controller_v4_balanced,k1_to_16
slow_only,eagle3,2,2848,results/apexp_block/config_large_500/evaluation/paper_cap50/apex_hot_runs/survival_utility_controller_v4_balanced__k1_to_16,survival_utility_controller_v4_balanced__k1_to_16,survival_utility_controller_v4_balanced,k1_to_16
slow_only,eagle3,4,1863,results/apexp_block/config_large_500/evaluation/paper_cap50/apex_hot_runs/survival_utility_controller_v4_balanced__k1_to_16,survival_utility_controller_v4_balanced__k1_to_16,survival_utility_controller_v4_balanced,k1_to_16
slow_only,eagle3,8,984,results/apexp_block/config_large_500/evaluation/paper_cap50/apex_hot_runs/survival_utility_controller_v4_balanced__k1_to_16,survival_utility_controller_v4_balanced__k1_to_16,survival_utility_controller_v4_balanced,k1_to_16
slow_only,eagle3,16,9569,results/apexp_block/config_large_500/evaluation/paper_cap50/apex_hot_runs/survival_utility_controller_v4_balanced__k1_to_16,survival_utility_controller_v4_balanced__k1_to_16,survival_utility_controller_v4_balanced,k1_to_16
slow_only,ngram_sd,1,38,results/apexp_block/config_large_500/evaluation/paper_cap50/apex_hot_runs/survival_utility_controller_v4_balanced__k1_to_16,survival_utility_controller_v4_balanced__k1_to_16,survival_utility_controller_v4_balanced,k1_to_16
slow_only,ngram_sd,2,1577,results/apexp_block/config_large_500/evaluation/paper_cap50/apex_hot_runs/survival_utility_controller_v4_balanced__k1_to_16,survival_utility_controller_v4_balanced__k1_to_16,survival_utility_controller_v4_balanced,k1_to_16
slow_only,ngram_sd,3,96,results/apexp_block/config_large_500/evaluation/paper_cap50/apex_hot_runs/survival_utility_controller_v4_balanced__k1_to_16,survival_utility_controller_v4_balanced__k1_to_16,survival_utility_controller_v4_balanced,k1_to_16
slow_only,ngram_sd,4,1229,results/apexp_block/config_large_500/evaluation/paper_cap50/apex_hot_runs/survival_utility_controller_v4_balanced__k1_to_16,survival_utility_controller_v4_balanced__k1_to_16,survival_utility_controller_v4_balanced,k1_to_16
slow_only,ngram_sd,5,135,results/apexp_block/config_large_500/evaluation/paper_cap50/apex_hot_runs/survival_utility_controller_v4_balanced__k1_to_16,survival_utility_controller_v4_balanced__k1_to_16,survival_utility_controller_v4_balanced,k1_to_16
slow_only,ngram_sd,6,183,results/apexp_block/config_large_500/evaluation/paper_cap50/apex_hot_runs/survival_utility_controller_v4_balanced__k1_to_16,survival_utility_controller_v4_balanced__k1_to_16,survival_utility_controller_v4_balanced,k1_to_16
slow_only,ngram_sd,7,186,results/apexp_block/config_large_500/evaluation/paper_cap50/apex_hot_runs/survival_utility_controller_v4_balanced__k1_to_16,survival_utility_controller_v4_balanced__k1_to_16,survival_utility_controller_v4_balanced,k1_to_16
slow_only,ngram_sd,8,1268,results/apexp_block/config_large_500/evaluation/paper_cap50/apex_hot_runs/survival_utility_controller_v4_balanced__k1_to_16,survival_utility_controller_v4_balanced__k1_to_16,survival_utility_controller_v4_balanced,k1_to_16
slow_only,ngram_sd,9,193,results/apexp_block/config_large_500/evaluation/paper_cap50/apex_hot_runs/survival_utility_controller_v4_balanced__k1_to_16,survival_utility_controller_v4_balanced__k1_to_16,survival_utility_controller_v4_balanced,k1_to_16
slow_only,ngram_sd,10,233,results/apexp_block/config_large_500/evaluation/paper_cap50/apex_hot_runs/survival_utility_controller_v4_balanced__k1_to_16,survival_utility_controller_v4_balanced__k1_to_16,survival_utility_controller_v4_balanced,k1_to_16
slow_only,ngram_sd,11,204,results/apexp_block/config_large_500/evaluation/paper_cap50/apex_hot_runs/survival_utility_controller_v4_balanced__k1_to_16,survival_utility_controller_v4_balanced__k1_to_16,survival_utility_controller_v4_balanced,k1_to_16
slow_only,ngram_sd,12,243,results/apexp_block/config_large_500/evaluation/paper_cap50/apex_hot_runs/survival_utility_controller_v4_balanced__k1_to_16,survival_utility_controller_v4_balanced__k1_to_16,survival_utility_controller_v4_balanced,k1_to_16
slow_only,ngram_sd,13,200,results/apexp_block/config_large_500/evaluation/paper_cap50/apex_hot_runs/survival_utility_controller_v4_balanced__k1_to_16,survival_utility_controller_v4_balanced__k1_to_16,survival_utility_controller_v4_balanced,k1_to_16
slow_only,ngram_sd,14,219,results/apexp_block/config_large_500/evaluation/paper_cap50/apex_hot_runs/survival_utility_controller_v4_balanced__k1_to_16,survival_utility_controller_v4_balanced__k1_to_16,survival_utility_controller_v4_balanced,k1_to_16
slow_only,ngram_sd,15,196,results/apexp_block/config_large_500/evaluation/paper_cap50/apex_hot_runs/survival_utility_controller_v4_balanced__k1_to_16,survival_utility_controller_v4_balanced__k1_to_16,survival_utility_controller_v4_balanced,k1_to_16
slow_only,ngram_sd,16,88386,results/apexp_block/config_large_500/evaluation/paper_cap50/apex_hot_runs/survival_utility_controller_v4_balanced__k1_to_16,survival_utility_controller_v4_balanced__k1_to_16,survival_utility_controller_v4_balanced,k1_to_16
slow_fast,eagle3,2,3143,results/apexp_block/config_large_500/evaluation/paper_cap50/apex_hot_runs/survival_utility_controller_v4_balanced__k2_4_6_8,survival_utility_controller_v4_balanced__k2_4_6_8,survival_utility_controller_v4_balanced,k2_4_6_8
slow_fast,eagle3,4,11651,results/apexp_block/config_large_500/evaluation/paper_cap50/apex_hot_runs/survival_utility_controller_v4_balanced__k2_4_6_8,survival_utility_controller_v4_balanced__k2_4_6_8,survival_utility_controller_v4_balanced,k2_4_6_8
slow_fast,eagle3,6,401,results/apexp_block/config_large_500/evaluation/paper_cap50/apex_hot_runs/survival_utility_controller_v4_balanced__k2_4_6_8,survival_utility_controller_v4_balanced__k2_4_6_8,survival_utility_controller_v4_balanced,k2_4_6_8
slow_fast,eagle3,8,71,results/apexp_block/config_large_500/evaluation/paper_cap50/apex_hot_runs/survival_utility_controller_v4_balanced__k2_4_6_8,survival_utility_controller_v4_balanced__k2_4_6_8,survival_utility_controller_v4_balanced,k2_4_6_8
slow_fast,ngram_sd,1,38,results/apexp_block/config_large_500/evaluation/paper_cap50/apex_hot_runs/survival_utility_controller_v4_balanced__k2_4_6_8,survival_utility_controller_v4_balanced__k2_4_6_8,survival_utility_controller_v4_balanced,k2_4_6_8
slow_fast,ngram_sd,2,117,results/apexp_block/config_large_500/evaluation/paper_cap50/apex_hot_runs/survival_utility_controller_v4_balanced__k2_4_6_8,survival_utility_controller_v4_balanced__k2_4_6_8,survival_utility_controller_v4_balanced,k2_4_6_8
slow_fast,ngram_sd,3,96,results/apexp_block/config_large_500/evaluation/paper_cap50/apex_hot_runs/survival_utility_controller_v4_balanced__k2_4_6_8,survival_utility_controller_v4_balanced__k2_4_6_8,survival_utility_controller_v4_balanced,k2_4_6_8
slow_fast,ngram_sd,4,157,results/apexp_block/config_large_500/evaluation/paper_cap50/apex_hot_runs/survival_utility_controller_v4_balanced__k2_4_6_8,survival_utility_controller_v4_balanced__k2_4_6_8,survival_utility_controller_v4_balanced,k2_4_6_8
slow_fast,ngram_sd,5,140,results/apexp_block/config_large_500/evaluation/paper_cap50/apex_hot_runs/survival_utility_controller_v4_balanced__k2_4_6_8,survival_utility_controller_v4_balanced__k2_4_6_8,survival_utility_controller_v4_balanced,k2_4_6_8
slow_fast,ngram_sd,6,199,results/apexp_block/config_large_500/evaluation/paper_cap50/apex_hot_runs/survival_utility_controller_v4_balanced__k2_4_6_8,survival_utility_controller_v4_balanced__k2_4_6_8,survival_utility_controller_v4_balanced,k2_4_6_8
slow_fast,ngram_sd,7,188,results/apexp_block/config_large_500/evaluation/paper_cap50/apex_hot_runs/survival_utility_controller_v4_balanced__k2_4_6_8,survival_utility_controller_v4_balanced__k2_4_6_8,survival_utility_controller_v4_balanced,k2_4_6_8
slow_fast,ngram_sd,8,101626,results/apexp_block/config_large_500/evaluation/paper_cap50/apex_hot_runs/survival_utility_controller_v4_balanced__k2_4_6_8,survival_utility_controller_v4_balanced__k2_4_6_8,survival_utility_controller_v4_balanced,k2_4_6_8
slow_only,eagle3,2,2848,results/apexp_block/config_large_500/evaluation/paper_cap50/apex_hot_runs/survival_utility_controller_v4_balanced__k2_4_6_8,survival_utility_controller_v4_balanced__k2_4_6_8,survival_utility_controller_v4_balanced,k2_4_6_8
slow_only,eagle3,4,1863,results/apexp_block/config_large_500/evaluation/paper_cap50/apex_hot_runs/survival_utility_controller_v4_balanced__k2_4_6_8,survival_utility_controller_v4_balanced__k2_4_6_8,survival_utility_controller_v4_balanced,k2_4_6_8
slow_only,eagle3,8,984,results/apexp_block/config_large_500/evaluation/paper_cap50/apex_hot_runs/survival_utility_controller_v4_balanced__k2_4_6_8,survival_utility_controller_v4_balanced__k2_4_6_8,survival_utility_controller_v4_balanced,k2_4_6_8
slow_only,eagle3,16,9569,results/apexp_block/config_large_500/evaluation/paper_cap50/apex_hot_runs/survival_utility_controller_v4_balanced__k2_4_6_8,survival_utility_controller_v4_balanced__k2_4_6_8,survival_utility_controller_v4_balanced,k2_4_6_8
slow_only,ngram_sd,1,38,results/apexp_block/config_large_500/evaluation/paper_cap50/apex_hot_runs/survival_utility_controller_v4_balanced__k2_4_6_8,survival_utility_controller_v4_balanced__k2_4_6_8,survival_utility_controller_v4_balanced,k2_4_6_8
slow_only,ngram_sd,2,1577,results/apexp_block/config_large_500/evaluation/paper_cap50/apex_hot_runs/survival_utility_controller_v4_balanced__k2_4_6_8,survival_utility_controller_v4_balanced__k2_4_6_8,survival_utility_controller_v4_balanced,k2_4_6_8
slow_only,ngram_sd,3,96,results/apexp_block/config_large_500/evaluation/paper_cap50/apex_hot_runs/survival_utility_controller_v4_balanced__k2_4_6_8,survival_utility_controller_v4_balanced__k2_4_6_8,survival_utility_controller_v4_balanced,k2_4_6_8
slow_only,ngram_sd,4,1229,results/apexp_block/config_large_500/evaluation/paper_cap50/apex_hot_runs/survival_utility_controller_v4_balanced__k2_4_6_8,survival_utility_controller_v4_balanced__k2_4_6_8,survival_utility_controller_v4_balanced,k2_4_6_8
slow_only,ngram_sd,5,135,results/apexp_block/config_large_500/evaluation/paper_cap50/apex_hot_runs/survival_utility_controller_v4_balanced__k2_4_6_8,survival_utility_controller_v4_balanced__k2_4_6_8,survival_utility_controller_v4_balanced,k2_4_6_8
slow_only,ngram_sd,6,183,results/apexp_block/config_large_500/evaluation/paper_cap50/apex_hot_runs/survival_utility_controller_v4_balanced__k2_4_6_8,survival_utility_controller_v4_balanced__k2_4_6_8,survival_utility_controller_v4_balanced,k2_4_6_8
slow_only,ngram_sd,7,186,results/apexp_block/config_large_500/evaluation/paper_cap50/apex_hot_runs/survival_utility_controller_v4_balanced__k2_4_6_8,survival_utility_controller_v4_balanced__k2_4_6_8,survival_utility_controller_v4_balanced,k2_4_6_8
slow_only,ngram_sd,8,1268,results/apexp_block/config_large_500/evaluation/paper_cap50/apex_hot_runs/survival_utility_controller_v4_balanced__k2_4_6_8,survival_utility_controller_v4_balanced__k2_4_6_8,survival_utility_controller_v4_balanced,k2_4_6_8
slow_only,ngram_sd,9,193,results/apexp_block/config_large_500/evaluation/paper_cap50/apex_hot_runs/survival_utility_controller_v4_balanced__k2_4_6_8,survival_utility_controller_v4_balanced__k2_4_6_8,survival_utility_controller_v4_balanced,k2_4_6_8
slow_only,ngram_sd,10,233,results/apexp_block/config_large_500/evaluation/paper_cap50/apex_hot_runs/survival_utility_controller_v4_balanced__k2_4_6_8,survival_utility_controller_v4_balanced__k2_4_6_8,survival_utility_controller_v4_balanced,k2_4_6_8
slow_only,ngram_sd,11,204,results/apexp_block/config_large_500/evaluation/paper_cap50/apex_hot_runs/survival_utility_controller_v4_balanced__k2_4_6_8,survival_utility_controller_v4_balanced__k2_4_6_8,survival_utility_controller_v4_balanced,k2_4_6_8
slow_only,ngram_sd,12,243,results/apexp_block/config_large_500/evaluation/paper_cap50/apex_hot_runs/survival_utility_controller_v4_balanced__k2_4_6_8,survival_utility_controller_v4_balanced__k2_4_6_8,survival_utility_controller_v4_balanced,k2_4_6_8
slow_only,ngram_sd,13,200,results/apexp_block/config_large_500/evaluation/paper_cap50/apex_hot_runs/survival_utility_controller_v4_balanced__k2_4_6_8,survival_utility_controller_v4_balanced__k2_4_6_8,survival_utility_controller_v4_balanced,k2_4_6_8
slow_only,ngram_sd,14,219,results/apexp_block/config_large_500/evaluation/paper_cap50/apex_hot_runs/survival_utility_controller_v4_balanced__k2_4_6_8,survival_utility_controller_v4_balanced__k2_4_6_8,survival_utility_controller_v4_balanced,k2_4_6_8
slow_only,ngram_sd,15,196,results/apexp_block/config_large_500/evaluation/paper_cap50/apex_hot_runs/survival_utility_controller_v4_balanced__k2_4_6_8,survival_utility_controller_v4_balanced__k2_4_6_8,survival_utility_controller_v4_balanced,k2_4_6_8
slow_only,ngram_sd,16,88386,results/apexp_block/config_large_500/evaluation/paper_cap50/apex_hot_runs/survival_utility_controller_v4_balanced__k2_4_6_8,survival_utility_controller_v4_balanced__k2_4_6_8,survival_utility_controller_v4_balanced,k2_4_6_8
slow_fast,eagle3,1,109,results/apexp_block/config_large_500/evaluation/paper_cap50/apex_hot_runs/survival_utility_controller_v4_efficient__k1_2_4_6_8_10_12_14_16,survival_utility_controller_v4_efficient__k1_2_4_6_8_10_12_14_16,survival_utility_controller_v4_efficient,k1_2_4_6_8_10_12_14_16
slow_fast,eagle3,2,15086,results/apexp_block/config_large_500/evaluation/paper_cap50/apex_hot_runs/survival_utility_controller_v4_efficient__k1_2_4_6_8_10_12_14_16,survival_utility_controller_v4_efficient__k1_2_4_6_8_10_12_14_16,survival_utility_controller_v4_efficient,k1_2_4_6_8_10_12_14_16
slow_fast,eagle3,4,13,results/apexp_block/config_large_500/evaluation/paper_cap50/apex_hot_runs/survival_utility_controller_v4_efficient__k1_2_4_6_8_10_12_14_16,survival_utility_controller_v4_efficient__k1_2_4_6_8_10_12_14_16,survival_utility_controller_v4_efficient,k1_2_4_6_8_10_12_14_16
slow_fast,eagle3,8,6,results/apexp_block/config_large_500/evaluation/paper_cap50/apex_hot_runs/survival_utility_controller_v4_efficient__k1_2_4_6_8_10_12_14_16,survival_utility_controller_v4_efficient__k1_2_4_6_8_10_12_14_16,survival_utility_controller_v4_efficient,k1_2_4_6_8_10_12_14_16
slow_fast,eagle3,16,60,results/apexp_block/config_large_500/evaluation/paper_cap50/apex_hot_runs/survival_utility_controller_v4_efficient__k1_2_4_6_8_10_12_14_16,survival_utility_controller_v4_efficient__k1_2_4_6_8_10_12_14_16,survival_utility_controller_v4_efficient,k1_2_4_6_8_10_12_14_16
slow_fast,ngram_sd,1,38,results/apexp_block/config_large_500/evaluation/paper_cap50/apex_hot_runs/survival_utility_controller_v4_efficient__k1_2_4_6_8_10_12_14_16,survival_utility_controller_v4_efficient__k1_2_4_6_8_10_12_14_16,survival_utility_controller_v4_efficient,k1_2_4_6_8_10_12_14_16
slow_fast,ngram_sd,2,569,results/apexp_block/config_large_500/evaluation/paper_cap50/apex_hot_runs/survival_utility_controller_v4_efficient__k1_2_4_6_8_10_12_14_16,survival_utility_controller_v4_efficient__k1_2_4_6_8_10_12_14_16,survival_utility_controller_v4_efficient,k1_2_4_6_8_10_12_14_16
slow_fast,ngram_sd,3,95,results/apexp_block/config_large_500/evaluation/paper_cap50/apex_hot_runs/survival_utility_controller_v4_efficient__k1_2_4_6_8_10_12_14_16,survival_utility_controller_v4_efficient__k1_2_4_6_8_10_12_14_16,survival_utility_controller_v4_efficient,k1_2_4_6_8_10_12_14_16
slow_fast,ngram_sd,4,8165,results/apexp_block/config_large_500/evaluation/paper_cap50/apex_hot_runs/survival_utility_controller_v4_efficient__k1_2_4_6_8_10_12_14_16,survival_utility_controller_v4_efficient__k1_2_4_6_8_10_12_14_16,survival_utility_controller_v4_efficient,k1_2_4_6_8_10_12_14_16
slow_fast,ngram_sd,5,138,results/apexp_block/config_large_500/evaluation/paper_cap50/apex_hot_runs/survival_utility_controller_v4_efficient__k1_2_4_6_8_10_12_14_16,survival_utility_controller_v4_efficient__k1_2_4_6_8_10_12_14_16,survival_utility_controller_v4_efficient,k1_2_4_6_8_10_12_14_16
slow_fast,ngram_sd,6,16329,results/apexp_block/config_large_500/evaluation/paper_cap50/apex_hot_runs/survival_utility_controller_v4_efficient__k1_2_4_6_8_10_12_14_16,survival_utility_controller_v4_efficient__k1_2_4_6_8_10_12_14_16,survival_utility_controller_v4_efficient,k1_2_4_6_8_10_12_14_16
slow_fast,ngram_sd,7,162,results/apexp_block/config_large_500/evaluation/paper_cap50/apex_hot_runs/survival_utility_controller_v4_efficient__k1_2_4_6_8_10_12_14_16,survival_utility_controller_v4_efficient__k1_2_4_6_8_10_12_14_16,survival_utility_controller_v4_efficient,k1_2_4_6_8_10_12_14_16
slow_fast,ngram_sd,8,26382,results/apexp_block/config_large_500/evaluation/paper_cap50/apex_hot_runs/survival_utility_controller_v4_efficient__k1_2_4_6_8_10_12_14_16,survival_utility_controller_v4_efficient__k1_2_4_6_8_10_12_14_16,survival_utility_controller_v4_efficient,k1_2_4_6_8_10_12_14_16
slow_fast,ngram_sd,9,108,results/apexp_block/config_large_500/evaluation/paper_cap50/apex_hot_runs/survival_utility_controller_v4_efficient__k1_2_4_6_8_10_12_14_16,survival_utility_controller_v4_efficient__k1_2_4_6_8_10_12_14_16,survival_utility_controller_v4_efficient,k1_2_4_6_8_10_12_14_16
slow_fast,ngram_sd,10,25406,results/apexp_block/config_large_500/evaluation/paper_cap50/apex_hot_runs/survival_utility_controller_v4_efficient__k1_2_4_6_8_10_12_14_16,survival_utility_controller_v4_efficient__k1_2_4_6_8_10_12_14_16,survival_utility_controller_v4_efficient,k1_2_4_6_8_10_12_14_16
slow_fast,ngram_sd,11,45,results/apexp_block/config_large_500/evaluation/paper_cap50/apex_hot_runs/survival_utility_controller_v4_efficient__k1_2_4_6_8_10_12_14_16,survival_utility_controller_v4_efficient__k1_2_4_6_8_10_12_14_16,survival_utility_controller_v4_efficient,k1_2_4_6_8_10_12_14_16
slow_fast,ngram_sd,12,9424,results/apexp_block/config_large_500/evaluation/paper_cap50/apex_hot_runs/survival_utility_controller_v4_efficient__k1_2_4_6_8_10_12_14_16,survival_utility_controller_v4_efficient__k1_2_4_6_8_10_12_14_16,survival_utility_controller_v4_efficient,k1_2_4_6_8_10_12_14_16
slow_fast,ngram_sd,13,25,results/apexp_block/config_large_500/evaluation/paper_cap50/apex_hot_runs/survival_utility_controller_v4_efficient__k1_2_4_6_8_10_12_14_16,survival_utility_controller_v4_efficient__k1_2_4_6_8_10_12_14_16,survival_utility_controller_v4_efficient,k1_2_4_6_8_10_12_14_16
slow_fast,ngram_sd,14,3951,results/apexp_block/config_large_500/evaluation/paper_cap50/apex_hot_runs/survival_utility_controller_v4_efficient__k1_2_4_6_8_10_12_14_16,survival_utility_controller_v4_efficient__k1_2_4_6_8_10_12_14_16,survival_utility_controller_v4_efficient,k1_2_4_6_8_10_12_14_16
slow_fast,ngram_sd,15,15,results/apexp_block/config_large_500/evaluation/paper_cap50/apex_hot_runs/survival_utility_controller_v4_efficient__k1_2_4_6_8_10_12_14_16,survival_utility_controller_v4_efficient__k1_2_4_6_8_10_12_14_16,survival_utility_controller_v4_efficient,k1_2_4_6_8_10_12_14_16
slow_fast,ngram_sd,16,7636,results/apexp_block/config_large_500/evaluation/paper_cap50/apex_hot_runs/survival_utility_controller_v4_efficient__k1_2_4_6_8_10_12_14_16,survival_utility_controller_v4_efficient__k1_2_4_6_8_10_12_14_16,survival_utility_controller_v4_efficient,k1_2_4_6_8_10_12_14_16
slow_only,eagle3,2,2848,results/apexp_block/config_large_500/evaluation/paper_cap50/apex_hot_runs/survival_utility_controller_v4_efficient__k1_2_4_6_8_10_12_14_16,survival_utility_controller_v4_efficient__k1_2_4_6_8_10_12_14_16,survival_utility_controller_v4_efficient,k1_2_4_6_8_10_12_14_16
slow_only,eagle3,4,1863,results/apexp_block/config_large_500/evaluation/paper_cap50/apex_hot_runs/survival_utility_controller_v4_efficient__k1_2_4_6_8_10_12_14_16,survival_utility_controller_v4_efficient__k1_2_4_6_8_10_12_14_16,survival_utility_controller_v4_efficient,k1_2_4_6_8_10_12_14_16
slow_only,eagle3,8,984,results/apexp_block/config_large_500/evaluation/paper_cap50/apex_hot_runs/survival_utility_controller_v4_efficient__k1_2_4_6_8_10_12_14_16,survival_utility_controller_v4_efficient__k1_2_4_6_8_10_12_14_16,survival_utility_controller_v4_efficient,k1_2_4_6_8_10_12_14_16
slow_only,eagle3,16,9569,results/apexp_block/config_large_500/evaluation/paper_cap50/apex_hot_runs/survival_utility_controller_v4_efficient__k1_2_4_6_8_10_12_14_16,survival_utility_controller_v4_efficient__k1_2_4_6_8_10_12_14_16,survival_utility_controller_v4_efficient,k1_2_4_6_8_10_12_14_16
slow_only,ngram_sd,1,38,results/apexp_block/config_large_500/evaluation/paper_cap50/apex_hot_runs/survival_utility_controller_v4_efficient__k1_2_4_6_8_10_12_14_16,survival_utility_controller_v4_efficient__k1_2_4_6_8_10_12_14_16,survival_utility_controller_v4_efficient,k1_2_4_6_8_10_12_14_16
slow_only,ngram_sd,2,1577,results/apexp_block/config_large_500/evaluation/paper_cap50/apex_hot_runs/survival_utility_controller_v4_efficient__k1_2_4_6_8_10_12_14_16,survival_utility_controller_v4_efficient__k1_2_4_6_8_10_12_14_16,survival_utility_controller_v4_efficient,k1_2_4_6_8_10_12_14_16
slow_only,ngram_sd,3,96,results/apexp_block/config_large_500/evaluation/paper_cap50/apex_hot_runs/survival_utility_controller_v4_efficient__k1_2_4_6_8_10_12_14_16,survival_utility_controller_v4_efficient__k1_2_4_6_8_10_12_14_16,survival_utility_controller_v4_efficient,k1_2_4_6_8_10_12_14_16
slow_only,ngram_sd,4,1229,results/apexp_block/config_large_500/evaluation/paper_cap50/apex_hot_runs/survival_utility_controller_v4_efficient__k1_2_4_6_8_10_12_14_16,survival_utility_controller_v4_efficient__k1_2_4_6_8_10_12_14_16,survival_utility_controller_v4_efficient,k1_2_4_6_8_10_12_14_16
slow_only,ngram_sd,5,135,results/apexp_block/config_large_500/evaluation/paper_cap50/apex_hot_runs/survival_utility_controller_v4_efficient__k1_2_4_6_8_10_12_14_16,survival_utility_controller_v4_efficient__k1_2_4_6_8_10_12_14_16,survival_utility_controller_v4_efficient,k1_2_4_6_8_10_12_14_16
slow_only,ngram_sd,6,183,results/apexp_block/config_large_500/evaluation/paper_cap50/apex_hot_runs/survival_utility_controller_v4_efficient__k1_2_4_6_8_10_12_14_16,survival_utility_controller_v4_efficient__k1_2_4_6_8_10_12_14_16,survival_utility_controller_v4_efficient,k1_2_4_6_8_10_12_14_16
slow_only,ngram_sd,7,186,results/apexp_block/config_large_500/evaluation/paper_cap50/apex_hot_runs/survival_utility_controller_v4_efficient__k1_2_4_6_8_10_12_14_16,survival_utility_controller_v4_efficient__k1_2_4_6_8_10_12_14_16,survival_utility_controller_v4_efficient,k1_2_4_6_8_10_12_14_16
slow_only,ngram_sd,8,1268,results/apexp_block/config_large_500/evaluation/paper_cap50/apex_hot_runs/survival_utility_controller_v4_efficient__k1_2_4_6_8_10_12_14_16,survival_utility_controller_v4_efficient__k1_2_4_6_8_10_12_14_16,survival_utility_controller_v4_efficient,k1_2_4_6_8_10_12_14_16
slow_only,ngram_sd,9,193,results/apexp_block/config_large_500/evaluation/paper_cap50/apex_hot_runs/survival_utility_controller_v4_efficient__k1_2_4_6_8_10_12_14_16,survival_utility_controller_v4_efficient__k1_2_4_6_8_10_12_14_16,survival_utility_controller_v4_efficient,k1_2_4_6_8_10_12_14_16
slow_only,ngram_sd,10,233,results/apexp_block/config_large_500/evaluation/paper_cap50/apex_hot_runs/survival_utility_controller_v4_efficient__k1_2_4_6_8_10_12_14_16,survival_utility_controller_v4_efficient__k1_2_4_6_8_10_12_14_16,survival_utility_controller_v4_efficient,k1_2_4_6_8_10_12_14_16
slow_only,ngram_sd,11,204,results/apexp_block/config_large_500/evaluation/paper_cap50/apex_hot_runs/survival_utility_controller_v4_efficient__k1_2_4_6_8_10_12_14_16,survival_utility_controller_v4_efficient__k1_2_4_6_8_10_12_14_16,survival_utility_controller_v4_efficient,k1_2_4_6_8_10_12_14_16
slow_only,ngram_sd,12,243,results/apexp_block/config_large_500/evaluation/paper_cap50/apex_hot_runs/survival_utility_controller_v4_efficient__k1_2_4_6_8_10_12_14_16,survival_utility_controller_v4_efficient__k1_2_4_6_8_10_12_14_16,survival_utility_controller_v4_efficient,k1_2_4_6_8_10_12_14_16
slow_only,ngram_sd,13,200,results/apexp_block/config_large_500/evaluation/paper_cap50/apex_hot_runs/survival_utility_controller_v4_efficient__k1_2_4_6_8_10_12_14_16,survival_utility_controller_v4_efficient__k1_2_4_6_8_10_12_14_16,survival_utility_controller_v4_efficient,k1_2_4_6_8_10_12_14_16
slow_only,ngram_sd,14,219,results/apexp_block/config_large_500/evaluation/paper_cap50/apex_hot_runs/survival_utility_controller_v4_efficient__k1_2_4_6_8_10_12_14_16,survival_utility_controller_v4_efficient__k1_2_4_6_8_10_12_14_16,survival_utility_controller_v4_efficient,k1_2_4_6_8_10_12_14_16
slow_only,ngram_sd,15,196,results/apexp_block/config_large_500/evaluation/paper_cap50/apex_hot_runs/survival_utility_controller_v4_efficient__k1_2_4_6_8_10_12_14_16,survival_utility_controller_v4_efficient__k1_2_4_6_8_10_12_14_16,survival_utility_controller_v4_efficient,k1_2_4_6_8_10_12_14_16
slow_only,ngram_sd,16,88386,results/apexp_block/config_large_500/evaluation/paper_cap50/apex_hot_runs/survival_utility_controller_v4_efficient__k1_2_4_6_8_10_12_14_16,survival_utility_controller_v4_efficient__k1_2_4_6_8_10_12_14_16,survival_utility_controller_v4_efficient,k1_2_4_6_8_10_12_14_16
slow_fast,eagle3,1,109,results/apexp_block/config_large_500/evaluation/paper_cap50/apex_hot_runs/survival_utility_controller_v4_efficient__k1_2_4_8_16,survival_utility_controller_v4_efficient__k1_2_4_8_16,survival_utility_controller_v4_efficient,k1_2_4_8_16
slow_fast,eagle3,2,15086,results/apexp_block/config_large_500/evaluation/paper_cap50/apex_hot_runs/survival_utility_controller_v4_efficient__k1_2_4_8_16,survival_utility_controller_v4_efficient__k1_2_4_8_16,survival_utility_controller_v4_efficient,k1_2_4_8_16
slow_fast,eagle3,4,13,results/apexp_block/config_large_500/evaluation/paper_cap50/apex_hot_runs/survival_utility_controller_v4_efficient__k1_2_4_8_16,survival_utility_controller_v4_efficient__k1_2_4_8_16,survival_utility_controller_v4_efficient,k1_2_4_8_16
slow_fast,eagle3,8,6,results/apexp_block/config_large_500/evaluation/paper_cap50/apex_hot_runs/survival_utility_controller_v4_efficient__k1_2_4_8_16,survival_utility_controller_v4_efficient__k1_2_4_8_16,survival_utility_controller_v4_efficient,k1_2_4_8_16
slow_fast,eagle3,16,60,results/apexp_block/config_large_500/evaluation/paper_cap50/apex_hot_runs/survival_utility_controller_v4_efficient__k1_2_4_8_16,survival_utility_controller_v4_efficient__k1_2_4_8_16,survival_utility_controller_v4_efficient,k1_2_4_8_16
slow_fast,ngram_sd,1,38,results/apexp_block/config_large_500/evaluation/paper_cap50/apex_hot_runs/survival_utility_controller_v4_efficient__k1_2_4_8_16,survival_utility_controller_v4_efficient__k1_2_4_8_16,survival_utility_controller_v4_efficient,k1_2_4_8_16
slow_fast,ngram_sd,2,602,results/apexp_block/config_large_500/evaluation/paper_cap50/apex_hot_runs/survival_utility_controller_v4_efficient__k1_2_4_8_16,survival_utility_controller_v4_efficient__k1_2_4_8_16,survival_utility_controller_v4_efficient,k1_2_4_8_16
slow_fast,ngram_sd,3,96,results/apexp_block/config_large_500/evaluation/paper_cap50/apex_hot_runs/survival_utility_controller_v4_efficient__k1_2_4_8_16,survival_utility_controller_v4_efficient__k1_2_4_8_16,survival_utility_controller_v4_efficient,k1_2_4_8_16
slow_fast,ngram_sd,4,13863,results/apexp_block/config_large_500/evaluation/paper_cap50/apex_hot_runs/survival_utility_controller_v4_efficient__k1_2_4_8_16,survival_utility_controller_v4_efficient__k1_2_4_8_16,survival_utility_controller_v4_efficient,k1_2_4_8_16
slow_fast,ngram_sd,5,136,results/apexp_block/config_large_500/evaluation/paper_cap50/apex_hot_runs/survival_utility_controller_v4_efficient__k1_2_4_8_16,survival_utility_controller_v4_efficient__k1_2_4_8_16,survival_utility_controller_v4_efficient,k1_2_4_8_16
slow_fast,ngram_sd,6,179,results/apexp_block/config_large_500/evaluation/paper_cap50/apex_hot_runs/survival_utility_controller_v4_efficient__k1_2_4_8_16,survival_utility_controller_v4_efficient__k1_2_4_8_16,survival_utility_controller_v4_efficient,k1_2_4_8_16
slow_fast,ngram_sd,7,176,results/apexp_block/config_large_500/evaluation/paper_cap50/apex_hot_runs/survival_utility_controller_v4_efficient__k1_2_4_8_16,survival_utility_controller_v4_efficient__k1_2_4_8_16,survival_utility_controller_v4_efficient,k1_2_4_8_16
slow_fast,ngram_sd,8,64681,results/apexp_block/config_large_500/evaluation/paper_cap50/apex_hot_runs/survival_utility_controller_v4_efficient__k1_2_4_8_16,survival_utility_controller_v4_efficient__k1_2_4_8_16,survival_utility_controller_v4_efficient,k1_2_4_8_16
slow_fast,ngram_sd,9,51,results/apexp_block/config_large_500/evaluation/paper_cap50/apex_hot_runs/survival_utility_controller_v4_efficient__k1_2_4_8_16,survival_utility_controller_v4_efficient__k1_2_4_8_16,survival_utility_controller_v4_efficient,k1_2_4_8_16
slow_fast,ngram_sd,10,65,results/apexp_block/config_large_500/evaluation/paper_cap50/apex_hot_runs/survival_utility_controller_v4_efficient__k1_2_4_8_16,survival_utility_controller_v4_efficient__k1_2_4_8_16,survival_utility_controller_v4_efficient,k1_2_4_8_16
slow_fast,ngram_sd,11,33,results/apexp_block/config_large_500/evaluation/paper_cap50/apex_hot_runs/survival_utility_controller_v4_efficient__k1_2_4_8_16,survival_utility_controller_v4_efficient__k1_2_4_8_16,survival_utility_controller_v4_efficient,k1_2_4_8_16
slow_fast,ngram_sd,12,66,results/apexp_block/config_large_500/evaluation/paper_cap50/apex_hot_runs/survival_utility_controller_v4_efficient__k1_2_4_8_16,survival_utility_controller_v4_efficient__k1_2_4_8_16,survival_utility_controller_v4_efficient,k1_2_4_8_16
slow_fast,ngram_sd,13,59,results/apexp_block/config_large_500/evaluation/paper_cap50/apex_hot_runs/survival_utility_controller_v4_efficient__k1_2_4_8_16,survival_utility_controller_v4_efficient__k1_2_4_8_16,survival_utility_controller_v4_efficient,k1_2_4_8_16
slow_fast,ngram_sd,14,46,results/apexp_block/config_large_500/evaluation/paper_cap50/apex_hot_runs/survival_utility_controller_v4_efficient__k1_2_4_8_16,survival_utility_controller_v4_efficient__k1_2_4_8_16,survival_utility_controller_v4_efficient,k1_2_4_8_16
slow_fast,ngram_sd,15,48,results/apexp_block/config_large_500/evaluation/paper_cap50/apex_hot_runs/survival_utility_controller_v4_efficient__k1_2_4_8_16,survival_utility_controller_v4_efficient__k1_2_4_8_16,survival_utility_controller_v4_efficient,k1_2_4_8_16
slow_fast,ngram_sd,16,18404,results/apexp_block/config_large_500/evaluation/paper_cap50/apex_hot_runs/survival_utility_controller_v4_efficient__k1_2_4_8_16,survival_utility_controller_v4_efficient__k1_2_4_8_16,survival_utility_controller_v4_efficient,k1_2_4_8_16
slow_only,eagle3,2,2848,results/apexp_block/config_large_500/evaluation/paper_cap50/apex_hot_runs/survival_utility_controller_v4_efficient__k1_2_4_8_16,survival_utility_controller_v4_efficient__k1_2_4_8_16,survival_utility_controller_v4_efficient,k1_2_4_8_16
slow_only,eagle3,4,1863,results/apexp_block/config_large_500/evaluation/paper_cap50/apex_hot_runs/survival_utility_controller_v4_efficient__k1_2_4_8_16,survival_utility_controller_v4_efficient__k1_2_4_8_16,survival_utility_controller_v4_efficient,k1_2_4_8_16
slow_only,eagle3,8,984,results/apexp_block/config_large_500/evaluation/paper_cap50/apex_hot_runs/survival_utility_controller_v4_efficient__k1_2_4_8_16,survival_utility_controller_v4_efficient__k1_2_4_8_16,survival_utility_controller_v4_efficient,k1_2_4_8_16
slow_only,eagle3,16,9569,results/apexp_block/config_large_500/evaluation/paper_cap50/apex_hot_runs/survival_utility_controller_v4_efficient__k1_2_4_8_16,survival_utility_controller_v4_efficient__k1_2_4_8_16,survival_utility_controller_v4_efficient,k1_2_4_8_16
slow_only,ngram_sd,1,38,results/apexp_block/config_large_500/evaluation/paper_cap50/apex_hot_runs/survival_utility_controller_v4_efficient__k1_2_4_8_16,survival_utility_controller_v4_efficient__k1_2_4_8_16,survival_utility_controller_v4_efficient,k1_2_4_8_16
slow_only,ngram_sd,2,1577,results/apexp_block/config_large_500/evaluation/paper_cap50/apex_hot_runs/survival_utility_controller_v4_efficient__k1_2_4_8_16,survival_utility_controller_v4_efficient__k1_2_4_8_16,survival_utility_controller_v4_efficient,k1_2_4_8_16
slow_only,ngram_sd,3,96,results/apexp_block/config_large_500/evaluation/paper_cap50/apex_hot_runs/survival_utility_controller_v4_efficient__k1_2_4_8_16,survival_utility_controller_v4_efficient__k1_2_4_8_16,survival_utility_controller_v4_efficient,k1_2_4_8_16
slow_only,ngram_sd,4,1229,results/apexp_block/config_large_500/evaluation/paper_cap50/apex_hot_runs/survival_utility_controller_v4_efficient__k1_2_4_8_16,survival_utility_controller_v4_efficient__k1_2_4_8_16,survival_utility_controller_v4_efficient,k1_2_4_8_16
slow_only,ngram_sd,5,135,results/apexp_block/config_large_500/evaluation/paper_cap50/apex_hot_runs/survival_utility_controller_v4_efficient__k1_2_4_8_16,survival_utility_controller_v4_efficient__k1_2_4_8_16,survival_utility_controller_v4_efficient,k1_2_4_8_16
slow_only,ngram_sd,6,183,results/apexp_block/config_large_500/evaluation/paper_cap50/apex_hot_runs/survival_utility_controller_v4_efficient__k1_2_4_8_16,survival_utility_controller_v4_efficient__k1_2_4_8_16,survival_utility_controller_v4_efficient,k1_2_4_8_16
slow_only,ngram_sd,7,186,results/apexp_block/config_large_500/evaluation/paper_cap50/apex_hot_runs/survival_utility_controller_v4_efficient__k1_2_4_8_16,survival_utility_controller_v4_efficient__k1_2_4_8_16,survival_utility_controller_v4_efficient,k1_2_4_8_16
slow_only,ngram_sd,8,1268,results/apexp_block/config_large_500/evaluation/paper_cap50/apex_hot_runs/survival_utility_controller_v4_efficient__k1_2_4_8_16,survival_utility_controller_v4_efficient__k1_2_4_8_16,survival_utility_controller_v4_efficient,k1_2_4_8_16
slow_only,ngram_sd,9,193,results/apexp_block/config_large_500/evaluation/paper_cap50/apex_hot_runs/survival_utility_controller_v4_efficient__k1_2_4_8_16,survival_utility_controller_v4_efficient__k1_2_4_8_16,survival_utility_controller_v4_efficient,k1_2_4_8_16
slow_only,ngram_sd,10,233,results/apexp_block/config_large_500/evaluation/paper_cap50/apex_hot_runs/survival_utility_controller_v4_efficient__k1_2_4_8_16,survival_utility_controller_v4_efficient__k1_2_4_8_16,survival_utility_controller_v4_efficient,k1_2_4_8_16
slow_only,ngram_sd,11,204,results/apexp_block/config_large_500/evaluation/paper_cap50/apex_hot_runs/survival_utility_controller_v4_efficient__k1_2_4_8_16,survival_utility_controller_v4_efficient__k1_2_4_8_16,survival_utility_controller_v4_efficient,k1_2_4_8_16
slow_only,ngram_sd,12,243,results/apexp_block/config_large_500/evaluation/paper_cap50/apex_hot_runs/survival_utility_controller_v4_efficient__k1_2_4_8_16,survival_utility_controller_v4_efficient__k1_2_4_8_16,survival_utility_controller_v4_efficient,k1_2_4_8_16
slow_only,ngram_sd,13,200,results/apexp_block/config_large_500/evaluation/paper_cap50/apex_hot_runs/survival_utility_controller_v4_efficient__k1_2_4_8_16,survival_utility_controller_v4_efficient__k1_2_4_8_16,survival_utility_controller_v4_efficient,k1_2_4_8_16
slow_only,ngram_sd,14,219,results/apexp_block/config_large_500/evaluation/paper_cap50/apex_hot_runs/survival_utility_controller_v4_efficient__k1_2_4_8_16,survival_utility_controller_v4_efficient__k1_2_4_8_16,survival_utility_controller_v4_efficient,k1_2_4_8_16
slow_only,ngram_sd,15,196,results/apexp_block/config_large_500/evaluation/paper_cap50/apex_hot_runs/survival_utility_controller_v4_efficient__k1_2_4_8_16,survival_utility_controller_v4_efficient__k1_2_4_8_16,survival_utility_controller_v4_efficient,k1_2_4_8_16
slow_only,ngram_sd,16,88386,results/apexp_block/config_large_500/evaluation/paper_cap50/apex_hot_runs/survival_utility_controller_v4_efficient__k1_2_4_8_16,survival_utility_controller_v4_efficient__k1_2_4_8_16,survival_utility_controller_v4_efficient,k1_2_4_8_16
slow_fast,eagle3,1,109,results/apexp_block/config_large_500/evaluation/paper_cap50/apex_hot_runs/survival_utility_controller_v4_efficient__k1_to_16,survival_utility_controller_v4_efficient__k1_to_16,survival_utility_controller_v4_efficient,k1_to_16
slow_fast,eagle3,2,15079,results/apexp_block/config_large_500/evaluation/paper_cap50/apex_hot_runs/survival_utility_controller_v4_efficient__k1_to_16,survival_utility_controller_v4_efficient__k1_to_16,survival_utility_controller_v4_efficient,k1_to_16
slow_fast,eagle3,3,8,results/apexp_block/config_large_500/evaluation/paper_cap50/apex_hot_runs/survival_utility_controller_v4_efficient__k1_to_16,survival_utility_controller_v4_efficient__k1_to_16,survival_utility_controller_v4_efficient,k1_to_16
slow_fast,eagle3,4,12,results/apexp_block/config_large_500/evaluation/paper_cap50/apex_hot_runs/survival_utility_controller_v4_efficient__k1_to_16,survival_utility_controller_v4_efficient__k1_to_16,survival_utility_controller_v4_efficient,k1_to_16
slow_fast,eagle3,8,6,results/apexp_block/config_large_500/evaluation/paper_cap50/apex_hot_runs/survival_utility_controller_v4_efficient__k1_to_16,survival_utility_controller_v4_efficient__k1_to_16,survival_utility_controller_v4_efficient,k1_to_16
slow_fast,eagle3,16,60,results/apexp_block/config_large_500/evaluation/paper_cap50/apex_hot_runs/survival_utility_controller_v4_efficient__k1_to_16,survival_utility_controller_v4_efficient__k1_to_16,survival_utility_controller_v4_efficient,k1_to_16
slow_fast,ngram_sd,1,38,results/apexp_block/config_large_500/evaluation/paper_cap50/apex_hot_runs/survival_utility_controller_v4_efficient__k1_to_16,survival_utility_controller_v4_efficient__k1_to_16,survival_utility_controller_v4_efficient,k1_to_16
slow_fast,ngram_sd,2,235,results/apexp_block/config_large_500/evaluation/paper_cap50/apex_hot_runs/survival_utility_controller_v4_efficient__k1_to_16,survival_utility_controller_v4_efficient__k1_to_16,survival_utility_controller_v4_efficient,k1_to_16
slow_fast,ngram_sd,3,1418,results/apexp_block/config_large_500/evaluation/paper_cap50/apex_hot_runs/survival_utility_controller_v4_efficient__k1_to_16,survival_utility_controller_v4_efficient__k1_to_16,survival_utility_controller_v4_efficient,k1_to_16
slow_fast,ngram_sd,4,4303,results/apexp_block/config_large_500/evaluation/paper_cap50/apex_hot_runs/survival_utility_controller_v4_efficient__k1_to_16,survival_utility_controller_v4_efficient__k1_to_16,survival_utility_controller_v4_efficient,k1_to_16
slow_fast,ngram_sd,5,6560,results/apexp_block/config_large_500/evaluation/paper_cap50/apex_hot_runs/survival_utility_controller_v4_efficient__k1_to_16,survival_utility_controller_v4_efficient__k1_to_16,survival_utility_controller_v4_efficient,k1_to_16
slow_fast,ngram_sd,6,8047,results/apexp_block/config_large_500/evaluation/paper_cap50/apex_hot_runs/survival_utility_controller_v4_efficient__k1_to_16,survival_utility_controller_v4_efficient__k1_to_16,survival_utility_controller_v4_efficient,k1_to_16
slow_fast,ngram_sd,7,10258,results/apexp_block/config_large_500/evaluation/paper_cap50/apex_hot_runs/survival_utility_controller_v4_efficient__k1_to_16,survival_utility_controller_v4_efficient__k1_to_16,survival_utility_controller_v4_efficient,k1_to_16
slow_fast,ngram_sd,8,13484,results/apexp_block/config_large_500/evaluation/paper_cap50/apex_hot_runs/survival_utility_controller_v4_efficient__k1_to_16,survival_utility_controller_v4_efficient__k1_to_16,survival_utility_controller_v4_efficient,k1_to_16
slow_fast,ngram_sd,9,15409,results/apexp_block/config_large_500/evaluation/paper_cap50/apex_hot_runs/survival_utility_controller_v4_efficient__k1_to_16,survival_utility_controller_v4_efficient__k1_to_16,survival_utility_controller_v4_efficient,k1_to_16
slow_fast,ngram_sd,10,12821,results/apexp_block/config_large_500/evaluation/paper_cap50/apex_hot_runs/survival_utility_controller_v4_efficient__k1_to_16,survival_utility_controller_v4_efficient__k1_to_16,survival_utility_controller_v4_efficient,k1_to_16
slow_fast,ngram_sd,11,8562,results/apexp_block/config_large_500/evaluation/paper_cap50/apex_hot_runs/survival_utility_controller_v4_efficient__k1_to_16,survival_utility_controller_v4_efficient__k1_to_16,survival_utility_controller_v4_efficient,k1_to_16
slow_fast,ngram_sd,12,4482,results/apexp_block/config_large_500/evaluation/paper_cap50/apex_hot_runs/survival_utility_controller_v4_efficient__k1_to_16,survival_utility_controller_v4_efficient__k1_to_16,survival_utility_controller_v4_efficient,k1_to_16
slow_fast,ngram_sd,13,2323,results/apexp_block/config_large_500/evaluation/paper_cap50/apex_hot_runs/survival_utility_controller_v4_efficient__k1_to_16,survival_utility_controller_v4_efficient__k1_to_16,survival_utility_controller_v4_efficient,k1_to_16
slow_fast,ngram_sd,14,1867,results/apexp_block/config_large_500/evaluation/paper_cap50/apex_hot_runs/survival_utility_controller_v4_efficient__k1_to_16,survival_utility_controller_v4_efficient__k1_to_16,survival_utility_controller_v4_efficient,k1_to_16
slow_fast,ngram_sd,15,1702,results/apexp_block/config_large_500/evaluation/paper_cap50/apex_hot_runs/survival_utility_controller_v4_efficient__k1_to_16,survival_utility_controller_v4_efficient__k1_to_16,survival_utility_controller_v4_efficient,k1_to_16
slow_fast,ngram_sd,16,6943,results/apexp_block/config_large_500/evaluation/paper_cap50/apex_hot_runs/survival_utility_controller_v4_efficient__k1_to_16,survival_utility_controller_v4_efficient__k1_to_16,survival_utility_controller_v4_efficient,k1_to_16
slow_only,eagle3,2,2848,results/apexp_block/config_large_500/evaluation/paper_cap50/apex_hot_runs/survival_utility_controller_v4_efficient__k1_to_16,survival_utility_controller_v4_efficient__k1_to_16,survival_utility_controller_v4_efficient,k1_to_16
slow_only,eagle3,4,1863,results/apexp_block/config_large_500/evaluation/paper_cap50/apex_hot_runs/survival_utility_controller_v4_efficient__k1_to_16,survival_utility_controller_v4_efficient__k1_to_16,survival_utility_controller_v4_efficient,k1_to_16
slow_only,eagle3,8,984,results/apexp_block/config_large_500/evaluation/paper_cap50/apex_hot_runs/survival_utility_controller_v4_efficient__k1_to_16,survival_utility_controller_v4_efficient__k1_to_16,survival_utility_controller_v4_efficient,k1_to_16
slow_only,eagle3,16,9569,results/apexp_block/config_large_500/evaluation/paper_cap50/apex_hot_runs/survival_utility_controller_v4_efficient__k1_to_16,survival_utility_controller_v4_efficient__k1_to_16,survival_utility_controller_v4_efficient,k1_to_16
slow_only,ngram_sd,1,38,results/apexp_block/config_large_500/evaluation/paper_cap50/apex_hot_runs/survival_utility_controller_v4_efficient__k1_to_16,survival_utility_controller_v4_efficient__k1_to_16,survival_utility_controller_v4_efficient,k1_to_16
slow_only,ngram_sd,2,1577,results/apexp_block/config_large_500/evaluation/paper_cap50/apex_hot_runs/survival_utility_controller_v4_efficient__k1_to_16,survival_utility_controller_v4_efficient__k1_to_16,survival_utility_controller_v4_efficient,k1_to_16
slow_only,ngram_sd,3,96,results/apexp_block/config_large_500/evaluation/paper_cap50/apex_hot_runs/survival_utility_controller_v4_efficient__k1_to_16,survival_utility_controller_v4_efficient__k1_to_16,survival_utility_controller_v4_efficient,k1_to_16
slow_only,ngram_sd,4,1229,results/apexp_block/config_large_500/evaluation/paper_cap50/apex_hot_runs/survival_utility_controller_v4_efficient__k1_to_16,survival_utility_controller_v4_efficient__k1_to_16,survival_utility_controller_v4_efficient,k1_to_16
slow_only,ngram_sd,5,135,results/apexp_block/config_large_500/evaluation/paper_cap50/apex_hot_runs/survival_utility_controller_v4_efficient__k1_to_16,survival_utility_controller_v4_efficient__k1_to_16,survival_utility_controller_v4_efficient,k1_to_16
slow_only,ngram_sd,6,183,results/apexp_block/config_large_500/evaluation/paper_cap50/apex_hot_runs/survival_utility_controller_v4_efficient__k1_to_16,survival_utility_controller_v4_efficient__k1_to_16,survival_utility_controller_v4_efficient,k1_to_16
slow_only,ngram_sd,7,186,results/apexp_block/config_large_500/evaluation/paper_cap50/apex_hot_runs/survival_utility_controller_v4_efficient__k1_to_16,survival_utility_controller_v4_efficient__k1_to_16,survival_utility_controller_v4_efficient,k1_to_16
slow_only,ngram_sd,8,1268,results/apexp_block/config_large_500/evaluation/paper_cap50/apex_hot_runs/survival_utility_controller_v4_efficient__k1_to_16,survival_utility_controller_v4_efficient__k1_to_16,survival_utility_controller_v4_efficient,k1_to_16
slow_only,ngram_sd,9,193,results/apexp_block/config_large_500/evaluation/paper_cap50/apex_hot_runs/survival_utility_controller_v4_efficient__k1_to_16,survival_utility_controller_v4_efficient__k1_to_16,survival_utility_controller_v4_efficient,k1_to_16
slow_only,ngram_sd,10,233,results/apexp_block/config_large_500/evaluation/paper_cap50/apex_hot_runs/survival_utility_controller_v4_efficient__k1_to_16,survival_utility_controller_v4_efficient__k1_to_16,survival_utility_controller_v4_efficient,k1_to_16
slow_only,ngram_sd,11,204,results/apexp_block/config_large_500/evaluation/paper_cap50/apex_hot_runs/survival_utility_controller_v4_efficient__k1_to_16,survival_utility_controller_v4_efficient__k1_to_16,survival_utility_controller_v4_efficient,k1_to_16
slow_only,ngram_sd,12,243,results/apexp_block/config_large_500/evaluation/paper_cap50/apex_hot_runs/survival_utility_controller_v4_efficient__k1_to_16,survival_utility_controller_v4_efficient__k1_to_16,survival_utility_controller_v4_efficient,k1_to_16
slow_only,ngram_sd,13,200,results/apexp_block/config_large_500/evaluation/paper_cap50/apex_hot_runs/survival_utility_controller_v4_efficient__k1_to_16,survival_utility_controller_v4_efficient__k1_to_16,survival_utility_controller_v4_efficient,k1_to_16
slow_only,ngram_sd,14,219,results/apexp_block/config_large_500/evaluation/paper_cap50/apex_hot_runs/survival_utility_controller_v4_efficient__k1_to_16,survival_utility_controller_v4_efficient__k1_to_16,survival_utility_controller_v4_efficient,k1_to_16
slow_only,ngram_sd,15,196,results/apexp_block/config_large_500/evaluation/paper_cap50/apex_hot_runs/survival_utility_controller_v4_efficient__k1_to_16,survival_utility_controller_v4_efficient__k1_to_16,survival_utility_controller_v4_efficient,k1_to_16
slow_only,ngram_sd,16,88386,results/apexp_block/config_large_500/evaluation/paper_cap50/apex_hot_runs/survival_utility_controller_v4_efficient__k1_to_16,survival_utility_controller_v4_efficient__k1_to_16,survival_utility_controller_v4_efficient,k1_to_16
slow_fast,eagle3,2,15195,results/apexp_block/config_large_500/evaluation/paper_cap50/apex_hot_runs/survival_utility_controller_v4_efficient__k2_4_6_8,survival_utility_controller_v4_efficient__k2_4_6_8,survival_utility_controller_v4_efficient,k2_4_6_8
slow_fast,eagle3,4,13,results/apexp_block/config_large_500/evaluation/paper_cap50/apex_hot_runs/survival_utility_controller_v4_efficient__k2_4_6_8,survival_utility_controller_v4_efficient__k2_4_6_8,survival_utility_controller_v4_efficient,k2_4_6_8
slow_fast,eagle3,8,66,results/apexp_block/config_large_500/evaluation/paper_cap50/apex_hot_runs/survival_utility_controller_v4_efficient__k2_4_6_8,survival_utility_controller_v4_efficient__k2_4_6_8,survival_utility_controller_v4_efficient,k2_4_6_8
slow_fast,ngram_sd,1,38,results/apexp_block/config_large_500/evaluation/paper_cap50/apex_hot_runs/survival_utility_controller_v4_efficient__k2_4_6_8,survival_utility_controller_v4_efficient__k2_4_6_8,survival_utility_controller_v4_efficient,k2_4_6_8
slow_fast,ngram_sd,2,433,results/apexp_block/config_large_500/evaluation/paper_cap50/apex_hot_runs/survival_utility_controller_v4_efficient__k2_4_6_8,survival_utility_controller_v4_efficient__k2_4_6_8,survival_utility_controller_v4_efficient,k2_4_6_8
slow_fast,ngram_sd,3,95,results/apexp_block/config_large_500/evaluation/paper_cap50/apex_hot_runs/survival_utility_controller_v4_efficient__k2_4_6_8,survival_utility_controller_v4_efficient__k2_4_6_8,survival_utility_controller_v4_efficient,k2_4_6_8
slow_fast,ngram_sd,4,7500,results/apexp_block/config_large_500/evaluation/paper_cap50/apex_hot_runs/survival_utility_controller_v4_efficient__k2_4_6_8,survival_utility_controller_v4_efficient__k2_4_6_8,survival_utility_controller_v4_efficient,k2_4_6_8
slow_fast,ngram_sd,5,138,results/apexp_block/config_large_500/evaluation/paper_cap50/apex_hot_runs/survival_utility_controller_v4_efficient__k2_4_6_8,survival_utility_controller_v4_efficient__k2_4_6_8,survival_utility_controller_v4_efficient,k2_4_6_8
slow_fast,ngram_sd,6,14897,results/apexp_block/config_large_500/evaluation/paper_cap50/apex_hot_runs/survival_utility_controller_v4_efficient__k2_4_6_8,survival_utility_controller_v4_efficient__k2_4_6_8,survival_utility_controller_v4_efficient,k2_4_6_8
slow_fast,ngram_sd,7,164,results/apexp_block/config_large_500/evaluation/paper_cap50/apex_hot_runs/survival_utility_controller_v4_efficient__k2_4_6_8,survival_utility_controller_v4_efficient__k2_4_6_8,survival_utility_controller_v4_efficient,k2_4_6_8
slow_fast,ngram_sd,8,80864,results/apexp_block/config_large_500/evaluation/paper_cap50/apex_hot_runs/survival_utility_controller_v4_efficient__k2_4_6_8,survival_utility_controller_v4_efficient__k2_4_6_8,survival_utility_controller_v4_efficient,k2_4_6_8
slow_only,eagle3,2,2848,results/apexp_block/config_large_500/evaluation/paper_cap50/apex_hot_runs/survival_utility_controller_v4_efficient__k2_4_6_8,survival_utility_controller_v4_efficient__k2_4_6_8,survival_utility_controller_v4_efficient,k2_4_6_8
slow_only,eagle3,4,1863,results/apexp_block/config_large_500/evaluation/paper_cap50/apex_hot_runs/survival_utility_controller_v4_efficient__k2_4_6_8,survival_utility_controller_v4_efficient__k2_4_6_8,survival_utility_controller_v4_efficient,k2_4_6_8
slow_only,eagle3,8,984,results/apexp_block/config_large_500/evaluation/paper_cap50/apex_hot_runs/survival_utility_controller_v4_efficient__k2_4_6_8,survival_utility_controller_v4_efficient__k2_4_6_8,survival_utility_controller_v4_efficient,k2_4_6_8
slow_only,eagle3,16,9569,results/apexp_block/config_large_500/evaluation/paper_cap50/apex_hot_runs/survival_utility_controller_v4_efficient__k2_4_6_8,survival_utility_controller_v4_efficient__k2_4_6_8,survival_utility_controller_v4_efficient,k2_4_6_8
slow_only,ngram_sd,1,38,results/apexp_block/config_large_500/evaluation/paper_cap50/apex_hot_runs/survival_utility_controller_v4_efficient__k2_4_6_8,survival_utility_controller_v4_efficient__k2_4_6_8,survival_utility_controller_v4_efficient,k2_4_6_8
slow_only,ngram_sd,2,1577,results/apexp_block/config_large_500/evaluation/paper_cap50/apex_hot_runs/survival_utility_controller_v4_efficient__k2_4_6_8,survival_utility_controller_v4_efficient__k2_4_6_8,survival_utility_controller_v4_efficient,k2_4_6_8
slow_only,ngram_sd,3,96,results/apexp_block/config_large_500/evaluation/paper_cap50/apex_hot_runs/survival_utility_controller_v4_efficient__k2_4_6_8,survival_utility_controller_v4_efficient__k2_4_6_8,survival_utility_controller_v4_efficient,k2_4_6_8
slow_only,ngram_sd,4,1229,results/apexp_block/config_large_500/evaluation/paper_cap50/apex_hot_runs/survival_utility_controller_v4_efficient__k2_4_6_8,survival_utility_controller_v4_efficient__k2_4_6_8,survival_utility_controller_v4_efficient,k2_4_6_8
slow_only,ngram_sd,5,135,results/apexp_block/config_large_500/evaluation/paper_cap50/apex_hot_runs/survival_utility_controller_v4_efficient__k2_4_6_8,survival_utility_controller_v4_efficient__k2_4_6_8,survival_utility_controller_v4_efficient,k2_4_6_8
slow_only,ngram_sd,6,183,results/apexp_block/config_large_500/evaluation/paper_cap50/apex_hot_runs/survival_utility_controller_v4_efficient__k2_4_6_8,survival_utility_controller_v4_efficient__k2_4_6_8,survival_utility_controller_v4_efficient,k2_4_6_8
slow_only,ngram_sd,7,186,results/apexp_block/config_large_500/evaluation/paper_cap50/apex_hot_runs/survival_utility_controller_v4_efficient__k2_4_6_8,survival_utility_controller_v4_efficient__k2_4_6_8,survival_utility_controller_v4_efficient,k2_4_6_8
slow_only,ngram_sd,8,1268,results/apexp_block/config_large_500/evaluation/paper_cap50/apex_hot_runs/survival_utility_controller_v4_efficient__k2_4_6_8,survival_utility_controller_v4_efficient__k2_4_6_8,survival_utility_controller_v4_efficient,k2_4_6_8
slow_only,ngram_sd,9,193,results/apexp_block/config_large_500/evaluation/paper_cap50/apex_hot_runs/survival_utility_controller_v4_efficient__k2_4_6_8,survival_utility_controller_v4_efficient__k2_4_6_8,survival_utility_controller_v4_efficient,k2_4_6_8
slow_only,ngram_sd,10,233,results/apexp_block/config_large_500/evaluation/paper_cap50/apex_hot_runs/survival_utility_controller_v4_efficient__k2_4_6_8,survival_utility_controller_v4_efficient__k2_4_6_8,survival_utility_controller_v4_efficient,k2_4_6_8
slow_only,ngram_sd,11,204,results/apexp_block/config_large_500/evaluation/paper_cap50/apex_hot_runs/survival_utility_controller_v4_efficient__k2_4_6_8,survival_utility_controller_v4_efficient__k2_4_6_8,survival_utility_controller_v4_efficient,k2_4_6_8
slow_only,ngram_sd,12,243,results/apexp_block/config_large_500/evaluation/paper_cap50/apex_hot_runs/survival_utility_controller_v4_efficient__k2_4_6_8,survival_utility_controller_v4_efficient__k2_4_6_8,survival_utility_controller_v4_efficient,k2_4_6_8
slow_only,ngram_sd,13,200,results/apexp_block/config_large_500/evaluation/paper_cap50/apex_hot_runs/survival_utility_controller_v4_efficient__k2_4_6_8,survival_utility_controller_v4_efficient__k2_4_6_8,survival_utility_controller_v4_efficient,k2_4_6_8
slow_only,ngram_sd,14,219,results/apexp_block/config_large_500/evaluation/paper_cap50/apex_hot_runs/survival_utility_controller_v4_efficient__k2_4_6_8,survival_utility_controller_v4_efficient__k2_4_6_8,survival_utility_controller_v4_efficient,k2_4_6_8
slow_only,ngram_sd,15,196,results/apexp_block/config_large_500/evaluation/paper_cap50/apex_hot_runs/survival_utility_controller_v4_efficient__k2_4_6_8,survival_utility_controller_v4_efficient__k2_4_6_8,survival_utility_controller_v4_efficient,k2_4_6_8
slow_only,ngram_sd,16,88386,results/apexp_block/config_large_500/evaluation/paper_cap50/apex_hot_runs/survival_utility_controller_v4_efficient__k2_4_6_8,survival_utility_controller_v4_efficient__k2_4_6_8,survival_utility_controller_v4_efficient,k2_4_6_8
slow_fast,eagle3,1,35,results/apexp_block/config_large_500/evaluation/paper_cap50/apex_hot_runs/survival_utility_controller_v4_speed_first__k1_2_4_6_8_10_12_14_16,survival_utility_controller_v4_speed_first__k1_2_4_6_8_10_12_14_16,survival_utility_controller_v4_speed_first,k1_2_4_6_8_10_12_14_16
slow_fast,eagle3,2,3850,results/apexp_block/config_large_500/evaluation/paper_cap50/apex_hot_runs/survival_utility_controller_v4_speed_first__k1_2_4_6_8_10_12_14_16,survival_utility_controller_v4_speed_first__k1_2_4_6_8_10_12_14_16,survival_utility_controller_v4_speed_first,k1_2_4_6_8_10_12_14_16
slow_fast,eagle3,4,10539,results/apexp_block/config_large_500/evaluation/paper_cap50/apex_hot_runs/survival_utility_controller_v4_speed_first__k1_2_4_6_8_10_12_14_16,survival_utility_controller_v4_speed_first__k1_2_4_6_8_10_12_14_16,survival_utility_controller_v4_speed_first,k1_2_4_6_8_10_12_14_16
slow_fast,eagle3,6,772,results/apexp_block/config_large_500/evaluation/paper_cap50/apex_hot_runs/survival_utility_controller_v4_speed_first__k1_2_4_6_8_10_12_14_16,survival_utility_controller_v4_speed_first__k1_2_4_6_8_10_12_14_16,survival_utility_controller_v4_speed_first,k1_2_4_6_8_10_12_14_16
slow_fast,eagle3,8,7,results/apexp_block/config_large_500/evaluation/paper_cap50/apex_hot_runs/survival_utility_controller_v4_speed_first__k1_2_4_6_8_10_12_14_16,survival_utility_controller_v4_speed_first__k1_2_4_6_8_10_12_14_16,survival_utility_controller_v4_speed_first,k1_2_4_6_8_10_12_14_16
slow_fast,eagle3,12,2,results/apexp_block/config_large_500/evaluation/paper_cap50/apex_hot_runs/survival_utility_controller_v4_speed_first__k1_2_4_6_8_10_12_14_16,survival_utility_controller_v4_speed_first__k1_2_4_6_8_10_12_14_16,survival_utility_controller_v4_speed_first,k1_2_4_6_8_10_12_14_16
slow_fast,eagle3,16,60,results/apexp_block/config_large_500/evaluation/paper_cap50/apex_hot_runs/survival_utility_controller_v4_speed_first__k1_2_4_6_8_10_12_14_16,survival_utility_controller_v4_speed_first__k1_2_4_6_8_10_12_14_16,survival_utility_controller_v4_speed_first,k1_2_4_6_8_10_12_14_16
slow_fast,ngram_sd,1,39,results/apexp_block/config_large_500/evaluation/paper_cap50/apex_hot_runs/survival_utility_controller_v4_speed_first__k1_2_4_6_8_10_12_14_16,survival_utility_controller_v4_speed_first__k1_2_4_6_8_10_12_14_16,survival_utility_controller_v4_speed_first,k1_2_4_6_8_10_12_14_16
slow_fast,ngram_sd,2,119,results/apexp_block/config_large_500/evaluation/paper_cap50/apex_hot_runs/survival_utility_controller_v4_speed_first__k1_2_4_6_8_10_12_14_16,survival_utility_controller_v4_speed_first__k1_2_4_6_8_10_12_14_16,survival_utility_controller_v4_speed_first,k1_2_4_6_8_10_12_14_16
slow_fast,ngram_sd,3,95,results/apexp_block/config_large_500/evaluation/paper_cap50/apex_hot_runs/survival_utility_controller_v4_speed_first__k1_2_4_6_8_10_12_14_16,survival_utility_controller_v4_speed_first__k1_2_4_6_8_10_12_14_16,survival_utility_controller_v4_speed_first,k1_2_4_6_8_10_12_14_16
slow_fast,ngram_sd,4,165,results/apexp_block/config_large_500/evaluation/paper_cap50/apex_hot_runs/survival_utility_controller_v4_speed_first__k1_2_4_6_8_10_12_14_16,survival_utility_controller_v4_speed_first__k1_2_4_6_8_10_12_14_16,survival_utility_controller_v4_speed_first,k1_2_4_6_8_10_12_14_16
slow_fast,ngram_sd,5,140,results/apexp_block/config_large_500/evaluation/paper_cap50/apex_hot_runs/survival_utility_controller_v4_speed_first__k1_2_4_6_8_10_12_14_16,survival_utility_controller_v4_speed_first__k1_2_4_6_8_10_12_14_16,survival_utility_controller_v4_speed_first,k1_2_4_6_8_10_12_14_16
slow_fast,ngram_sd,6,226,results/apexp_block/config_large_500/evaluation/paper_cap50/apex_hot_runs/survival_utility_controller_v4_speed_first__k1_2_4_6_8_10_12_14_16,survival_utility_controller_v4_speed_first__k1_2_4_6_8_10_12_14_16,survival_utility_controller_v4_speed_first,k1_2_4_6_8_10_12_14_16
slow_fast,ngram_sd,7,188,results/apexp_block/config_large_500/evaluation/paper_cap50/apex_hot_runs/survival_utility_controller_v4_speed_first__k1_2_4_6_8_10_12_14_16,survival_utility_controller_v4_speed_first__k1_2_4_6_8_10_12_14_16,survival_utility_controller_v4_speed_first,k1_2_4_6_8_10_12_14_16
slow_fast,ngram_sd,8,699,results/apexp_block/config_large_500/evaluation/paper_cap50/apex_hot_runs/survival_utility_controller_v4_speed_first__k1_2_4_6_8_10_12_14_16,survival_utility_controller_v4_speed_first__k1_2_4_6_8_10_12_14_16,survival_utility_controller_v4_speed_first,k1_2_4_6_8_10_12_14_16
slow_fast,ngram_sd,9,202,results/apexp_block/config_large_500/evaluation/paper_cap50/apex_hot_runs/survival_utility_controller_v4_speed_first__k1_2_4_6_8_10_12_14_16,survival_utility_controller_v4_speed_first__k1_2_4_6_8_10_12_14_16,survival_utility_controller_v4_speed_first,k1_2_4_6_8_10_12_14_16
slow_fast,ngram_sd,10,4694,results/apexp_block/config_large_500/evaluation/paper_cap50/apex_hot_runs/survival_utility_controller_v4_speed_first__k1_2_4_6_8_10_12_14_16,survival_utility_controller_v4_speed_first__k1_2_4_6_8_10_12_14_16,survival_utility_controller_v4_speed_first,k1_2_4_6_8_10_12_14_16
slow_fast,ngram_sd,11,202,results/apexp_block/config_large_500/evaluation/paper_cap50/apex_hot_runs/survival_utility_controller_v4_speed_first__k1_2_4_6_8_10_12_14_16,survival_utility_controller_v4_speed_first__k1_2_4_6_8_10_12_14_16,survival_utility_controller_v4_speed_first,k1_2_4_6_8_10_12_14_16
slow_fast,ngram_sd,12,16959,results/apexp_block/config_large_500/evaluation/paper_cap50/apex_hot_runs/survival_utility_controller_v4_speed_first__k1_2_4_6_8_10_12_14_16,survival_utility_controller_v4_speed_first__k1_2_4_6_8_10_12_14_16,survival_utility_controller_v4_speed_first,k1_2_4_6_8_10_12_14_16
slow_fast,ngram_sd,13,165,results/apexp_block/config_large_500/evaluation/paper_cap50/apex_hot_runs/survival_utility_controller_v4_speed_first__k1_2_4_6_8_10_12_14_16,survival_utility_controller_v4_speed_first__k1_2_4_6_8_10_12_14_16,survival_utility_controller_v4_speed_first,k1_2_4_6_8_10_12_14_16
slow_fast,ngram_sd,14,27760,results/apexp_block/config_large_500/evaluation/paper_cap50/apex_hot_runs/survival_utility_controller_v4_speed_first__k1_2_4_6_8_10_12_14_16,survival_utility_controller_v4_speed_first__k1_2_4_6_8_10_12_14_16,survival_utility_controller_v4_speed_first,k1_2_4_6_8_10_12_14_16
slow_fast,ngram_sd,15,115,results/apexp_block/config_large_500/evaluation/paper_cap50/apex_hot_runs/survival_utility_controller_v4_speed_first__k1_2_4_6_8_10_12_14_16,survival_utility_controller_v4_speed_first__k1_2_4_6_8_10_12_14_16,survival_utility_controller_v4_speed_first,k1_2_4_6_8_10_12_14_16
slow_fast,ngram_sd,16,42515,results/apexp_block/config_large_500/evaluation/paper_cap50/apex_hot_runs/survival_utility_controller_v4_speed_first__k1_2_4_6_8_10_12_14_16,survival_utility_controller_v4_speed_first__k1_2_4_6_8_10_12_14_16,survival_utility_controller_v4_speed_first,k1_2_4_6_8_10_12_14_16
slow_only,eagle3,2,2848,results/apexp_block/config_large_500/evaluation/paper_cap50/apex_hot_runs/survival_utility_controller_v4_speed_first__k1_2_4_6_8_10_12_14_16,survival_utility_controller_v4_speed_first__k1_2_4_6_8_10_12_14_16,survival_utility_controller_v4_speed_first,k1_2_4_6_8_10_12_14_16
slow_only,eagle3,4,1863,results/apexp_block/config_large_500/evaluation/paper_cap50/apex_hot_runs/survival_utility_controller_v4_speed_first__k1_2_4_6_8_10_12_14_16,survival_utility_controller_v4_speed_first__k1_2_4_6_8_10_12_14_16,survival_utility_controller_v4_speed_first,k1_2_4_6_8_10_12_14_16
slow_only,eagle3,8,984,results/apexp_block/config_large_500/evaluation/paper_cap50/apex_hot_runs/survival_utility_controller_v4_speed_first__k1_2_4_6_8_10_12_14_16,survival_utility_controller_v4_speed_first__k1_2_4_6_8_10_12_14_16,survival_utility_controller_v4_speed_first,k1_2_4_6_8_10_12_14_16
slow_only,eagle3,16,9569,results/apexp_block/config_large_500/evaluation/paper_cap50/apex_hot_runs/survival_utility_controller_v4_speed_first__k1_2_4_6_8_10_12_14_16,survival_utility_controller_v4_speed_first__k1_2_4_6_8_10_12_14_16,survival_utility_controller_v4_speed_first,k1_2_4_6_8_10_12_14_16
slow_only,ngram_sd,1,38,results/apexp_block/config_large_500/evaluation/paper_cap50/apex_hot_runs/survival_utility_controller_v4_speed_first__k1_2_4_6_8_10_12_14_16,survival_utility_controller_v4_speed_first__k1_2_4_6_8_10_12_14_16,survival_utility_controller_v4_speed_first,k1_2_4_6_8_10_12_14_16
slow_only,ngram_sd,2,1577,results/apexp_block/config_large_500/evaluation/paper_cap50/apex_hot_runs/survival_utility_controller_v4_speed_first__k1_2_4_6_8_10_12_14_16,survival_utility_controller_v4_speed_first__k1_2_4_6_8_10_12_14_16,survival_utility_controller_v4_speed_first,k1_2_4_6_8_10_12_14_16
slow_only,ngram_sd,3,96,results/apexp_block/config_large_500/evaluation/paper_cap50/apex_hot_runs/survival_utility_controller_v4_speed_first__k1_2_4_6_8_10_12_14_16,survival_utility_controller_v4_speed_first__k1_2_4_6_8_10_12_14_16,survival_utility_controller_v4_speed_first,k1_2_4_6_8_10_12_14_16
slow_only,ngram_sd,4,1229,results/apexp_block/config_large_500/evaluation/paper_cap50/apex_hot_runs/survival_utility_controller_v4_speed_first__k1_2_4_6_8_10_12_14_16,survival_utility_controller_v4_speed_first__k1_2_4_6_8_10_12_14_16,survival_utility_controller_v4_speed_first,k1_2_4_6_8_10_12_14_16
slow_only,ngram_sd,5,135,results/apexp_block/config_large_500/evaluation/paper_cap50/apex_hot_runs/survival_utility_controller_v4_speed_first__k1_2_4_6_8_10_12_14_16,survival_utility_controller_v4_speed_first__k1_2_4_6_8_10_12_14_16,survival_utility_controller_v4_speed_first,k1_2_4_6_8_10_12_14_16
slow_only,ngram_sd,6,183,results/apexp_block/config_large_500/evaluation/paper_cap50/apex_hot_runs/survival_utility_controller_v4_speed_first__k1_2_4_6_8_10_12_14_16,survival_utility_controller_v4_speed_first__k1_2_4_6_8_10_12_14_16,survival_utility_controller_v4_speed_first,k1_2_4_6_8_10_12_14_16
slow_only,ngram_sd,7,186,results/apexp_block/config_large_500/evaluation/paper_cap50/apex_hot_runs/survival_utility_controller_v4_speed_first__k1_2_4_6_8_10_12_14_16,survival_utility_controller_v4_speed_first__k1_2_4_6_8_10_12_14_16,survival_utility_controller_v4_speed_first,k1_2_4_6_8_10_12_14_16
slow_only,ngram_sd,8,1268,results/apexp_block/config_large_500/evaluation/paper_cap50/apex_hot_runs/survival_utility_controller_v4_speed_first__k1_2_4_6_8_10_12_14_16,survival_utility_controller_v4_speed_first__k1_2_4_6_8_10_12_14_16,survival_utility_controller_v4_speed_first,k1_2_4_6_8_10_12_14_16
slow_only,ngram_sd,9,193,results/apexp_block/config_large_500/evaluation/paper_cap50/apex_hot_runs/survival_utility_controller_v4_speed_first__k1_2_4_6_8_10_12_14_16,survival_utility_controller_v4_speed_first__k1_2_4_6_8_10_12_14_16,survival_utility_controller_v4_speed_first,k1_2_4_6_8_10_12_14_16
slow_only,ngram_sd,10,233,results/apexp_block/config_large_500/evaluation/paper_cap50/apex_hot_runs/survival_utility_controller_v4_speed_first__k1_2_4_6_8_10_12_14_16,survival_utility_controller_v4_speed_first__k1_2_4_6_8_10_12_14_16,survival_utility_controller_v4_speed_first,k1_2_4_6_8_10_12_14_16
slow_only,ngram_sd,11,204,results/apexp_block/config_large_500/evaluation/paper_cap50/apex_hot_runs/survival_utility_controller_v4_speed_first__k1_2_4_6_8_10_12_14_16,survival_utility_controller_v4_speed_first__k1_2_4_6_8_10_12_14_16,survival_utility_controller_v4_speed_first,k1_2_4_6_8_10_12_14_16
slow_only,ngram_sd,12,243,results/apexp_block/config_large_500/evaluation/paper_cap50/apex_hot_runs/survival_utility_controller_v4_speed_first__k1_2_4_6_8_10_12_14_16,survival_utility_controller_v4_speed_first__k1_2_4_6_8_10_12_14_16,survival_utility_controller_v4_speed_first,k1_2_4_6_8_10_12_14_16
slow_only,ngram_sd,13,200,results/apexp_block/config_large_500/evaluation/paper_cap50/apex_hot_runs/survival_utility_controller_v4_speed_first__k1_2_4_6_8_10_12_14_16,survival_utility_controller_v4_speed_first__k1_2_4_6_8_10_12_14_16,survival_utility_controller_v4_speed_first,k1_2_4_6_8_10_12_14_16
slow_only,ngram_sd,14,219,results/apexp_block/config_large_500/evaluation/paper_cap50/apex_hot_runs/survival_utility_controller_v4_speed_first__k1_2_4_6_8_10_12_14_16,survival_utility_controller_v4_speed_first__k1_2_4_6_8_10_12_14_16,survival_utility_controller_v4_speed_first,k1_2_4_6_8_10_12_14_16
slow_only,ngram_sd,15,196,results/apexp_block/config_large_500/evaluation/paper_cap50/apex_hot_runs/survival_utility_controller_v4_speed_first__k1_2_4_6_8_10_12_14_16,survival_utility_controller_v4_speed_first__k1_2_4_6_8_10_12_14_16,survival_utility_controller_v4_speed_first,k1_2_4_6_8_10_12_14_16
slow_only,ngram_sd,16,88386,results/apexp_block/config_large_500/evaluation/paper_cap50/apex_hot_runs/survival_utility_controller_v4_speed_first__k1_2_4_6_8_10_12_14_16,survival_utility_controller_v4_speed_first__k1_2_4_6_8_10_12_14_16,survival_utility_controller_v4_speed_first,k1_2_4_6_8_10_12_14_16
slow_fast,eagle3,1,35,results/apexp_block/config_large_500/evaluation/paper_cap50/apex_hot_runs/survival_utility_controller_v4_speed_first__k1_2_4_8_16,survival_utility_controller_v4_speed_first__k1_2_4_8_16,survival_utility_controller_v4_speed_first,k1_2_4_8_16
slow_fast,eagle3,2,3852,results/apexp_block/config_large_500/evaluation/paper_cap50/apex_hot_runs/survival_utility_controller_v4_speed_first__k1_2_4_8_16,survival_utility_controller_v4_speed_first__k1_2_4_8_16,survival_utility_controller_v4_speed_first,k1_2_4_8_16
slow_fast,eagle3,4,11062,results/apexp_block/config_large_500/evaluation/paper_cap50/apex_hot_runs/survival_utility_controller_v4_speed_first__k1_2_4_8_16,survival_utility_controller_v4_speed_first__k1_2_4_8_16,survival_utility_controller_v4_speed_first,k1_2_4_8_16
slow_fast,eagle3,8,256,results/apexp_block/config_large_500/evaluation/paper_cap50/apex_hot_runs/survival_utility_controller_v4_speed_first__k1_2_4_8_16,survival_utility_controller_v4_speed_first__k1_2_4_8_16,survival_utility_controller_v4_speed_first,k1_2_4_8_16
slow_fast,eagle3,16,60,results/apexp_block/config_large_500/evaluation/paper_cap50/apex_hot_runs/survival_utility_controller_v4_speed_first__k1_2_4_8_16,survival_utility_controller_v4_speed_first__k1_2_4_8_16,survival_utility_controller_v4_speed_first,k1_2_4_8_16
slow_fast,ngram_sd,1,39,results/apexp_block/config_large_500/evaluation/paper_cap50/apex_hot_runs/survival_utility_controller_v4_speed_first__k1_2_4_8_16,survival_utility_controller_v4_speed_first__k1_2_4_8_16,survival_utility_controller_v4_speed_first,k1_2_4_8_16
slow_fast,ngram_sd,2,119,results/apexp_block/config_large_500/evaluation/paper_cap50/apex_hot_runs/survival_utility_controller_v4_speed_first__k1_2_4_8_16,survival_utility_controller_v4_speed_first__k1_2_4_8_16,survival_utility_controller_v4_speed_first,k1_2_4_8_16
slow_fast,ngram_sd,3,95,results/apexp_block/config_large_500/evaluation/paper_cap50/apex_hot_runs/survival_utility_controller_v4_speed_first__k1_2_4_8_16,survival_utility_controller_v4_speed_first__k1_2_4_8_16,survival_utility_controller_v4_speed_first,k1_2_4_8_16
slow_fast,ngram_sd,4,179,results/apexp_block/config_large_500/evaluation/paper_cap50/apex_hot_runs/survival_utility_controller_v4_speed_first__k1_2_4_8_16,survival_utility_controller_v4_speed_first__k1_2_4_8_16,survival_utility_controller_v4_speed_first,k1_2_4_8_16
slow_fast,ngram_sd,5,140,results/apexp_block/config_large_500/evaluation/paper_cap50/apex_hot_runs/survival_utility_controller_v4_speed_first__k1_2_4_8_16,survival_utility_controller_v4_speed_first__k1_2_4_8_16,survival_utility_controller_v4_speed_first,k1_2_4_8_16
slow_fast,ngram_sd,6,192,results/apexp_block/config_large_500/evaluation/paper_cap50/apex_hot_runs/survival_utility_controller_v4_speed_first__k1_2_4_8_16,survival_utility_controller_v4_speed_first__k1_2_4_8_16,survival_utility_controller_v4_speed_first,k1_2_4_8_16
slow_fast,ngram_sd,7,187,results/apexp_block/config_large_500/evaluation/paper_cap50/apex_hot_runs/survival_utility_controller_v4_speed_first__k1_2_4_8_16,survival_utility_controller_v4_speed_first__k1_2_4_8_16,survival_utility_controller_v4_speed_first,k1_2_4_8_16
slow_fast,ngram_sd,8,15491,results/apexp_block/config_large_500/evaluation/paper_cap50/apex_hot_runs/survival_utility_controller_v4_speed_first__k1_2_4_8_16,survival_utility_controller_v4_speed_first__k1_2_4_8_16,survival_utility_controller_v4_speed_first,k1_2_4_8_16
slow_fast,ngram_sd,9,181,results/apexp_block/config_large_500/evaluation/paper_cap50/apex_hot_runs/survival_utility_controller_v4_speed_first__k1_2_4_8_16,survival_utility_controller_v4_speed_first__k1_2_4_8_16,survival_utility_controller_v4_speed_first,k1_2_4_8_16
slow_fast,ngram_sd,10,214,results/apexp_block/config_large_500/evaluation/paper_cap50/apex_hot_runs/survival_utility_controller_v4_speed_first__k1_2_4_8_16,survival_utility_controller_v4_speed_first__k1_2_4_8_16,survival_utility_controller_v4_speed_first,k1_2_4_8_16
slow_fast,ngram_sd,11,171,results/apexp_block/config_large_500/evaluation/paper_cap50/apex_hot_runs/survival_utility_controller_v4_speed_first__k1_2_4_8_16,survival_utility_controller_v4_speed_first__k1_2_4_8_16,survival_utility_controller_v4_speed_first,k1_2_4_8_16
slow_fast,ngram_sd,12,225,results/apexp_block/config_large_500/evaluation/paper_cap50/apex_hot_runs/survival_utility_controller_v4_speed_first__k1_2_4_8_16,survival_utility_controller_v4_speed_first__k1_2_4_8_16,survival_utility_controller_v4_speed_first,k1_2_4_8_16
slow_fast,ngram_sd,13,178,results/apexp_block/config_large_500/evaluation/paper_cap50/apex_hot_runs/survival_utility_controller_v4_speed_first__k1_2_4_8_16,survival_utility_controller_v4_speed_first__k1_2_4_8_16,survival_utility_controller_v4_speed_first,k1_2_4_8_16
slow_fast,ngram_sd,14,189,results/apexp_block/config_large_500/evaluation/paper_cap50/apex_hot_runs/survival_utility_controller_v4_speed_first__k1_2_4_8_16,survival_utility_controller_v4_speed_first__k1_2_4_8_16,survival_utility_controller_v4_speed_first,k1_2_4_8_16
slow_fast,ngram_sd,15,181,results/apexp_block/config_large_500/evaluation/paper_cap50/apex_hot_runs/survival_utility_controller_v4_speed_first__k1_2_4_8_16,survival_utility_controller_v4_speed_first__k1_2_4_8_16,survival_utility_controller_v4_speed_first,k1_2_4_8_16
slow_fast,ngram_sd,16,76560,results/apexp_block/config_large_500/evaluation/paper_cap50/apex_hot_runs/survival_utility_controller_v4_speed_first__k1_2_4_8_16,survival_utility_controller_v4_speed_first__k1_2_4_8_16,survival_utility_controller_v4_speed_first,k1_2_4_8_16
slow_only,eagle3,2,2848,results/apexp_block/config_large_500/evaluation/paper_cap50/apex_hot_runs/survival_utility_controller_v4_speed_first__k1_2_4_8_16,survival_utility_controller_v4_speed_first__k1_2_4_8_16,survival_utility_controller_v4_speed_first,k1_2_4_8_16
slow_only,eagle3,4,1863,results/apexp_block/config_large_500/evaluation/paper_cap50/apex_hot_runs/survival_utility_controller_v4_speed_first__k1_2_4_8_16,survival_utility_controller_v4_speed_first__k1_2_4_8_16,survival_utility_controller_v4_speed_first,k1_2_4_8_16
slow_only,eagle3,8,984,results/apexp_block/config_large_500/evaluation/paper_cap50/apex_hot_runs/survival_utility_controller_v4_speed_first__k1_2_4_8_16,survival_utility_controller_v4_speed_first__k1_2_4_8_16,survival_utility_controller_v4_speed_first,k1_2_4_8_16
slow_only,eagle3,16,9569,results/apexp_block/config_large_500/evaluation/paper_cap50/apex_hot_runs/survival_utility_controller_v4_speed_first__k1_2_4_8_16,survival_utility_controller_v4_speed_first__k1_2_4_8_16,survival_utility_controller_v4_speed_first,k1_2_4_8_16
slow_only,ngram_sd,1,38,results/apexp_block/config_large_500/evaluation/paper_cap50/apex_hot_runs/survival_utility_controller_v4_speed_first__k1_2_4_8_16,survival_utility_controller_v4_speed_first__k1_2_4_8_16,survival_utility_controller_v4_speed_first,k1_2_4_8_16
slow_only,ngram_sd,2,1577,results/apexp_block/config_large_500/evaluation/paper_cap50/apex_hot_runs/survival_utility_controller_v4_speed_first__k1_2_4_8_16,survival_utility_controller_v4_speed_first__k1_2_4_8_16,survival_utility_controller_v4_speed_first,k1_2_4_8_16
slow_only,ngram_sd,3,96,results/apexp_block/config_large_500/evaluation/paper_cap50/apex_hot_runs/survival_utility_controller_v4_speed_first__k1_2_4_8_16,survival_utility_controller_v4_speed_first__k1_2_4_8_16,survival_utility_controller_v4_speed_first,k1_2_4_8_16
slow_only,ngram_sd,4,1229,results/apexp_block/config_large_500/evaluation/paper_cap50/apex_hot_runs/survival_utility_controller_v4_speed_first__k1_2_4_8_16,survival_utility_controller_v4_speed_first__k1_2_4_8_16,survival_utility_controller_v4_speed_first,k1_2_4_8_16
slow_only,ngram_sd,5,135,results/apexp_block/config_large_500/evaluation/paper_cap50/apex_hot_runs/survival_utility_controller_v4_speed_first__k1_2_4_8_16,survival_utility_controller_v4_speed_first__k1_2_4_8_16,survival_utility_controller_v4_speed_first,k1_2_4_8_16
slow_only,ngram_sd,6,183,results/apexp_block/config_large_500/evaluation/paper_cap50/apex_hot_runs/survival_utility_controller_v4_speed_first__k1_2_4_8_16,survival_utility_controller_v4_speed_first__k1_2_4_8_16,survival_utility_controller_v4_speed_first,k1_2_4_8_16
slow_only,ngram_sd,7,186,results/apexp_block/config_large_500/evaluation/paper_cap50/apex_hot_runs/survival_utility_controller_v4_speed_first__k1_2_4_8_16,survival_utility_controller_v4_speed_first__k1_2_4_8_16,survival_utility_controller_v4_speed_first,k1_2_4_8_16
slow_only,ngram_sd,8,1268,results/apexp_block/config_large_500/evaluation/paper_cap50/apex_hot_runs/survival_utility_controller_v4_speed_first__k1_2_4_8_16,survival_utility_controller_v4_speed_first__k1_2_4_8_16,survival_utility_controller_v4_speed_first,k1_2_4_8_16
slow_only,ngram_sd,9,193,results/apexp_block/config_large_500/evaluation/paper_cap50/apex_hot_runs/survival_utility_controller_v4_speed_first__k1_2_4_8_16,survival_utility_controller_v4_speed_first__k1_2_4_8_16,survival_utility_controller_v4_speed_first,k1_2_4_8_16
slow_only,ngram_sd,10,233,results/apexp_block/config_large_500/evaluation/paper_cap50/apex_hot_runs/survival_utility_controller_v4_speed_first__k1_2_4_8_16,survival_utility_controller_v4_speed_first__k1_2_4_8_16,survival_utility_controller_v4_speed_first,k1_2_4_8_16
slow_only,ngram_sd,11,204,results/apexp_block/config_large_500/evaluation/paper_cap50/apex_hot_runs/survival_utility_controller_v4_speed_first__k1_2_4_8_16,survival_utility_controller_v4_speed_first__k1_2_4_8_16,survival_utility_controller_v4_speed_first,k1_2_4_8_16
slow_only,ngram_sd,12,243,results/apexp_block/config_large_500/evaluation/paper_cap50/apex_hot_runs/survival_utility_controller_v4_speed_first__k1_2_4_8_16,survival_utility_controller_v4_speed_first__k1_2_4_8_16,survival_utility_controller_v4_speed_first,k1_2_4_8_16
slow_only,ngram_sd,13,200,results/apexp_block/config_large_500/evaluation/paper_cap50/apex_hot_runs/survival_utility_controller_v4_speed_first__k1_2_4_8_16,survival_utility_controller_v4_speed_first__k1_2_4_8_16,survival_utility_controller_v4_speed_first,k1_2_4_8_16
slow_only,ngram_sd,14,219,results/apexp_block/config_large_500/evaluation/paper_cap50/apex_hot_runs/survival_utility_controller_v4_speed_first__k1_2_4_8_16,survival_utility_controller_v4_speed_first__k1_2_4_8_16,survival_utility_controller_v4_speed_first,k1_2_4_8_16
slow_only,ngram_sd,15,196,results/apexp_block/config_large_500/evaluation/paper_cap50/apex_hot_runs/survival_utility_controller_v4_speed_first__k1_2_4_8_16,survival_utility_controller_v4_speed_first__k1_2_4_8_16,survival_utility_controller_v4_speed_first,k1_2_4_8_16
slow_only,ngram_sd,16,88386,results/apexp_block/config_large_500/evaluation/paper_cap50/apex_hot_runs/survival_utility_controller_v4_speed_first__k1_2_4_8_16,survival_utility_controller_v4_speed_first__k1_2_4_8_16,survival_utility_controller_v4_speed_first,k1_2_4_8_16
slow_fast,eagle3,1,35,results/apexp_block/config_large_500/evaluation/paper_cap50/apex_hot_runs/survival_utility_controller_v4_speed_first__k1_to_16,survival_utility_controller_v4_speed_first__k1_to_16,survival_utility_controller_v4_speed_first,k1_to_16
slow_fast,eagle3,2,543,results/apexp_block/config_large_500/evaluation/paper_cap50/apex_hot_runs/survival_utility_controller_v4_speed_first__k1_to_16,survival_utility_controller_v4_speed_first__k1_to_16,survival_utility_controller_v4_speed_first,k1_to_16
slow_fast,eagle3,3,8773,results/apexp_block/config_large_500/evaluation/paper_cap50/apex_hot_runs/survival_utility_controller_v4_speed_first__k1_to_16,survival_utility_controller_v4_speed_first__k1_to_16,survival_utility_controller_v4_speed_first,k1_to_16
slow_fast,eagle3,4,4658,results/apexp_block/config_large_500/evaluation/paper_cap50/apex_hot_runs/survival_utility_controller_v4_speed_first__k1_to_16,survival_utility_controller_v4_speed_first__k1_to_16,survival_utility_controller_v4_speed_first,k1_to_16
slow_fast,eagle3,5,904,results/apexp_block/config_large_500/evaluation/paper_cap50/apex_hot_runs/survival_utility_controller_v4_speed_first__k1_to_16,survival_utility_controller_v4_speed_first__k1_to_16,survival_utility_controller_v4_speed_first,k1_to_16
slow_fast,eagle3,6,279,results/apexp_block/config_large_500/evaluation/paper_cap50/apex_hot_runs/survival_utility_controller_v4_speed_first__k1_to_16,survival_utility_controller_v4_speed_first__k1_to_16,survival_utility_controller_v4_speed_first,k1_to_16
slow_fast,eagle3,7,3,results/apexp_block/config_large_500/evaluation/paper_cap50/apex_hot_runs/survival_utility_controller_v4_speed_first__k1_to_16,survival_utility_controller_v4_speed_first__k1_to_16,survival_utility_controller_v4_speed_first,k1_to_16
slow_fast,eagle3,8,7,results/apexp_block/config_large_500/evaluation/paper_cap50/apex_hot_runs/survival_utility_controller_v4_speed_first__k1_to_16,survival_utility_controller_v4_speed_first__k1_to_16,survival_utility_controller_v4_speed_first,k1_to_16
slow_fast,eagle3,11,2,results/apexp_block/config_large_500/evaluation/paper_cap50/apex_hot_runs/survival_utility_controller_v4_speed_first__k1_to_16,survival_utility_controller_v4_speed_first__k1_to_16,survival_utility_controller_v4_speed_first,k1_to_16
slow_fast,eagle3,16,60,results/apexp_block/config_large_500/evaluation/paper_cap50/apex_hot_runs/survival_utility_controller_v4_speed_first__k1_to_16,survival_utility_controller_v4_speed_first__k1_to_16,survival_utility_controller_v4_speed_first,k1_to_16
slow_fast,ngram_sd,1,39,results/apexp_block/config_large_500/evaluation/paper_cap50/apex_hot_runs/survival_utility_controller_v4_speed_first__k1_to_16,survival_utility_controller_v4_speed_first__k1_to_16,survival_utility_controller_v4_speed_first,k1_to_16
slow_fast,ngram_sd,2,115,results/apexp_block/config_large_500/evaluation/paper_cap50/apex_hot_runs/survival_utility_controller_v4_speed_first__k1_to_16,survival_utility_controller_v4_speed_first__k1_to_16,survival_utility_controller_v4_speed_first,k1_to_16
slow_fast,ngram_sd,3,100,results/apexp_block/config_large_500/evaluation/paper_cap50/apex_hot_runs/survival_utility_controller_v4_speed_first__k1_to_16,survival_utility_controller_v4_speed_first__k1_to_16,survival_utility_controller_v4_speed_first,k1_to_16
slow_fast,ngram_sd,4,150,results/apexp_block/config_large_500/evaluation/paper_cap50/apex_hot_runs/survival_utility_controller_v4_speed_first__k1_to_16,survival_utility_controller_v4_speed_first__k1_to_16,survival_utility_controller_v4_speed_first,k1_to_16
slow_fast,ngram_sd,5,157,results/apexp_block/config_large_500/evaluation/paper_cap50/apex_hot_runs/survival_utility_controller_v4_speed_first__k1_to_16,survival_utility_controller_v4_speed_first__k1_to_16,survival_utility_controller_v4_speed_first,k1_to_16
slow_fast,ngram_sd,6,204,results/apexp_block/config_large_500/evaluation/paper_cap50/apex_hot_runs/survival_utility_controller_v4_speed_first__k1_to_16,survival_utility_controller_v4_speed_first__k1_to_16,survival_utility_controller_v4_speed_first,k1_to_16
slow_fast,ngram_sd,7,227,results/apexp_block/config_large_500/evaluation/paper_cap50/apex_hot_runs/survival_utility_controller_v4_speed_first__k1_to_16,survival_utility_controller_v4_speed_first__k1_to_16,survival_utility_controller_v4_speed_first,k1_to_16
slow_fast,ngram_sd,8,416,results/apexp_block/config_large_500/evaluation/paper_cap50/apex_hot_runs/survival_utility_controller_v4_speed_first__k1_to_16,survival_utility_controller_v4_speed_first__k1_to_16,survival_utility_controller_v4_speed_first,k1_to_16
slow_fast,ngram_sd,9,908,results/apexp_block/config_large_500/evaluation/paper_cap50/apex_hot_runs/survival_utility_controller_v4_speed_first__k1_to_16,survival_utility_controller_v4_speed_first__k1_to_16,survival_utility_controller_v4_speed_first,k1_to_16
slow_fast,ngram_sd,10,2346,results/apexp_block/config_large_500/evaluation/paper_cap50/apex_hot_runs/survival_utility_controller_v4_speed_first__k1_to_16,survival_utility_controller_v4_speed_first__k1_to_16,survival_utility_controller_v4_speed_first,k1_to_16
slow_fast,ngram_sd,11,4401,results/apexp_block/config_large_500/evaluation/paper_cap50/apex_hot_runs/survival_utility_controller_v4_speed_first__k1_to_16,survival_utility_controller_v4_speed_first__k1_to_16,survival_utility_controller_v4_speed_first,k1_to_16
slow_fast,ngram_sd,12,8342,results/apexp_block/config_large_500/evaluation/paper_cap50/apex_hot_runs/survival_utility_controller_v4_speed_first__k1_to_16,survival_utility_controller_v4_speed_first__k1_to_16,survival_utility_controller_v4_speed_first,k1_to_16
slow_fast,ngram_sd,13,13287,results/apexp_block/config_large_500/evaluation/paper_cap50/apex_hot_runs/survival_utility_controller_v4_speed_first__k1_to_16,survival_utility_controller_v4_speed_first__k1_to_16,survival_utility_controller_v4_speed_first,k1_to_16
slow_fast,ngram_sd,14,14478,results/apexp_block/config_large_500/evaluation/paper_cap50/apex_hot_runs/survival_utility_controller_v4_speed_first__k1_to_16,survival_utility_controller_v4_speed_first__k1_to_16,survival_utility_controller_v4_speed_first,k1_to_16
slow_fast,ngram_sd,15,12036,results/apexp_block/config_large_500/evaluation/paper_cap50/apex_hot_runs/survival_utility_controller_v4_speed_first__k1_to_16,survival_utility_controller_v4_speed_first__k1_to_16,survival_utility_controller_v4_speed_first,k1_to_16
slow_fast,ngram_sd,16,36965,results/apexp_block/config_large_500/evaluation/paper_cap50/apex_hot_runs/survival_utility_controller_v4_speed_first__k1_to_16,survival_utility_controller_v4_speed_first__k1_to_16,survival_utility_controller_v4_speed_first,k1_to_16
slow_only,eagle3,2,2848,results/apexp_block/config_large_500/evaluation/paper_cap50/apex_hot_runs/survival_utility_controller_v4_speed_first__k1_to_16,survival_utility_controller_v4_speed_first__k1_to_16,survival_utility_controller_v4_speed_first,k1_to_16
slow_only,eagle3,4,1863,results/apexp_block/config_large_500/evaluation/paper_cap50/apex_hot_runs/survival_utility_controller_v4_speed_first__k1_to_16,survival_utility_controller_v4_speed_first__k1_to_16,survival_utility_controller_v4_speed_first,k1_to_16
slow_only,eagle3,8,984,results/apexp_block/config_large_500/evaluation/paper_cap50/apex_hot_runs/survival_utility_controller_v4_speed_first__k1_to_16,survival_utility_controller_v4_speed_first__k1_to_16,survival_utility_controller_v4_speed_first,k1_to_16
slow_only,eagle3,16,9569,results/apexp_block/config_large_500/evaluation/paper_cap50/apex_hot_runs/survival_utility_controller_v4_speed_first__k1_to_16,survival_utility_controller_v4_speed_first__k1_to_16,survival_utility_controller_v4_speed_first,k1_to_16
slow_only,ngram_sd,1,38,results/apexp_block/config_large_500/evaluation/paper_cap50/apex_hot_runs/survival_utility_controller_v4_speed_first__k1_to_16,survival_utility_controller_v4_speed_first__k1_to_16,survival_utility_controller_v4_speed_first,k1_to_16
slow_only,ngram_sd,2,1577,results/apexp_block/config_large_500/evaluation/paper_cap50/apex_hot_runs/survival_utility_controller_v4_speed_first__k1_to_16,survival_utility_controller_v4_speed_first__k1_to_16,survival_utility_controller_v4_speed_first,k1_to_16
slow_only,ngram_sd,3,96,results/apexp_block/config_large_500/evaluation/paper_cap50/apex_hot_runs/survival_utility_controller_v4_speed_first__k1_to_16,survival_utility_controller_v4_speed_first__k1_to_16,survival_utility_controller_v4_speed_first,k1_to_16
slow_only,ngram_sd,4,1229,results/apexp_block/config_large_500/evaluation/paper_cap50/apex_hot_runs/survival_utility_controller_v4_speed_first__k1_to_16,survival_utility_controller_v4_speed_first__k1_to_16,survival_utility_controller_v4_speed_first,k1_to_16
slow_only,ngram_sd,5,135,results/apexp_block/config_large_500/evaluation/paper_cap50/apex_hot_runs/survival_utility_controller_v4_speed_first__k1_to_16,survival_utility_controller_v4_speed_first__k1_to_16,survival_utility_controller_v4_speed_first,k1_to_16
slow_only,ngram_sd,6,183,results/apexp_block/config_large_500/evaluation/paper_cap50/apex_hot_runs/survival_utility_controller_v4_speed_first__k1_to_16,survival_utility_controller_v4_speed_first__k1_to_16,survival_utility_controller_v4_speed_first,k1_to_16
slow_only,ngram_sd,7,186,results/apexp_block/config_large_500/evaluation/paper_cap50/apex_hot_runs/survival_utility_controller_v4_speed_first__k1_to_16,survival_utility_controller_v4_speed_first__k1_to_16,survival_utility_controller_v4_speed_first,k1_to_16
slow_only,ngram_sd,8,1268,results/apexp_block/config_large_500/evaluation/paper_cap50/apex_hot_runs/survival_utility_controller_v4_speed_first__k1_to_16,survival_utility_controller_v4_speed_first__k1_to_16,survival_utility_controller_v4_speed_first,k1_to_16
slow_only,ngram_sd,9,193,results/apexp_block/config_large_500/evaluation/paper_cap50/apex_hot_runs/survival_utility_controller_v4_speed_first__k1_to_16,survival_utility_controller_v4_speed_first__k1_to_16,survival_utility_controller_v4_speed_first,k1_to_16
slow_only,ngram_sd,10,233,results/apexp_block/config_large_500/evaluation/paper_cap50/apex_hot_runs/survival_utility_controller_v4_speed_first__k1_to_16,survival_utility_controller_v4_speed_first__k1_to_16,survival_utility_controller_v4_speed_first,k1_to_16
slow_only,ngram_sd,11,204,results/apexp_block/config_large_500/evaluation/paper_cap50/apex_hot_runs/survival_utility_controller_v4_speed_first__k1_to_16,survival_utility_controller_v4_speed_first__k1_to_16,survival_utility_controller_v4_speed_first,k1_to_16
slow_only,ngram_sd,12,243,results/apexp_block/config_large_500/evaluation/paper_cap50/apex_hot_runs/survival_utility_controller_v4_speed_first__k1_to_16,survival_utility_controller_v4_speed_first__k1_to_16,survival_utility_controller_v4_speed_first,k1_to_16
slow_only,ngram_sd,13,200,results/apexp_block/config_large_500/evaluation/paper_cap50/apex_hot_runs/survival_utility_controller_v4_speed_first__k1_to_16,survival_utility_controller_v4_speed_first__k1_to_16,survival_utility_controller_v4_speed_first,k1_to_16
slow_only,ngram_sd,14,219,results/apexp_block/config_large_500/evaluation/paper_cap50/apex_hot_runs/survival_utility_controller_v4_speed_first__k1_to_16,survival_utility_controller_v4_speed_first__k1_to_16,survival_utility_controller_v4_speed_first,k1_to_16
slow_only,ngram_sd,15,196,results/apexp_block/config_large_500/evaluation/paper_cap50/apex_hot_runs/survival_utility_controller_v4_speed_first__k1_to_16,survival_utility_controller_v4_speed_first__k1_to_16,survival_utility_controller_v4_speed_first,k1_to_16
slow_only,ngram_sd,16,88386,results/apexp_block/config_large_500/evaluation/paper_cap50/apex_hot_runs/survival_utility_controller_v4_speed_first__k1_to_16,survival_utility_controller_v4_speed_first__k1_to_16,survival_utility_controller_v4_speed_first,k1_to_16
slow_fast,eagle3,2,3804,results/apexp_block/config_large_500/evaluation/paper_cap50/apex_hot_runs/survival_utility_controller_v4_speed_first__k2_4_6_8,survival_utility_controller_v4_speed_first__k2_4_6_8,survival_utility_controller_v4_speed_first,k2_4_6_8
slow_fast,eagle3,4,10613,results/apexp_block/config_large_500/evaluation/paper_cap50/apex_hot_runs/survival_utility_controller_v4_speed_first__k2_4_6_8,survival_utility_controller_v4_speed_first__k2_4_6_8,survival_utility_controller_v4_speed_first,k2_4_6_8
slow_fast,eagle3,6,778,results/apexp_block/config_large_500/evaluation/paper_cap50/apex_hot_runs/survival_utility_controller_v4_speed_first__k2_4_6_8,survival_utility_controller_v4_speed_first__k2_4_6_8,survival_utility_controller_v4_speed_first,k2_4_6_8
slow_fast,eagle3,8,70,results/apexp_block/config_large_500/evaluation/paper_cap50/apex_hot_runs/survival_utility_controller_v4_speed_first__k2_4_6_8,survival_utility_controller_v4_speed_first__k2_4_6_8,survival_utility_controller_v4_speed_first,k2_4_6_8
slow_fast,ngram_sd,1,38,results/apexp_block/config_large_500/evaluation/paper_cap50/apex_hot_runs/survival_utility_controller_v4_speed_first__k2_4_6_8,survival_utility_controller_v4_speed_first__k2_4_6_8,survival_utility_controller_v4_speed_first,k2_4_6_8
slow_fast,ngram_sd,2,117,results/apexp_block/config_large_500/evaluation/paper_cap50/apex_hot_runs/survival_utility_controller_v4_speed_first__k2_4_6_8,survival_utility_controller_v4_speed_first__k2_4_6_8,survival_utility_controller_v4_speed_first,k2_4_6_8
slow_fast,ngram_sd,3,96,results/apexp_block/config_large_500/evaluation/paper_cap50/apex_hot_runs/survival_utility_controller_v4_speed_first__k2_4_6_8,survival_utility_controller_v4_speed_first__k2_4_6_8,survival_utility_controller_v4_speed_first,k2_4_6_8
slow_fast,ngram_sd,4,157,results/apexp_block/config_large_500/evaluation/paper_cap50/apex_hot_runs/survival_utility_controller_v4_speed_first__k2_4_6_8,survival_utility_controller_v4_speed_first__k2_4_6_8,survival_utility_controller_v4_speed_first,k2_4_6_8
slow_fast,ngram_sd,5,140,results/apexp_block/config_large_500/evaluation/paper_cap50/apex_hot_runs/survival_utility_controller_v4_speed_first__k2_4_6_8,survival_utility_controller_v4_speed_first__k2_4_6_8,survival_utility_controller_v4_speed_first,k2_4_6_8
slow_fast,ngram_sd,6,196,results/apexp_block/config_large_500/evaluation/paper_cap50/apex_hot_runs/survival_utility_controller_v4_speed_first__k2_4_6_8,survival_utility_controller_v4_speed_first__k2_4_6_8,survival_utility_controller_v4_speed_first,k2_4_6_8
slow_fast,ngram_sd,7,188,results/apexp_block/config_large_500/evaluation/paper_cap50/apex_hot_runs/survival_utility_controller_v4_speed_first__k2_4_6_8,survival_utility_controller_v4_speed_first__k2_4_6_8,survival_utility_controller_v4_speed_first,k2_4_6_8
slow_fast,ngram_sd,8,101629,results/apexp_block/config_large_500/evaluation/paper_cap50/apex_hot_runs/survival_utility_controller_v4_speed_first__k2_4_6_8,survival_utility_controller_v4_speed_first__k2_4_6_8,survival_utility_controller_v4_speed_first,k2_4_6_8
slow_only,eagle3,2,2848,results/apexp_block/config_large_500/evaluation/paper_cap50/apex_hot_runs/survival_utility_controller_v4_speed_first__k2_4_6_8,survival_utility_controller_v4_speed_first__k2_4_6_8,survival_utility_controller_v4_speed_first,k2_4_6_8
slow_only,eagle3,4,1863,results/apexp_block/config_large_500/evaluation/paper_cap50/apex_hot_runs/survival_utility_controller_v4_speed_first__k2_4_6_8,survival_utility_controller_v4_speed_first__k2_4_6_8,survival_utility_controller_v4_speed_first,k2_4_6_8
slow_only,eagle3,8,984,results/apexp_block/config_large_500/evaluation/paper_cap50/apex_hot_runs/survival_utility_controller_v4_speed_first__k2_4_6_8,survival_utility_controller_v4_speed_first__k2_4_6_8,survival_utility_controller_v4_speed_first,k2_4_6_8
slow_only,eagle3,16,9569,results/apexp_block/config_large_500/evaluation/paper_cap50/apex_hot_runs/survival_utility_controller_v4_speed_first__k2_4_6_8,survival_utility_controller_v4_speed_first__k2_4_6_8,survival_utility_controller_v4_speed_first,k2_4_6_8
slow_only,ngram_sd,1,38,results/apexp_block/config_large_500/evaluation/paper_cap50/apex_hot_runs/survival_utility_controller_v4_speed_first__k2_4_6_8,survival_utility_controller_v4_speed_first__k2_4_6_8,survival_utility_controller_v4_speed_first,k2_4_6_8
slow_only,ngram_sd,2,1577,results/apexp_block/config_large_500/evaluation/paper_cap50/apex_hot_runs/survival_utility_controller_v4_speed_first__k2_4_6_8,survival_utility_controller_v4_speed_first__k2_4_6_8,survival_utility_controller_v4_speed_first,k2_4_6_8
slow_only,ngram_sd,3,96,results/apexp_block/config_large_500/evaluation/paper_cap50/apex_hot_runs/survival_utility_controller_v4_speed_first__k2_4_6_8,survival_utility_controller_v4_speed_first__k2_4_6_8,survival_utility_controller_v4_speed_first,k2_4_6_8
slow_only,ngram_sd,4,1229,results/apexp_block/config_large_500/evaluation/paper_cap50/apex_hot_runs/survival_utility_controller_v4_speed_first__k2_4_6_8,survival_utility_controller_v4_speed_first__k2_4_6_8,survival_utility_controller_v4_speed_first,k2_4_6_8
slow_only,ngram_sd,5,135,results/apexp_block/config_large_500/evaluation/paper_cap50/apex_hot_runs/survival_utility_controller_v4_speed_first__k2_4_6_8,survival_utility_controller_v4_speed_first__k2_4_6_8,survival_utility_controller_v4_speed_first,k2_4_6_8
slow_only,ngram_sd,6,183,results/apexp_block/config_large_500/evaluation/paper_cap50/apex_hot_runs/survival_utility_controller_v4_speed_first__k2_4_6_8,survival_utility_controller_v4_speed_first__k2_4_6_8,survival_utility_controller_v4_speed_first,k2_4_6_8
slow_only,ngram_sd,7,186,results/apexp_block/config_large_500/evaluation/paper_cap50/apex_hot_runs/survival_utility_controller_v4_speed_first__k2_4_6_8,survival_utility_controller_v4_speed_first__k2_4_6_8,survival_utility_controller_v4_speed_first,k2_4_6_8
slow_only,ngram_sd,8,1268,results/apexp_block/config_large_500/evaluation/paper_cap50/apex_hot_runs/survival_utility_controller_v4_speed_first__k2_4_6_8,survival_utility_controller_v4_speed_first__k2_4_6_8,survival_utility_controller_v4_speed_first,k2_4_6_8
slow_only,ngram_sd,9,193,results/apexp_block/config_large_500/evaluation/paper_cap50/apex_hot_runs/survival_utility_controller_v4_speed_first__k2_4_6_8,survival_utility_controller_v4_speed_first__k2_4_6_8,survival_utility_controller_v4_speed_first,k2_4_6_8
slow_only,ngram_sd,10,233,results/apexp_block/config_large_500/evaluation/paper_cap50/apex_hot_runs/survival_utility_controller_v4_speed_first__k2_4_6_8,survival_utility_controller_v4_speed_first__k2_4_6_8,survival_utility_controller_v4_speed_first,k2_4_6_8
slow_only,ngram_sd,11,204,results/apexp_block/config_large_500/evaluation/paper_cap50/apex_hot_runs/survival_utility_controller_v4_speed_first__k2_4_6_8,survival_utility_controller_v4_speed_first__k2_4_6_8,survival_utility_controller_v4_speed_first,k2_4_6_8
slow_only,ngram_sd,12,243,results/apexp_block/config_large_500/evaluation/paper_cap50/apex_hot_runs/survival_utility_controller_v4_speed_first__k2_4_6_8,survival_utility_controller_v4_speed_first__k2_4_6_8,survival_utility_controller_v4_speed_first,k2_4_6_8
slow_only,ngram_sd,13,200,results/apexp_block/config_large_500/evaluation/paper_cap50/apex_hot_runs/survival_utility_controller_v4_speed_first__k2_4_6_8,survival_utility_controller_v4_speed_first__k2_4_6_8,survival_utility_controller_v4_speed_first,k2_4_6_8
slow_only,ngram_sd,14,219,results/apexp_block/config_large_500/evaluation/paper_cap50/apex_hot_runs/survival_utility_controller_v4_speed_first__k2_4_6_8,survival_utility_controller_v4_speed_first__k2_4_6_8,survival_utility_controller_v4_speed_first,k2_4_6_8
slow_only,ngram_sd,15,196,results/apexp_block/config_large_500/evaluation/paper_cap50/apex_hot_runs/survival_utility_controller_v4_speed_first__k2_4_6_8,survival_utility_controller_v4_speed_first__k2_4_6_8,survival_utility_controller_v4_speed_first,k2_4_6_8
slow_only,ngram_sd,16,88386,results/apexp_block/config_large_500/evaluation/paper_cap50/apex_hot_runs/survival_utility_controller_v4_speed_first__k2_4_6_8,survival_utility_controller_v4_speed_first__k2_4_6_8,survival_utility_controller_v4_speed_first,k2_4_6_8
slow_fast,eagle3,1,1155,results/apexp_block/config_large_500/evaluation/paper_cap50/apex_hot_runs/survival_utility_controller_v4b_rankgroup_balanced_lr5e4_rank2__k1_2_4_6_8_10_12_14_16,survival_utility_controller_v4b_rankgroup_balanced_lr5e4_rank2__k1_2_4_6_8_10_12_14_16,survival_utility_controller_v4b_rankgroup_balanced_lr5e4_rank2,k1_2_4_6_8_10_12_14_16
slow_fast,eagle3,2,13112,results/apexp_block/config_large_500/evaluation/paper_cap50/apex_hot_runs/survival_utility_controller_v4b_rankgroup_balanced_lr5e4_rank2__k1_2_4_6_8_10_12_14_16,survival_utility_controller_v4b_rankgroup_balanced_lr5e4_rank2__k1_2_4_6_8_10_12_14_16,survival_utility_controller_v4b_rankgroup_balanced_lr5e4_rank2,k1_2_4_6_8_10_12_14_16
slow_fast,eagle3,4,946,results/apexp_block/config_large_500/evaluation/paper_cap50/apex_hot_runs/survival_utility_controller_v4b_rankgroup_balanced_lr5e4_rank2__k1_2_4_6_8_10_12_14_16,survival_utility_controller_v4b_rankgroup_balanced_lr5e4_rank2__k1_2_4_6_8_10_12_14_16,survival_utility_controller_v4b_rankgroup_balanced_lr5e4_rank2,k1_2_4_6_8_10_12_14_16
slow_fast,eagle3,8,6,results/apexp_block/config_large_500/evaluation/paper_cap50/apex_hot_runs/survival_utility_controller_v4b_rankgroup_balanced_lr5e4_rank2__k1_2_4_6_8_10_12_14_16,survival_utility_controller_v4b_rankgroup_balanced_lr5e4_rank2__k1_2_4_6_8_10_12_14_16,survival_utility_controller_v4b_rankgroup_balanced_lr5e4_rank2,k1_2_4_6_8_10_12_14_16
slow_fast,eagle3,16,60,results/apexp_block/config_large_500/evaluation/paper_cap50/apex_hot_runs/survival_utility_controller_v4b_rankgroup_balanced_lr5e4_rank2__k1_2_4_6_8_10_12_14_16,survival_utility_controller_v4b_rankgroup_balanced_lr5e4_rank2__k1_2_4_6_8_10_12_14_16,survival_utility_controller_v4b_rankgroup_balanced_lr5e4_rank2,k1_2_4_6_8_10_12_14_16
slow_fast,ngram_sd,1,391,results/apexp_block/config_large_500/evaluation/paper_cap50/apex_hot_runs/survival_utility_controller_v4b_rankgroup_balanced_lr5e4_rank2__k1_2_4_6_8_10_12_14_16,survival_utility_controller_v4b_rankgroup_balanced_lr5e4_rank2__k1_2_4_6_8_10_12_14_16,survival_utility_controller_v4b_rankgroup_balanced_lr5e4_rank2,k1_2_4_6_8_10_12_14_16
slow_fast,ngram_sd,2,2372,results/apexp_block/config_large_500/evaluation/paper_cap50/apex_hot_runs/survival_utility_controller_v4b_rankgroup_balanced_lr5e4_rank2__k1_2_4_6_8_10_12_14_16,survival_utility_controller_v4b_rankgroup_balanced_lr5e4_rank2__k1_2_4_6_8_10_12_14_16,survival_utility_controller_v4b_rankgroup_balanced_lr5e4_rank2,k1_2_4_6_8_10_12_14_16
slow_fast,ngram_sd,3,90,results/apexp_block/config_large_500/evaluation/paper_cap50/apex_hot_runs/survival_utility_controller_v4b_rankgroup_balanced_lr5e4_rank2__k1_2_4_6_8_10_12_14_16,survival_utility_controller_v4b_rankgroup_balanced_lr5e4_rank2__k1_2_4_6_8_10_12_14_16,survival_utility_controller_v4b_rankgroup_balanced_lr5e4_rank2,k1_2_4_6_8_10_12_14_16
slow_fast,ngram_sd,4,16431,results/apexp_block/config_large_500/evaluation/paper_cap50/apex_hot_runs/survival_utility_controller_v4b_rankgroup_balanced_lr5e4_rank2__k1_2_4_6_8_10_12_14_16,survival_utility_controller_v4b_rankgroup_balanced_lr5e4_rank2__k1_2_4_6_8_10_12_14_16,survival_utility_controller_v4b_rankgroup_balanced_lr5e4_rank2,k1_2_4_6_8_10_12_14_16
slow_fast,ngram_sd,5,107,results/apexp_block/config_large_500/evaluation/paper_cap50/apex_hot_runs/survival_utility_controller_v4b_rankgroup_balanced_lr5e4_rank2__k1_2_4_6_8_10_12_14_16,survival_utility_controller_v4b_rankgroup_balanced_lr5e4_rank2__k1_2_4_6_8_10_12_14_16,survival_utility_controller_v4b_rankgroup_balanced_lr5e4_rank2,k1_2_4_6_8_10_12_14_16
slow_fast,ngram_sd,6,12052,results/apexp_block/config_large_500/evaluation/paper_cap50/apex_hot_runs/survival_utility_controller_v4b_rankgroup_balanced_lr5e4_rank2__k1_2_4_6_8_10_12_14_16,survival_utility_controller_v4b_rankgroup_balanced_lr5e4_rank2__k1_2_4_6_8_10_12_14_16,survival_utility_controller_v4b_rankgroup_balanced_lr5e4_rank2,k1_2_4_6_8_10_12_14_16
slow_fast,ngram_sd,7,128,results/apexp_block/config_large_500/evaluation/paper_cap50/apex_hot_runs/survival_utility_controller_v4b_rankgroup_balanced_lr5e4_rank2__k1_2_4_6_8_10_12_14_16,survival_utility_controller_v4b_rankgroup_balanced_lr5e4_rank2__k1_2_4_6_8_10_12_14_16,survival_utility_controller_v4b_rankgroup_balanced_lr5e4_rank2,k1_2_4_6_8_10_12_14_16
slow_fast,ngram_sd,8,11375,results/apexp_block/config_large_500/evaluation/paper_cap50/apex_hot_runs/survival_utility_controller_v4b_rankgroup_balanced_lr5e4_rank2__k1_2_4_6_8_10_12_14_16,survival_utility_controller_v4b_rankgroup_balanced_lr5e4_rank2__k1_2_4_6_8_10_12_14_16,survival_utility_controller_v4b_rankgroup_balanced_lr5e4_rank2,k1_2_4_6_8_10_12_14_16
slow_fast,ngram_sd,9,110,results/apexp_block/config_large_500/evaluation/paper_cap50/apex_hot_runs/survival_utility_controller_v4b_rankgroup_balanced_lr5e4_rank2__k1_2_4_6_8_10_12_14_16,survival_utility_controller_v4b_rankgroup_balanced_lr5e4_rank2__k1_2_4_6_8_10_12_14_16,survival_utility_controller_v4b_rankgroup_balanced_lr5e4_rank2,k1_2_4_6_8_10_12_14_16
slow_fast,ngram_sd,10,18224,results/apexp_block/config_large_500/evaluation/paper_cap50/apex_hot_runs/survival_utility_controller_v4b_rankgroup_balanced_lr5e4_rank2__k1_2_4_6_8_10_12_14_16,survival_utility_controller_v4b_rankgroup_balanced_lr5e4_rank2__k1_2_4_6_8_10_12_14_16,survival_utility_controller_v4b_rankgroup_balanced_lr5e4_rank2,k1_2_4_6_8_10_12_14_16
slow_fast,ngram_sd,11,71,results/apexp_block/config_large_500/evaluation/paper_cap50/apex_hot_runs/survival_utility_controller_v4b_rankgroup_balanced_lr5e4_rank2__k1_2_4_6_8_10_12_14_16,survival_utility_controller_v4b_rankgroup_balanced_lr5e4_rank2__k1_2_4_6_8_10_12_14_16,survival_utility_controller_v4b_rankgroup_balanced_lr5e4_rank2,k1_2_4_6_8_10_12_14_16
slow_fast,ngram_sd,12,12383,results/apexp_block/config_large_500/evaluation/paper_cap50/apex_hot_runs/survival_utility_controller_v4b_rankgroup_balanced_lr5e4_rank2__k1_2_4_6_8_10_12_14_16,survival_utility_controller_v4b_rankgroup_balanced_lr5e4_rank2__k1_2_4_6_8_10_12_14_16,survival_utility_controller_v4b_rankgroup_balanced_lr5e4_rank2,k1_2_4_6_8_10_12_14_16
slow_fast,ngram_sd,13,23,results/apexp_block/config_large_500/evaluation/paper_cap50/apex_hot_runs/survival_utility_controller_v4b_rankgroup_balanced_lr5e4_rank2__k1_2_4_6_8_10_12_14_16,survival_utility_controller_v4b_rankgroup_balanced_lr5e4_rank2__k1_2_4_6_8_10_12_14_16,survival_utility_controller_v4b_rankgroup_balanced_lr5e4_rank2,k1_2_4_6_8_10_12_14_16
slow_fast,ngram_sd,14,5168,results/apexp_block/config_large_500/evaluation/paper_cap50/apex_hot_runs/survival_utility_controller_v4b_rankgroup_balanced_lr5e4_rank2__k1_2_4_6_8_10_12_14_16,survival_utility_controller_v4b_rankgroup_balanced_lr5e4_rank2__k1_2_4_6_8_10_12_14_16,survival_utility_controller_v4b_rankgroup_balanced_lr5e4_rank2,k1_2_4_6_8_10_12_14_16
slow_fast,ngram_sd,15,20,results/apexp_block/config_large_500/evaluation/paper_cap50/apex_hot_runs/survival_utility_controller_v4b_rankgroup_balanced_lr5e4_rank2__k1_2_4_6_8_10_12_14_16,survival_utility_controller_v4b_rankgroup_balanced_lr5e4_rank2__k1_2_4_6_8_10_12_14_16,survival_utility_controller_v4b_rankgroup_balanced_lr5e4_rank2,k1_2_4_6_8_10_12_14_16
slow_fast,ngram_sd,16,16852,results/apexp_block/config_large_500/evaluation/paper_cap50/apex_hot_runs/survival_utility_controller_v4b_rankgroup_balanced_lr5e4_rank2__k1_2_4_6_8_10_12_14_16,survival_utility_controller_v4b_rankgroup_balanced_lr5e4_rank2__k1_2_4_6_8_10_12_14_16,survival_utility_controller_v4b_rankgroup_balanced_lr5e4_rank2,k1_2_4_6_8_10_12_14_16
slow_only,eagle3,2,2848,results/apexp_block/config_large_500/evaluation/paper_cap50/apex_hot_runs/survival_utility_controller_v4b_rankgroup_balanced_lr5e4_rank2__k1_2_4_6_8_10_12_14_16,survival_utility_controller_v4b_rankgroup_balanced_lr5e4_rank2__k1_2_4_6_8_10_12_14_16,survival_utility_controller_v4b_rankgroup_balanced_lr5e4_rank2,k1_2_4_6_8_10_12_14_16
slow_only,eagle3,4,1863,results/apexp_block/config_large_500/evaluation/paper_cap50/apex_hot_runs/survival_utility_controller_v4b_rankgroup_balanced_lr5e4_rank2__k1_2_4_6_8_10_12_14_16,survival_utility_controller_v4b_rankgroup_balanced_lr5e4_rank2__k1_2_4_6_8_10_12_14_16,survival_utility_controller_v4b_rankgroup_balanced_lr5e4_rank2,k1_2_4_6_8_10_12_14_16
slow_only,eagle3,8,984,results/apexp_block/config_large_500/evaluation/paper_cap50/apex_hot_runs/survival_utility_controller_v4b_rankgroup_balanced_lr5e4_rank2__k1_2_4_6_8_10_12_14_16,survival_utility_controller_v4b_rankgroup_balanced_lr5e4_rank2__k1_2_4_6_8_10_12_14_16,survival_utility_controller_v4b_rankgroup_balanced_lr5e4_rank2,k1_2_4_6_8_10_12_14_16
slow_only,eagle3,16,9569,results/apexp_block/config_large_500/evaluation/paper_cap50/apex_hot_runs/survival_utility_controller_v4b_rankgroup_balanced_lr5e4_rank2__k1_2_4_6_8_10_12_14_16,survival_utility_controller_v4b_rankgroup_balanced_lr5e4_rank2__k1_2_4_6_8_10_12_14_16,survival_utility_controller_v4b_rankgroup_balanced_lr5e4_rank2,k1_2_4_6_8_10_12_14_16
slow_only,ngram_sd,1,38,results/apexp_block/config_large_500/evaluation/paper_cap50/apex_hot_runs/survival_utility_controller_v4b_rankgroup_balanced_lr5e4_rank2__k1_2_4_6_8_10_12_14_16,survival_utility_controller_v4b_rankgroup_balanced_lr5e4_rank2__k1_2_4_6_8_10_12_14_16,survival_utility_controller_v4b_rankgroup_balanced_lr5e4_rank2,k1_2_4_6_8_10_12_14_16
slow_only,ngram_sd,2,1577,results/apexp_block/config_large_500/evaluation/paper_cap50/apex_hot_runs/survival_utility_controller_v4b_rankgroup_balanced_lr5e4_rank2__k1_2_4_6_8_10_12_14_16,survival_utility_controller_v4b_rankgroup_balanced_lr5e4_rank2__k1_2_4_6_8_10_12_14_16,survival_utility_controller_v4b_rankgroup_balanced_lr5e4_rank2,k1_2_4_6_8_10_12_14_16
slow_only,ngram_sd,3,96,results/apexp_block/config_large_500/evaluation/paper_cap50/apex_hot_runs/survival_utility_controller_v4b_rankgroup_balanced_lr5e4_rank2__k1_2_4_6_8_10_12_14_16,survival_utility_controller_v4b_rankgroup_balanced_lr5e4_rank2__k1_2_4_6_8_10_12_14_16,survival_utility_controller_v4b_rankgroup_balanced_lr5e4_rank2,k1_2_4_6_8_10_12_14_16
slow_only,ngram_sd,4,1229,results/apexp_block/config_large_500/evaluation/paper_cap50/apex_hot_runs/survival_utility_controller_v4b_rankgroup_balanced_lr5e4_rank2__k1_2_4_6_8_10_12_14_16,survival_utility_controller_v4b_rankgroup_balanced_lr5e4_rank2__k1_2_4_6_8_10_12_14_16,survival_utility_controller_v4b_rankgroup_balanced_lr5e4_rank2,k1_2_4_6_8_10_12_14_16
slow_only,ngram_sd,5,135,results/apexp_block/config_large_500/evaluation/paper_cap50/apex_hot_runs/survival_utility_controller_v4b_rankgroup_balanced_lr5e4_rank2__k1_2_4_6_8_10_12_14_16,survival_utility_controller_v4b_rankgroup_balanced_lr5e4_rank2__k1_2_4_6_8_10_12_14_16,survival_utility_controller_v4b_rankgroup_balanced_lr5e4_rank2,k1_2_4_6_8_10_12_14_16
slow_only,ngram_sd,6,183,results/apexp_block/config_large_500/evaluation/paper_cap50/apex_hot_runs/survival_utility_controller_v4b_rankgroup_balanced_lr5e4_rank2__k1_2_4_6_8_10_12_14_16,survival_utility_controller_v4b_rankgroup_balanced_lr5e4_rank2__k1_2_4_6_8_10_12_14_16,survival_utility_controller_v4b_rankgroup_balanced_lr5e4_rank2,k1_2_4_6_8_10_12_14_16
slow_only,ngram_sd,7,186,results/apexp_block/config_large_500/evaluation/paper_cap50/apex_hot_runs/survival_utility_controller_v4b_rankgroup_balanced_lr5e4_rank2__k1_2_4_6_8_10_12_14_16,survival_utility_controller_v4b_rankgroup_balanced_lr5e4_rank2__k1_2_4_6_8_10_12_14_16,survival_utility_controller_v4b_rankgroup_balanced_lr5e4_rank2,k1_2_4_6_8_10_12_14_16
slow_only,ngram_sd,8,1268,results/apexp_block/config_large_500/evaluation/paper_cap50/apex_hot_runs/survival_utility_controller_v4b_rankgroup_balanced_lr5e4_rank2__k1_2_4_6_8_10_12_14_16,survival_utility_controller_v4b_rankgroup_balanced_lr5e4_rank2__k1_2_4_6_8_10_12_14_16,survival_utility_controller_v4b_rankgroup_balanced_lr5e4_rank2,k1_2_4_6_8_10_12_14_16
slow_only,ngram_sd,9,193,results/apexp_block/config_large_500/evaluation/paper_cap50/apex_hot_runs/survival_utility_controller_v4b_rankgroup_balanced_lr5e4_rank2__k1_2_4_6_8_10_12_14_16,survival_utility_controller_v4b_rankgroup_balanced_lr5e4_rank2__k1_2_4_6_8_10_12_14_16,survival_utility_controller_v4b_rankgroup_balanced_lr5e4_rank2,k1_2_4_6_8_10_12_14_16
slow_only,ngram_sd,10,233,results/apexp_block/config_large_500/evaluation/paper_cap50/apex_hot_runs/survival_utility_controller_v4b_rankgroup_balanced_lr5e4_rank2__k1_2_4_6_8_10_12_14_16,survival_utility_controller_v4b_rankgroup_balanced_lr5e4_rank2__k1_2_4_6_8_10_12_14_16,survival_utility_controller_v4b_rankgroup_balanced_lr5e4_rank2,k1_2_4_6_8_10_12_14_16
slow_only,ngram_sd,11,204,results/apexp_block/config_large_500/evaluation/paper_cap50/apex_hot_runs/survival_utility_controller_v4b_rankgroup_balanced_lr5e4_rank2__k1_2_4_6_8_10_12_14_16,survival_utility_controller_v4b_rankgroup_balanced_lr5e4_rank2__k1_2_4_6_8_10_12_14_16,survival_utility_controller_v4b_rankgroup_balanced_lr5e4_rank2,k1_2_4_6_8_10_12_14_16
slow_only,ngram_sd,12,243,results/apexp_block/config_large_500/evaluation/paper_cap50/apex_hot_runs/survival_utility_controller_v4b_rankgroup_balanced_lr5e4_rank2__k1_2_4_6_8_10_12_14_16,survival_utility_controller_v4b_rankgroup_balanced_lr5e4_rank2__k1_2_4_6_8_10_12_14_16,survival_utility_controller_v4b_rankgroup_balanced_lr5e4_rank2,k1_2_4_6_8_10_12_14_16
slow_only,ngram_sd,13,200,results/apexp_block/config_large_500/evaluation/paper_cap50/apex_hot_runs/survival_utility_controller_v4b_rankgroup_balanced_lr5e4_rank2__k1_2_4_6_8_10_12_14_16,survival_utility_controller_v4b_rankgroup_balanced_lr5e4_rank2__k1_2_4_6_8_10_12_14_16,survival_utility_controller_v4b_rankgroup_balanced_lr5e4_rank2,k1_2_4_6_8_10_12_14_16
slow_only,ngram_sd,14,219,results/apexp_block/config_large_500/evaluation/paper_cap50/apex_hot_runs/survival_utility_controller_v4b_rankgroup_balanced_lr5e4_rank2__k1_2_4_6_8_10_12_14_16,survival_utility_controller_v4b_rankgroup_balanced_lr5e4_rank2__k1_2_4_6_8_10_12_14_16,survival_utility_controller_v4b_rankgroup_balanced_lr5e4_rank2,k1_2_4_6_8_10_12_14_16
slow_only,ngram_sd,15,196,results/apexp_block/config_large_500/evaluation/paper_cap50/apex_hot_runs/survival_utility_controller_v4b_rankgroup_balanced_lr5e4_rank2__k1_2_4_6_8_10_12_14_16,survival_utility_controller_v4b_rankgroup_balanced_lr5e4_rank2__k1_2_4_6_8_10_12_14_16,survival_utility_controller_v4b_rankgroup_balanced_lr5e4_rank2,k1_2_4_6_8_10_12_14_16
slow_only,ngram_sd,16,88386,results/apexp_block/config_large_500/evaluation/paper_cap50/apex_hot_runs/survival_utility_controller_v4b_rankgroup_balanced_lr5e4_rank2__k1_2_4_6_8_10_12_14_16,survival_utility_controller_v4b_rankgroup_balanced_lr5e4_rank2__k1_2_4_6_8_10_12_14_16,survival_utility_controller_v4b_rankgroup_balanced_lr5e4_rank2,k1_2_4_6_8_10_12_14_16
slow_fast,eagle3,1,1155,results/apexp_block/config_large_500/evaluation/paper_cap50/apex_hot_runs/survival_utility_controller_v4b_rankgroup_balanced_lr5e4_rank2__k1_2_4_8_16,survival_utility_controller_v4b_rankgroup_balanced_lr5e4_rank2__k1_2_4_8_16,survival_utility_controller_v4b_rankgroup_balanced_lr5e4_rank2,k1_2_4_8_16
slow_fast,eagle3,2,13112,results/apexp_block/config_large_500/evaluation/paper_cap50/apex_hot_runs/survival_utility_controller_v4b_rankgroup_balanced_lr5e4_rank2__k1_2_4_8_16,survival_utility_controller_v4b_rankgroup_balanced_lr5e4_rank2__k1_2_4_8_16,survival_utility_controller_v4b_rankgroup_balanced_lr5e4_rank2,k1_2_4_8_16
slow_fast,eagle3,4,946,results/apexp_block/config_large_500/evaluation/paper_cap50/apex_hot_runs/survival_utility_controller_v4b_rankgroup_balanced_lr5e4_rank2__k1_2_4_8_16,survival_utility_controller_v4b_rankgroup_balanced_lr5e4_rank2__k1_2_4_8_16,survival_utility_controller_v4b_rankgroup_balanced_lr5e4_rank2,k1_2_4_8_16
slow_fast,eagle3,8,6,results/apexp_block/config_large_500/evaluation/paper_cap50/apex_hot_runs/survival_utility_controller_v4b_rankgroup_balanced_lr5e4_rank2__k1_2_4_8_16,survival_utility_controller_v4b_rankgroup_balanced_lr5e4_rank2__k1_2_4_8_16,survival_utility_controller_v4b_rankgroup_balanced_lr5e4_rank2,k1_2_4_8_16
slow_fast,eagle3,16,60,results/apexp_block/config_large_500/evaluation/paper_cap50/apex_hot_runs/survival_utility_controller_v4b_rankgroup_balanced_lr5e4_rank2__k1_2_4_8_16,survival_utility_controller_v4b_rankgroup_balanced_lr5e4_rank2__k1_2_4_8_16,survival_utility_controller_v4b_rankgroup_balanced_lr5e4_rank2,k1_2_4_8_16
slow_fast,ngram_sd,1,485,results/apexp_block/config_large_500/evaluation/paper_cap50/apex_hot_runs/survival_utility_controller_v4b_rankgroup_balanced_lr5e4_rank2__k1_2_4_8_16,survival_utility_controller_v4b_rankgroup_balanced_lr5e4_rank2__k1_2_4_8_16,survival_utility_controller_v4b_rankgroup_balanced_lr5e4_rank2,k1_2_4_8_16
slow_fast,ngram_sd,2,2665,results/apexp_block/config_large_500/evaluation/paper_cap50/apex_hot_runs/survival_utility_controller_v4b_rankgroup_balanced_lr5e4_rank2__k1_2_4_8_16,survival_utility_controller_v4b_rankgroup_balanced_lr5e4_rank2__k1_2_4_8_16,survival_utility_controller_v4b_rankgroup_balanced_lr5e4_rank2,k1_2_4_8_16
slow_fast,ngram_sd,3,89,results/apexp_block/config_large_500/evaluation/paper_cap50/apex_hot_runs/survival_utility_controller_v4b_rankgroup_balanced_lr5e4_rank2__k1_2_4_8_16,survival_utility_controller_v4b_rankgroup_balanced_lr5e4_rank2__k1_2_4_8_16,survival_utility_controller_v4b_rankgroup_balanced_lr5e4_rank2,k1_2_4_8_16
slow_fast,ngram_sd,4,23578,results/apexp_block/config_large_500/evaluation/paper_cap50/apex_hot_runs/survival_utility_controller_v4b_rankgroup_balanced_lr5e4_rank2__k1_2_4_8_16,survival_utility_controller_v4b_rankgroup_balanced_lr5e4_rank2__k1_2_4_8_16,survival_utility_controller_v4b_rankgroup_balanced_lr5e4_rank2,k1_2_4_8_16
slow_fast,ngram_sd,5,103,results/apexp_block/config_large_500/evaluation/paper_cap50/apex_hot_runs/survival_utility_controller_v4b_rankgroup_balanced_lr5e4_rank2__k1_2_4_8_16,survival_utility_controller_v4b_rankgroup_balanced_lr5e4_rank2__k1_2_4_8_16,survival_utility_controller_v4b_rankgroup_balanced_lr5e4_rank2,k1_2_4_8_16
slow_fast,ngram_sd,6,132,results/apexp_block/config_large_500/evaluation/paper_cap50/apex_hot_runs/survival_utility_controller_v4b_rankgroup_balanced_lr5e4_rank2__k1_2_4_8_16,survival_utility_controller_v4b_rankgroup_balanced_lr5e4_rank2__k1_2_4_8_16,survival_utility_controller_v4b_rankgroup_balanced_lr5e4_rank2,k1_2_4_8_16
slow_fast,ngram_sd,7,133,results/apexp_block/config_large_500/evaluation/paper_cap50/apex_hot_runs/survival_utility_controller_v4b_rankgroup_balanced_lr5e4_rank2__k1_2_4_8_16,survival_utility_controller_v4b_rankgroup_balanced_lr5e4_rank2__k1_2_4_8_16,survival_utility_controller_v4b_rankgroup_balanced_lr5e4_rank2,k1_2_4_8_16
slow_fast,ngram_sd,8,40251,results/apexp_block/config_large_500/evaluation/paper_cap50/apex_hot_runs/survival_utility_controller_v4b_rankgroup_balanced_lr5e4_rank2__k1_2_4_8_16,survival_utility_controller_v4b_rankgroup_balanced_lr5e4_rank2__k1_2_4_8_16,survival_utility_controller_v4b_rankgroup_balanced_lr5e4_rank2,k1_2_4_8_16
slow_fast,ngram_sd,9,54,results/apexp_block/config_large_500/evaluation/paper_cap50/apex_hot_runs/survival_utility_controller_v4b_rankgroup_balanced_lr5e4_rank2__k1_2_4_8_16,survival_utility_controller_v4b_rankgroup_balanced_lr5e4_rank2__k1_2_4_8_16,survival_utility_controller_v4b_rankgroup_balanced_lr5e4_rank2,k1_2_4_8_16
slow_fast,ngram_sd,10,53,results/apexp_block/config_large_500/evaluation/paper_cap50/apex_hot_runs/survival_utility_controller_v4b_rankgroup_balanced_lr5e4_rank2__k1_2_4_8_16,survival_utility_controller_v4b_rankgroup_balanced_lr5e4_rank2__k1_2_4_8_16,survival_utility_controller_v4b_rankgroup_balanced_lr5e4_rank2,k1_2_4_8_16
slow_fast,ngram_sd,11,54,results/apexp_block/config_large_500/evaluation/paper_cap50/apex_hot_runs/survival_utility_controller_v4b_rankgroup_balanced_lr5e4_rank2__k1_2_4_8_16,survival_utility_controller_v4b_rankgroup_balanced_lr5e4_rank2__k1_2_4_8_16,survival_utility_controller_v4b_rankgroup_balanced_lr5e4_rank2,k1_2_4_8_16
slow_fast,ngram_sd,12,62,results/apexp_block/config_large_500/evaluation/paper_cap50/apex_hot_runs/survival_utility_controller_v4b_rankgroup_balanced_lr5e4_rank2__k1_2_4_8_16,survival_utility_controller_v4b_rankgroup_balanced_lr5e4_rank2__k1_2_4_8_16,survival_utility_controller_v4b_rankgroup_balanced_lr5e4_rank2,k1_2_4_8_16
slow_fast,ngram_sd,13,54,results/apexp_block/config_large_500/evaluation/paper_cap50/apex_hot_runs/survival_utility_controller_v4b_rankgroup_balanced_lr5e4_rank2__k1_2_4_8_16,survival_utility_controller_v4b_rankgroup_balanced_lr5e4_rank2__k1_2_4_8_16,survival_utility_controller_v4b_rankgroup_balanced_lr5e4_rank2,k1_2_4_8_16
slow_fast,ngram_sd,14,68,results/apexp_block/config_large_500/evaluation/paper_cap50/apex_hot_runs/survival_utility_controller_v4b_rankgroup_balanced_lr5e4_rank2__k1_2_4_8_16,survival_utility_controller_v4b_rankgroup_balanced_lr5e4_rank2__k1_2_4_8_16,survival_utility_controller_v4b_rankgroup_balanced_lr5e4_rank2,k1_2_4_8_16
slow_fast,ngram_sd,15,52,results/apexp_block/config_large_500/evaluation/paper_cap50/apex_hot_runs/survival_utility_controller_v4b_rankgroup_balanced_lr5e4_rank2__k1_2_4_8_16,survival_utility_controller_v4b_rankgroup_balanced_lr5e4_rank2__k1_2_4_8_16,survival_utility_controller_v4b_rankgroup_balanced_lr5e4_rank2,k1_2_4_8_16
slow_fast,ngram_sd,16,28137,results/apexp_block/config_large_500/evaluation/paper_cap50/apex_hot_runs/survival_utility_controller_v4b_rankgroup_balanced_lr5e4_rank2__k1_2_4_8_16,survival_utility_controller_v4b_rankgroup_balanced_lr5e4_rank2__k1_2_4_8_16,survival_utility_controller_v4b_rankgroup_balanced_lr5e4_rank2,k1_2_4_8_16
slow_only,eagle3,2,2848,results/apexp_block/config_large_500/evaluation/paper_cap50/apex_hot_runs/survival_utility_controller_v4b_rankgroup_balanced_lr5e4_rank2__k1_2_4_8_16,survival_utility_controller_v4b_rankgroup_balanced_lr5e4_rank2__k1_2_4_8_16,survival_utility_controller_v4b_rankgroup_balanced_lr5e4_rank2,k1_2_4_8_16
slow_only,eagle3,4,1863,results/apexp_block/config_large_500/evaluation/paper_cap50/apex_hot_runs/survival_utility_controller_v4b_rankgroup_balanced_lr5e4_rank2__k1_2_4_8_16,survival_utility_controller_v4b_rankgroup_balanced_lr5e4_rank2__k1_2_4_8_16,survival_utility_controller_v4b_rankgroup_balanced_lr5e4_rank2,k1_2_4_8_16
slow_only,eagle3,8,984,results/apexp_block/config_large_500/evaluation/paper_cap50/apex_hot_runs/survival_utility_controller_v4b_rankgroup_balanced_lr5e4_rank2__k1_2_4_8_16,survival_utility_controller_v4b_rankgroup_balanced_lr5e4_rank2__k1_2_4_8_16,survival_utility_controller_v4b_rankgroup_balanced_lr5e4_rank2,k1_2_4_8_16
slow_only,eagle3,16,9569,results/apexp_block/config_large_500/evaluation/paper_cap50/apex_hot_runs/survival_utility_controller_v4b_rankgroup_balanced_lr5e4_rank2__k1_2_4_8_16,survival_utility_controller_v4b_rankgroup_balanced_lr5e4_rank2__k1_2_4_8_16,survival_utility_controller_v4b_rankgroup_balanced_lr5e4_rank2,k1_2_4_8_16
slow_only,ngram_sd,1,38,results/apexp_block/config_large_500/evaluation/paper_cap50/apex_hot_runs/survival_utility_controller_v4b_rankgroup_balanced_lr5e4_rank2__k1_2_4_8_16,survival_utility_controller_v4b_rankgroup_balanced_lr5e4_rank2__k1_2_4_8_16,survival_utility_controller_v4b_rankgroup_balanced_lr5e4_rank2,k1_2_4_8_16
slow_only,ngram_sd,2,1577,results/apexp_block/config_large_500/evaluation/paper_cap50/apex_hot_runs/survival_utility_controller_v4b_rankgroup_balanced_lr5e4_rank2__k1_2_4_8_16,survival_utility_controller_v4b_rankgroup_balanced_lr5e4_rank2__k1_2_4_8_16,survival_utility_controller_v4b_rankgroup_balanced_lr5e4_rank2,k1_2_4_8_16
slow_only,ngram_sd,3,96,results/apexp_block/config_large_500/evaluation/paper_cap50/apex_hot_runs/survival_utility_controller_v4b_rankgroup_balanced_lr5e4_rank2__k1_2_4_8_16,survival_utility_controller_v4b_rankgroup_balanced_lr5e4_rank2__k1_2_4_8_16,survival_utility_controller_v4b_rankgroup_balanced_lr5e4_rank2,k1_2_4_8_16
slow_only,ngram_sd,4,1229,results/apexp_block/config_large_500/evaluation/paper_cap50/apex_hot_runs/survival_utility_controller_v4b_rankgroup_balanced_lr5e4_rank2__k1_2_4_8_16,survival_utility_controller_v4b_rankgroup_balanced_lr5e4_rank2__k1_2_4_8_16,survival_utility_controller_v4b_rankgroup_balanced_lr5e4_rank2,k1_2_4_8_16
slow_only,ngram_sd,5,135,results/apexp_block/config_large_500/evaluation/paper_cap50/apex_hot_runs/survival_utility_controller_v4b_rankgroup_balanced_lr5e4_rank2__k1_2_4_8_16,survival_utility_controller_v4b_rankgroup_balanced_lr5e4_rank2__k1_2_4_8_16,survival_utility_controller_v4b_rankgroup_balanced_lr5e4_rank2,k1_2_4_8_16
slow_only,ngram_sd,6,183,results/apexp_block/config_large_500/evaluation/paper_cap50/apex_hot_runs/survival_utility_controller_v4b_rankgroup_balanced_lr5e4_rank2__k1_2_4_8_16,survival_utility_controller_v4b_rankgroup_balanced_lr5e4_rank2__k1_2_4_8_16,survival_utility_controller_v4b_rankgroup_balanced_lr5e4_rank2,k1_2_4_8_16
slow_only,ngram_sd,7,186,results/apexp_block/config_large_500/evaluation/paper_cap50/apex_hot_runs/survival_utility_controller_v4b_rankgroup_balanced_lr5e4_rank2__k1_2_4_8_16,survival_utility_controller_v4b_rankgroup_balanced_lr5e4_rank2__k1_2_4_8_16,survival_utility_controller_v4b_rankgroup_balanced_lr5e4_rank2,k1_2_4_8_16
slow_only,ngram_sd,8,1268,results/apexp_block/config_large_500/evaluation/paper_cap50/apex_hot_runs/survival_utility_controller_v4b_rankgroup_balanced_lr5e4_rank2__k1_2_4_8_16,survival_utility_controller_v4b_rankgroup_balanced_lr5e4_rank2__k1_2_4_8_16,survival_utility_controller_v4b_rankgroup_balanced_lr5e4_rank2,k1_2_4_8_16
slow_only,ngram_sd,9,193,results/apexp_block/config_large_500/evaluation/paper_cap50/apex_hot_runs/survival_utility_controller_v4b_rankgroup_balanced_lr5e4_rank2__k1_2_4_8_16,survival_utility_controller_v4b_rankgroup_balanced_lr5e4_rank2__k1_2_4_8_16,survival_utility_controller_v4b_rankgroup_balanced_lr5e4_rank2,k1_2_4_8_16
slow_only,ngram_sd,10,233,results/apexp_block/config_large_500/evaluation/paper_cap50/apex_hot_runs/survival_utility_controller_v4b_rankgroup_balanced_lr5e4_rank2__k1_2_4_8_16,survival_utility_controller_v4b_rankgroup_balanced_lr5e4_rank2__k1_2_4_8_16,survival_utility_controller_v4b_rankgroup_balanced_lr5e4_rank2,k1_2_4_8_16
slow_only,ngram_sd,11,204,results/apexp_block/config_large_500/evaluation/paper_cap50/apex_hot_runs/survival_utility_controller_v4b_rankgroup_balanced_lr5e4_rank2__k1_2_4_8_16,survival_utility_controller_v4b_rankgroup_balanced_lr5e4_rank2__k1_2_4_8_16,survival_utility_controller_v4b_rankgroup_balanced_lr5e4_rank2,k1_2_4_8_16
slow_only,ngram_sd,12,243,results/apexp_block/config_large_500/evaluation/paper_cap50/apex_hot_runs/survival_utility_controller_v4b_rankgroup_balanced_lr5e4_rank2__k1_2_4_8_16,survival_utility_controller_v4b_rankgroup_balanced_lr5e4_rank2__k1_2_4_8_16,survival_utility_controller_v4b_rankgroup_balanced_lr5e4_rank2,k1_2_4_8_16
slow_only,ngram_sd,13,200,results/apexp_block/config_large_500/evaluation/paper_cap50/apex_hot_runs/survival_utility_controller_v4b_rankgroup_balanced_lr5e4_rank2__k1_2_4_8_16,survival_utility_controller_v4b_rankgroup_balanced_lr5e4_rank2__k1_2_4_8_16,survival_utility_controller_v4b_rankgroup_balanced_lr5e4_rank2,k1_2_4_8_16
slow_only,ngram_sd,14,219,results/apexp_block/config_large_500/evaluation/paper_cap50/apex_hot_runs/survival_utility_controller_v4b_rankgroup_balanced_lr5e4_rank2__k1_2_4_8_16,survival_utility_controller_v4b_rankgroup_balanced_lr5e4_rank2__k1_2_4_8_16,survival_utility_controller_v4b_rankgroup_balanced_lr5e4_rank2,k1_2_4_8_16
slow_only,ngram_sd,15,196,results/apexp_block/config_large_500/evaluation/paper_cap50/apex_hot_runs/survival_utility_controller_v4b_rankgroup_balanced_lr5e4_rank2__k1_2_4_8_16,survival_utility_controller_v4b_rankgroup_balanced_lr5e4_rank2__k1_2_4_8_16,survival_utility_controller_v4b_rankgroup_balanced_lr5e4_rank2,k1_2_4_8_16
slow_only,ngram_sd,16,88386,results/apexp_block/config_large_500/evaluation/paper_cap50/apex_hot_runs/survival_utility_controller_v4b_rankgroup_balanced_lr5e4_rank2__k1_2_4_8_16,survival_utility_controller_v4b_rankgroup_balanced_lr5e4_rank2__k1_2_4_8_16,survival_utility_controller_v4b_rankgroup_balanced_lr5e4_rank2,k1_2_4_8_16
slow_fast,eagle3,1,1155,results/apexp_block/config_large_500/evaluation/paper_cap50/apex_hot_runs/survival_utility_controller_v4b_rankgroup_balanced_lr5e4_rank2__k1_to_16,survival_utility_controller_v4b_rankgroup_balanced_lr5e4_rank2__k1_to_16,survival_utility_controller_v4b_rankgroup_balanced_lr5e4_rank2,k1_to_16
slow_fast,eagle3,2,10810,results/apexp_block/config_large_500/evaluation/paper_cap50/apex_hot_runs/survival_utility_controller_v4b_rankgroup_balanced_lr5e4_rank2__k1_to_16,survival_utility_controller_v4b_rankgroup_balanced_lr5e4_rank2__k1_to_16,survival_utility_controller_v4b_rankgroup_balanced_lr5e4_rank2,k1_to_16
slow_fast,eagle3,3,3232,results/apexp_block/config_large_500/evaluation/paper_cap50/apex_hot_runs/survival_utility_controller_v4b_rankgroup_balanced_lr5e4_rank2__k1_to_16,survival_utility_controller_v4b_rankgroup_balanced_lr5e4_rank2__k1_to_16,survival_utility_controller_v4b_rankgroup_balanced_lr5e4_rank2,k1_to_16
slow_fast,eagle3,4,13,results/apexp_block/config_large_500/evaluation/paper_cap50/apex_hot_runs/survival_utility_controller_v4b_rankgroup_balanced_lr5e4_rank2__k1_to_16,survival_utility_controller_v4b_rankgroup_balanced_lr5e4_rank2__k1_to_16,survival_utility_controller_v4b_rankgroup_balanced_lr5e4_rank2,k1_to_16
slow_fast,eagle3,8,6,results/apexp_block/config_large_500/evaluation/paper_cap50/apex_hot_runs/survival_utility_controller_v4b_rankgroup_balanced_lr5e4_rank2__k1_to_16,survival_utility_controller_v4b_rankgroup_balanced_lr5e4_rank2__k1_to_16,survival_utility_controller_v4b_rankgroup_balanced_lr5e4_rank2,k1_to_16
slow_fast,eagle3,16,60,results/apexp_block/config_large_500/evaluation/paper_cap50/apex_hot_runs/survival_utility_controller_v4b_rankgroup_balanced_lr5e4_rank2__k1_to_16,survival_utility_controller_v4b_rankgroup_balanced_lr5e4_rank2__k1_to_16,survival_utility_controller_v4b_rankgroup_balanced_lr5e4_rank2,k1_to_16
slow_fast,ngram_sd,1,359,results/apexp_block/config_large_500/evaluation/paper_cap50/apex_hot_runs/survival_utility_controller_v4b_rankgroup_balanced_lr5e4_rank2__k1_to_16,survival_utility_controller_v4b_rankgroup_balanced_lr5e4_rank2__k1_to_16,survival_utility_controller_v4b_rankgroup_balanced_lr5e4_rank2,k1_to_16
slow_fast,ngram_sd,2,1246,results/apexp_block/config_large_500/evaluation/paper_cap50/apex_hot_runs/survival_utility_controller_v4b_rankgroup_balanced_lr5e4_rank2__k1_to_16,survival_utility_controller_v4b_rankgroup_balanced_lr5e4_rank2__k1_to_16,survival_utility_controller_v4b_rankgroup_balanced_lr5e4_rank2,k1_to_16
slow_fast,ngram_sd,3,3533,results/apexp_block/config_large_500/evaluation/paper_cap50/apex_hot_runs/survival_utility_controller_v4b_rankgroup_balanced_lr5e4_rank2__k1_to_16,survival_utility_controller_v4b_rankgroup_balanced_lr5e4_rank2__k1_to_16,survival_utility_controller_v4b_rankgroup_balanced_lr5e4_rank2,k1_to_16
slow_fast,ngram_sd,4,9420,results/apexp_block/config_large_500/evaluation/paper_cap50/apex_hot_runs/survival_utility_controller_v4b_rankgroup_balanced_lr5e4_rank2__k1_to_16,survival_utility_controller_v4b_rankgroup_balanced_lr5e4_rank2__k1_to_16,survival_utility_controller_v4b_rankgroup_balanced_lr5e4_rank2,k1_to_16
slow_fast,ngram_sd,5,9862,results/apexp_block/config_large_500/evaluation/paper_cap50/apex_hot_runs/survival_utility_controller_v4b_rankgroup_balanced_lr5e4_rank2__k1_to_16,survival_utility_controller_v4b_rankgroup_balanced_lr5e4_rank2__k1_to_16,survival_utility_controller_v4b_rankgroup_balanced_lr5e4_rank2,k1_to_16
slow_fast,ngram_sd,6,5444,results/apexp_block/config_large_500/evaluation/paper_cap50/apex_hot_runs/survival_utility_controller_v4b_rankgroup_balanced_lr5e4_rank2__k1_to_16,survival_utility_controller_v4b_rankgroup_balanced_lr5e4_rank2__k1_to_16,survival_utility_controller_v4b_rankgroup_balanced_lr5e4_rank2,k1_to_16
slow_fast,ngram_sd,7,3730,results/apexp_block/config_large_500/evaluation/paper_cap50/apex_hot_runs/survival_utility_controller_v4b_rankgroup_balanced_lr5e4_rank2__k1_to_16,survival_utility_controller_v4b_rankgroup_balanced_lr5e4_rank2__k1_to_16,survival_utility_controller_v4b_rankgroup_balanced_lr5e4_rank2,k1_to_16
slow_fast,ngram_sd,8,5499,results/apexp_block/config_large_500/evaluation/paper_cap50/apex_hot_runs/survival_utility_controller_v4b_rankgroup_balanced_lr5e4_rank2__k1_to_16,survival_utility_controller_v4b_rankgroup_balanced_lr5e4_rank2__k1_to_16,survival_utility_controller_v4b_rankgroup_balanced_lr5e4_rank2,k1_to_16
slow_fast,ngram_sd,9,8235,results/apexp_block/config_large_500/evaluation/paper_cap50/apex_hot_runs/survival_utility_controller_v4b_rankgroup_balanced_lr5e4_rank2__k1_to_16,survival_utility_controller_v4b_rankgroup_balanced_lr5e4_rank2__k1_to_16,survival_utility_controller_v4b_rankgroup_balanced_lr5e4_rank2,k1_to_16
slow_fast,ngram_sd,10,9377,results/apexp_block/config_large_500/evaluation/paper_cap50/apex_hot_runs/survival_utility_controller_v4b_rankgroup_balanced_lr5e4_rank2__k1_to_16,survival_utility_controller_v4b_rankgroup_balanced_lr5e4_rank2__k1_to_16,survival_utility_controller_v4b_rankgroup_balanced_lr5e4_rank2,k1_to_16
slow_fast,ngram_sd,11,8671,results/apexp_block/config_large_500/evaluation/paper_cap50/apex_hot_runs/survival_utility_controller_v4b_rankgroup_balanced_lr5e4_rank2__k1_to_16,survival_utility_controller_v4b_rankgroup_balanced_lr5e4_rank2__k1_to_16,survival_utility_controller_v4b_rankgroup_balanced_lr5e4_rank2,k1_to_16
slow_fast,ngram_sd,12,6237,results/apexp_block/config_large_500/evaluation/paper_cap50/apex_hot_runs/survival_utility_controller_v4b_rankgroup_balanced_lr5e4_rank2__k1_to_16,survival_utility_controller_v4b_rankgroup_balanced_lr5e4_rank2__k1_to_16,survival_utility_controller_v4b_rankgroup_balanced_lr5e4_rank2,k1_to_16
slow_fast,ngram_sd,13,3803,results/apexp_block/config_large_500/evaluation/paper_cap50/apex_hot_runs/survival_utility_controller_v4b_rankgroup_balanced_lr5e4_rank2__k1_to_16,survival_utility_controller_v4b_rankgroup_balanced_lr5e4_rank2__k1_to_16,survival_utility_controller_v4b_rankgroup_balanced_lr5e4_rank2,k1_to_16
slow_fast,ngram_sd,14,2393,results/apexp_block/config_large_500/evaluation/paper_cap50/apex_hot_runs/survival_utility_controller_v4b_rankgroup_balanced_lr5e4_rank2__k1_to_16,survival_utility_controller_v4b_rankgroup_balanced_lr5e4_rank2__k1_to_16,survival_utility_controller_v4b_rankgroup_balanced_lr5e4_rank2,k1_to_16
slow_fast,ngram_sd,15,1964,results/apexp_block/config_large_500/evaluation/paper_cap50/apex_hot_runs/survival_utility_controller_v4b_rankgroup_balanced_lr5e4_rank2__k1_to_16,survival_utility_controller_v4b_rankgroup_balanced_lr5e4_rank2__k1_to_16,survival_utility_controller_v4b_rankgroup_balanced_lr5e4_rank2,k1_to_16
slow_fast,ngram_sd,16,15994,results/apexp_block/config_large_500/evaluation/paper_cap50/apex_hot_runs/survival_utility_controller_v4b_rankgroup_balanced_lr5e4_rank2__k1_to_16,survival_utility_controller_v4b_rankgroup_balanced_lr5e4_rank2__k1_to_16,survival_utility_controller_v4b_rankgroup_balanced_lr5e4_rank2,k1_to_16
slow_only,eagle3,2,2848,results/apexp_block/config_large_500/evaluation/paper_cap50/apex_hot_runs/survival_utility_controller_v4b_rankgroup_balanced_lr5e4_rank2__k1_to_16,survival_utility_controller_v4b_rankgroup_balanced_lr5e4_rank2__k1_to_16,survival_utility_controller_v4b_rankgroup_balanced_lr5e4_rank2,k1_to_16
slow_only,eagle3,4,1863,results/apexp_block/config_large_500/evaluation/paper_cap50/apex_hot_runs/survival_utility_controller_v4b_rankgroup_balanced_lr5e4_rank2__k1_to_16,survival_utility_controller_v4b_rankgroup_balanced_lr5e4_rank2__k1_to_16,survival_utility_controller_v4b_rankgroup_balanced_lr5e4_rank2,k1_to_16
slow_only,eagle3,8,984,results/apexp_block/config_large_500/evaluation/paper_cap50/apex_hot_runs/survival_utility_controller_v4b_rankgroup_balanced_lr5e4_rank2__k1_to_16,survival_utility_controller_v4b_rankgroup_balanced_lr5e4_rank2__k1_to_16,survival_utility_controller_v4b_rankgroup_balanced_lr5e4_rank2,k1_to_16
slow_only,eagle3,16,9569,results/apexp_block/config_large_500/evaluation/paper_cap50/apex_hot_runs/survival_utility_controller_v4b_rankgroup_balanced_lr5e4_rank2__k1_to_16,survival_utility_controller_v4b_rankgroup_balanced_lr5e4_rank2__k1_to_16,survival_utility_controller_v4b_rankgroup_balanced_lr5e4_rank2,k1_to_16
slow_only,ngram_sd,1,38,results/apexp_block/config_large_500/evaluation/paper_cap50/apex_hot_runs/survival_utility_controller_v4b_rankgroup_balanced_lr5e4_rank2__k1_to_16,survival_utility_controller_v4b_rankgroup_balanced_lr5e4_rank2__k1_to_16,survival_utility_controller_v4b_rankgroup_balanced_lr5e4_rank2,k1_to_16
slow_only,ngram_sd,2,1577,results/apexp_block/config_large_500/evaluation/paper_cap50/apex_hot_runs/survival_utility_controller_v4b_rankgroup_balanced_lr5e4_rank2__k1_to_16,survival_utility_controller_v4b_rankgroup_balanced_lr5e4_rank2__k1_to_16,survival_utility_controller_v4b_rankgroup_balanced_lr5e4_rank2,k1_to_16
slow_only,ngram_sd,3,96,results/apexp_block/config_large_500/evaluation/paper_cap50/apex_hot_runs/survival_utility_controller_v4b_rankgroup_balanced_lr5e4_rank2__k1_to_16,survival_utility_controller_v4b_rankgroup_balanced_lr5e4_rank2__k1_to_16,survival_utility_controller_v4b_rankgroup_balanced_lr5e4_rank2,k1_to_16
slow_only,ngram_sd,4,1229,results/apexp_block/config_large_500/evaluation/paper_cap50/apex_hot_runs/survival_utility_controller_v4b_rankgroup_balanced_lr5e4_rank2__k1_to_16,survival_utility_controller_v4b_rankgroup_balanced_lr5e4_rank2__k1_to_16,survival_utility_controller_v4b_rankgroup_balanced_lr5e4_rank2,k1_to_16
slow_only,ngram_sd,5,135,results/apexp_block/config_large_500/evaluation/paper_cap50/apex_hot_runs/survival_utility_controller_v4b_rankgroup_balanced_lr5e4_rank2__k1_to_16,survival_utility_controller_v4b_rankgroup_balanced_lr5e4_rank2__k1_to_16,survival_utility_controller_v4b_rankgroup_balanced_lr5e4_rank2,k1_to_16
slow_only,ngram_sd,6,183,results/apexp_block/config_large_500/evaluation/paper_cap50/apex_hot_runs/survival_utility_controller_v4b_rankgroup_balanced_lr5e4_rank2__k1_to_16,survival_utility_controller_v4b_rankgroup_balanced_lr5e4_rank2__k1_to_16,survival_utility_controller_v4b_rankgroup_balanced_lr5e4_rank2,k1_to_16
slow_only,ngram_sd,7,186,results/apexp_block/config_large_500/evaluation/paper_cap50/apex_hot_runs/survival_utility_controller_v4b_rankgroup_balanced_lr5e4_rank2__k1_to_16,survival_utility_controller_v4b_rankgroup_balanced_lr5e4_rank2__k1_to_16,survival_utility_controller_v4b_rankgroup_balanced_lr5e4_rank2,k1_to_16
slow_only,ngram_sd,8,1268,results/apexp_block/config_large_500/evaluation/paper_cap50/apex_hot_runs/survival_utility_controller_v4b_rankgroup_balanced_lr5e4_rank2__k1_to_16,survival_utility_controller_v4b_rankgroup_balanced_lr5e4_rank2__k1_to_16,survival_utility_controller_v4b_rankgroup_balanced_lr5e4_rank2,k1_to_16
slow_only,ngram_sd,9,193,results/apexp_block/config_large_500/evaluation/paper_cap50/apex_hot_runs/survival_utility_controller_v4b_rankgroup_balanced_lr5e4_rank2__k1_to_16,survival_utility_controller_v4b_rankgroup_balanced_lr5e4_rank2__k1_to_16,survival_utility_controller_v4b_rankgroup_balanced_lr5e4_rank2,k1_to_16
slow_only,ngram_sd,10,233,results/apexp_block/config_large_500/evaluation/paper_cap50/apex_hot_runs/survival_utility_controller_v4b_rankgroup_balanced_lr5e4_rank2__k1_to_16,survival_utility_controller_v4b_rankgroup_balanced_lr5e4_rank2__k1_to_16,survival_utility_controller_v4b_rankgroup_balanced_lr5e4_rank2,k1_to_16
slow_only,ngram_sd,11,204,results/apexp_block/config_large_500/evaluation/paper_cap50/apex_hot_runs/survival_utility_controller_v4b_rankgroup_balanced_lr5e4_rank2__k1_to_16,survival_utility_controller_v4b_rankgroup_balanced_lr5e4_rank2__k1_to_16,survival_utility_controller_v4b_rankgroup_balanced_lr5e4_rank2,k1_to_16
slow_only,ngram_sd,12,243,results/apexp_block/config_large_500/evaluation/paper_cap50/apex_hot_runs/survival_utility_controller_v4b_rankgroup_balanced_lr5e4_rank2__k1_to_16,survival_utility_controller_v4b_rankgroup_balanced_lr5e4_rank2__k1_to_16,survival_utility_controller_v4b_rankgroup_balanced_lr5e4_rank2,k1_to_16
slow_only,ngram_sd,13,200,results/apexp_block/config_large_500/evaluation/paper_cap50/apex_hot_runs/survival_utility_controller_v4b_rankgroup_balanced_lr5e4_rank2__k1_to_16,survival_utility_controller_v4b_rankgroup_balanced_lr5e4_rank2__k1_to_16,survival_utility_controller_v4b_rankgroup_balanced_lr5e4_rank2,k1_to_16
slow_only,ngram_sd,14,219,results/apexp_block/config_large_500/evaluation/paper_cap50/apex_hot_runs/survival_utility_controller_v4b_rankgroup_balanced_lr5e4_rank2__k1_to_16,survival_utility_controller_v4b_rankgroup_balanced_lr5e4_rank2__k1_to_16,survival_utility_controller_v4b_rankgroup_balanced_lr5e4_rank2,k1_to_16
slow_only,ngram_sd,15,196,results/apexp_block/config_large_500/evaluation/paper_cap50/apex_hot_runs/survival_utility_controller_v4b_rankgroup_balanced_lr5e4_rank2__k1_to_16,survival_utility_controller_v4b_rankgroup_balanced_lr5e4_rank2__k1_to_16,survival_utility_controller_v4b_rankgroup_balanced_lr5e4_rank2,k1_to_16
slow_only,ngram_sd,16,88386,results/apexp_block/config_large_500/evaluation/paper_cap50/apex_hot_runs/survival_utility_controller_v4b_rankgroup_balanced_lr5e4_rank2__k1_to_16,survival_utility_controller_v4b_rankgroup_balanced_lr5e4_rank2__k1_to_16,survival_utility_controller_v4b_rankgroup_balanced_lr5e4_rank2,k1_to_16
slow_fast,eagle3,2,14268,results/apexp_block/config_large_500/evaluation/paper_cap50/apex_hot_runs/survival_utility_controller_v4b_rankgroup_balanced_lr5e4_rank2__k2_4_6_8,survival_utility_controller_v4b_rankgroup_balanced_lr5e4_rank2__k2_4_6_8,survival_utility_controller_v4b_rankgroup_balanced_lr5e4_rank2,k2_4_6_8
slow_fast,eagle3,4,940,results/apexp_block/config_large_500/evaluation/paper_cap50/apex_hot_runs/survival_utility_controller_v4b_rankgroup_balanced_lr5e4_rank2__k2_4_6_8,survival_utility_controller_v4b_rankgroup_balanced_lr5e4_rank2__k2_4_6_8,survival_utility_controller_v4b_rankgroup_balanced_lr5e4_rank2,k2_4_6_8
slow_fast,eagle3,8,66,results/apexp_block/config_large_500/evaluation/paper_cap50/apex_hot_runs/survival_utility_controller_v4b_rankgroup_balanced_lr5e4_rank2__k2_4_6_8,survival_utility_controller_v4b_rankgroup_balanced_lr5e4_rank2__k2_4_6_8,survival_utility_controller_v4b_rankgroup_balanced_lr5e4_rank2,k2_4_6_8
slow_fast,ngram_sd,1,38,results/apexp_block/config_large_500/evaluation/paper_cap50/apex_hot_runs/survival_utility_controller_v4b_rankgroup_balanced_lr5e4_rank2__k2_4_6_8,survival_utility_controller_v4b_rankgroup_balanced_lr5e4_rank2__k2_4_6_8,survival_utility_controller_v4b_rankgroup_balanced_lr5e4_rank2,k2_4_6_8
slow_fast,ngram_sd,2,2756,results/apexp_block/config_large_500/evaluation/paper_cap50/apex_hot_runs/survival_utility_controller_v4b_rankgroup_balanced_lr5e4_rank2__k2_4_6_8,survival_utility_controller_v4b_rankgroup_balanced_lr5e4_rank2__k2_4_6_8,survival_utility_controller_v4b_rankgroup_balanced_lr5e4_rank2,k2_4_6_8
slow_fast,ngram_sd,3,93,results/apexp_block/config_large_500/evaluation/paper_cap50/apex_hot_runs/survival_utility_controller_v4b_rankgroup_balanced_lr5e4_rank2__k2_4_6_8,survival_utility_controller_v4b_rankgroup_balanced_lr5e4_rank2__k2_4_6_8,survival_utility_controller_v4b_rankgroup_balanced_lr5e4_rank2,k2_4_6_8
slow_fast,ngram_sd,4,21052,results/apexp_block/config_large_500/evaluation/paper_cap50/apex_hot_runs/survival_utility_controller_v4b_rankgroup_balanced_lr5e4_rank2__k2_4_6_8,survival_utility_controller_v4b_rankgroup_balanced_lr5e4_rank2__k2_4_6_8,survival_utility_controller_v4b_rankgroup_balanced_lr5e4_rank2,k2_4_6_8
slow_fast,ngram_sd,5,103,results/apexp_block/config_large_500/evaluation/paper_cap50/apex_hot_runs/survival_utility_controller_v4b_rankgroup_balanced_lr5e4_rank2__k2_4_6_8,survival_utility_controller_v4b_rankgroup_balanced_lr5e4_rank2__k2_4_6_8,survival_utility_controller_v4b_rankgroup_balanced_lr5e4_rank2,k2_4_6_8
slow_fast,ngram_sd,6,12363,results/apexp_block/config_large_500/evaluation/paper_cap50/apex_hot_runs/survival_utility_controller_v4b_rankgroup_balanced_lr5e4_rank2__k2_4_6_8,survival_utility_controller_v4b_rankgroup_balanced_lr5e4_rank2__k2_4_6_8,survival_utility_controller_v4b_rankgroup_balanced_lr5e4_rank2,k2_4_6_8
slow_fast,ngram_sd,7,115,results/apexp_block/config_large_500/evaluation/paper_cap50/apex_hot_runs/survival_utility_controller_v4b_rankgroup_balanced_lr5e4_rank2__k2_4_6_8,survival_utility_controller_v4b_rankgroup_balanced_lr5e4_rank2__k2_4_6_8,survival_utility_controller_v4b_rankgroup_balanced_lr5e4_rank2,k2_4_6_8
slow_fast,ngram_sd,8,67161,results/apexp_block/config_large_500/evaluation/paper_cap50/apex_hot_runs/survival_utility_controller_v4b_rankgroup_balanced_lr5e4_rank2__k2_4_6_8,survival_utility_controller_v4b_rankgroup_balanced_lr5e4_rank2__k2_4_6_8,survival_utility_controller_v4b_rankgroup_balanced_lr5e4_rank2,k2_4_6_8
slow_only,eagle3,2,2848,results/apexp_block/config_large_500/evaluation/paper_cap50/apex_hot_runs/survival_utility_controller_v4b_rankgroup_balanced_lr5e4_rank2__k2_4_6_8,survival_utility_controller_v4b_rankgroup_balanced_lr5e4_rank2__k2_4_6_8,survival_utility_controller_v4b_rankgroup_balanced_lr5e4_rank2,k2_4_6_8
slow_only,eagle3,4,1863,results/apexp_block/config_large_500/evaluation/paper_cap50/apex_hot_runs/survival_utility_controller_v4b_rankgroup_balanced_lr5e4_rank2__k2_4_6_8,survival_utility_controller_v4b_rankgroup_balanced_lr5e4_rank2__k2_4_6_8,survival_utility_controller_v4b_rankgroup_balanced_lr5e4_rank2,k2_4_6_8
slow_only,eagle3,8,984,results/apexp_block/config_large_500/evaluation/paper_cap50/apex_hot_runs/survival_utility_controller_v4b_rankgroup_balanced_lr5e4_rank2__k2_4_6_8,survival_utility_controller_v4b_rankgroup_balanced_lr5e4_rank2__k2_4_6_8,survival_utility_controller_v4b_rankgroup_balanced_lr5e4_rank2,k2_4_6_8
slow_only,eagle3,16,9569,results/apexp_block/config_large_500/evaluation/paper_cap50/apex_hot_runs/survival_utility_controller_v4b_rankgroup_balanced_lr5e4_rank2__k2_4_6_8,survival_utility_controller_v4b_rankgroup_balanced_lr5e4_rank2__k2_4_6_8,survival_utility_controller_v4b_rankgroup_balanced_lr5e4_rank2,k2_4_6_8
slow_only,ngram_sd,1,38,results/apexp_block/config_large_500/evaluation/paper_cap50/apex_hot_runs/survival_utility_controller_v4b_rankgroup_balanced_lr5e4_rank2__k2_4_6_8,survival_utility_controller_v4b_rankgroup_balanced_lr5e4_rank2__k2_4_6_8,survival_utility_controller_v4b_rankgroup_balanced_lr5e4_rank2,k2_4_6_8
slow_only,ngram_sd,2,1577,results/apexp_block/config_large_500/evaluation/paper_cap50/apex_hot_runs/survival_utility_controller_v4b_rankgroup_balanced_lr5e4_rank2__k2_4_6_8,survival_utility_controller_v4b_rankgroup_balanced_lr5e4_rank2__k2_4_6_8,survival_utility_controller_v4b_rankgroup_balanced_lr5e4_rank2,k2_4_6_8
slow_only,ngram_sd,3,96,results/apexp_block/config_large_500/evaluation/paper_cap50/apex_hot_runs/survival_utility_controller_v4b_rankgroup_balanced_lr5e4_rank2__k2_4_6_8,survival_utility_controller_v4b_rankgroup_balanced_lr5e4_rank2__k2_4_6_8,survival_utility_controller_v4b_rankgroup_balanced_lr5e4_rank2,k2_4_6_8
slow_only,ngram_sd,4,1229,results/apexp_block/config_large_500/evaluation/paper_cap50/apex_hot_runs/survival_utility_controller_v4b_rankgroup_balanced_lr5e4_rank2__k2_4_6_8,survival_utility_controller_v4b_rankgroup_balanced_lr5e4_rank2__k2_4_6_8,survival_utility_controller_v4b_rankgroup_balanced_lr5e4_rank2,k2_4_6_8
slow_only,ngram_sd,5,135,results/apexp_block/config_large_500/evaluation/paper_cap50/apex_hot_runs/survival_utility_controller_v4b_rankgroup_balanced_lr5e4_rank2__k2_4_6_8,survival_utility_controller_v4b_rankgroup_balanced_lr5e4_rank2__k2_4_6_8,survival_utility_controller_v4b_rankgroup_balanced_lr5e4_rank2,k2_4_6_8
slow_only,ngram_sd,6,183,results/apexp_block/config_large_500/evaluation/paper_cap50/apex_hot_runs/survival_utility_controller_v4b_rankgroup_balanced_lr5e4_rank2__k2_4_6_8,survival_utility_controller_v4b_rankgroup_balanced_lr5e4_rank2__k2_4_6_8,survival_utility_controller_v4b_rankgroup_balanced_lr5e4_rank2,k2_4_6_8
slow_only,ngram_sd,7,186,results/apexp_block/config_large_500/evaluation/paper_cap50/apex_hot_runs/survival_utility_controller_v4b_rankgroup_balanced_lr5e4_rank2__k2_4_6_8,survival_utility_controller_v4b_rankgroup_balanced_lr5e4_rank2__k2_4_6_8,survival_utility_controller_v4b_rankgroup_balanced_lr5e4_rank2,k2_4_6_8
slow_only,ngram_sd,8,1268,results/apexp_block/config_large_500/evaluation/paper_cap50/apex_hot_runs/survival_utility_controller_v4b_rankgroup_balanced_lr5e4_rank2__k2_4_6_8,survival_utility_controller_v4b_rankgroup_balanced_lr5e4_rank2__k2_4_6_8,survival_utility_controller_v4b_rankgroup_balanced_lr5e4_rank2,k2_4_6_8
slow_only,ngram_sd,9,193,results/apexp_block/config_large_500/evaluation/paper_cap50/apex_hot_runs/survival_utility_controller_v4b_rankgroup_balanced_lr5e4_rank2__k2_4_6_8,survival_utility_controller_v4b_rankgroup_balanced_lr5e4_rank2__k2_4_6_8,survival_utility_controller_v4b_rankgroup_balanced_lr5e4_rank2,k2_4_6_8
slow_only,ngram_sd,10,233,results/apexp_block/config_large_500/evaluation/paper_cap50/apex_hot_runs/survival_utility_controller_v4b_rankgroup_balanced_lr5e4_rank2__k2_4_6_8,survival_utility_controller_v4b_rankgroup_balanced_lr5e4_rank2__k2_4_6_8,survival_utility_controller_v4b_rankgroup_balanced_lr5e4_rank2,k2_4_6_8
slow_only,ngram_sd,11,204,results/apexp_block/config_large_500/evaluation/paper_cap50/apex_hot_runs/survival_utility_controller_v4b_rankgroup_balanced_lr5e4_rank2__k2_4_6_8,survival_utility_controller_v4b_rankgroup_balanced_lr5e4_rank2__k2_4_6_8,survival_utility_controller_v4b_rankgroup_balanced_lr5e4_rank2,k2_4_6_8
slow_only,ngram_sd,12,243,results/apexp_block/config_large_500/evaluation/paper_cap50/apex_hot_runs/survival_utility_controller_v4b_rankgroup_balanced_lr5e4_rank2__k2_4_6_8,survival_utility_controller_v4b_rankgroup_balanced_lr5e4_rank2__k2_4_6_8,survival_utility_controller_v4b_rankgroup_balanced_lr5e4_rank2,k2_4_6_8
slow_only,ngram_sd,13,200,results/apexp_block/config_large_500/evaluation/paper_cap50/apex_hot_runs/survival_utility_controller_v4b_rankgroup_balanced_lr5e4_rank2__k2_4_6_8,survival_utility_controller_v4b_rankgroup_balanced_lr5e4_rank2__k2_4_6_8,survival_utility_controller_v4b_rankgroup_balanced_lr5e4_rank2,k2_4_6_8
slow_only,ngram_sd,14,219,results/apexp_block/config_large_500/evaluation/paper_cap50/apex_hot_runs/survival_utility_controller_v4b_rankgroup_balanced_lr5e4_rank2__k2_4_6_8,survival_utility_controller_v4b_rankgroup_balanced_lr5e4_rank2__k2_4_6_8,survival_utility_controller_v4b_rankgroup_balanced_lr5e4_rank2,k2_4_6_8
slow_only,ngram_sd,15,196,results/apexp_block/config_large_500/evaluation/paper_cap50/apex_hot_runs/survival_utility_controller_v4b_rankgroup_balanced_lr5e4_rank2__k2_4_6_8,survival_utility_controller_v4b_rankgroup_balanced_lr5e4_rank2__k2_4_6_8,survival_utility_controller_v4b_rankgroup_balanced_lr5e4_rank2,k2_4_6_8
slow_only,ngram_sd,16,88386,results/apexp_block/config_large_500/evaluation/paper_cap50/apex_hot_runs/survival_utility_controller_v4b_rankgroup_balanced_lr5e4_rank2__k2_4_6_8,survival_utility_controller_v4b_rankgroup_balanced_lr5e4_rank2__k2_4_6_8,survival_utility_controller_v4b_rankgroup_balanced_lr5e4_rank2,k2_4_6_8
slow_fast,eagle3,1,198,results/apexp_block/config_large_500/evaluation/paper_cap50/apex_hot_runs/survival_utility_controller_v4b_rankgroup_efficient_lr5e4_rank2__k1_2_4_6_8_10_12_14_16,survival_utility_controller_v4b_rankgroup_efficient_lr5e4_rank2__k1_2_4_6_8_10_12_14_16,survival_utility_controller_v4b_rankgroup_efficient_lr5e4_rank2,k1_2_4_6_8_10_12_14_16
slow_fast,eagle3,2,9988,results/apexp_block/config_large_500/evaluation/paper_cap50/apex_hot_runs/survival_utility_controller_v4b_rankgroup_efficient_lr5e4_rank2__k1_2_4_6_8_10_12_14_16,survival_utility_controller_v4b_rankgroup_efficient_lr5e4_rank2__k1_2_4_6_8_10_12_14_16,survival_utility_controller_v4b_rankgroup_efficient_lr5e4_rank2,k1_2_4_6_8_10_12_14_16
slow_fast,eagle3,4,5016,results/apexp_block/config_large_500/evaluation/paper_cap50/apex_hot_runs/survival_utility_controller_v4b_rankgroup_efficient_lr5e4_rank2__k1_2_4_6_8_10_12_14_16,survival_utility_controller_v4b_rankgroup_efficient_lr5e4_rank2__k1_2_4_6_8_10_12_14_16,survival_utility_controller_v4b_rankgroup_efficient_lr5e4_rank2,k1_2_4_6_8_10_12_14_16
slow_fast,eagle3,6,4,results/apexp_block/config_large_500/evaluation/paper_cap50/apex_hot_runs/survival_utility_controller_v4b_rankgroup_efficient_lr5e4_rank2__k1_2_4_6_8_10_12_14_16,survival_utility_controller_v4b_rankgroup_efficient_lr5e4_rank2__k1_2_4_6_8_10_12_14_16,survival_utility_controller_v4b_rankgroup_efficient_lr5e4_rank2,k1_2_4_6_8_10_12_14_16
slow_fast,eagle3,8,6,results/apexp_block/config_large_500/evaluation/paper_cap50/apex_hot_runs/survival_utility_controller_v4b_rankgroup_efficient_lr5e4_rank2__k1_2_4_6_8_10_12_14_16,survival_utility_controller_v4b_rankgroup_efficient_lr5e4_rank2__k1_2_4_6_8_10_12_14_16,survival_utility_controller_v4b_rankgroup_efficient_lr5e4_rank2,k1_2_4_6_8_10_12_14_16
slow_fast,eagle3,16,60,results/apexp_block/config_large_500/evaluation/paper_cap50/apex_hot_runs/survival_utility_controller_v4b_rankgroup_efficient_lr5e4_rank2__k1_2_4_6_8_10_12_14_16,survival_utility_controller_v4b_rankgroup_efficient_lr5e4_rank2__k1_2_4_6_8_10_12_14_16,survival_utility_controller_v4b_rankgroup_efficient_lr5e4_rank2,k1_2_4_6_8_10_12_14_16
slow_fast,ngram_sd,1,1492,results/apexp_block/config_large_500/evaluation/paper_cap50/apex_hot_runs/survival_utility_controller_v4b_rankgroup_efficient_lr5e4_rank2__k1_2_4_6_8_10_12_14_16,survival_utility_controller_v4b_rankgroup_efficient_lr5e4_rank2__k1_2_4_6_8_10_12_14_16,survival_utility_controller_v4b_rankgroup_efficient_lr5e4_rank2,k1_2_4_6_8_10_12_14_16
slow_fast,ngram_sd,2,2984,results/apexp_block/config_large_500/evaluation/paper_cap50/apex_hot_runs/survival_utility_controller_v4b_rankgroup_efficient_lr5e4_rank2__k1_2_4_6_8_10_12_14_16,survival_utility_controller_v4b_rankgroup_efficient_lr5e4_rank2__k1_2_4_6_8_10_12_14_16,survival_utility_controller_v4b_rankgroup_efficient_lr5e4_rank2,k1_2_4_6_8_10_12_14_16
slow_fast,ngram_sd,3,89,results/apexp_block/config_large_500/evaluation/paper_cap50/apex_hot_runs/survival_utility_controller_v4b_rankgroup_efficient_lr5e4_rank2__k1_2_4_6_8_10_12_14_16,survival_utility_controller_v4b_rankgroup_efficient_lr5e4_rank2__k1_2_4_6_8_10_12_14_16,survival_utility_controller_v4b_rankgroup_efficient_lr5e4_rank2,k1_2_4_6_8_10_12_14_16
slow_fast,ngram_sd,4,16505,results/apexp_block/config_large_500/evaluation/paper_cap50/apex_hot_runs/survival_utility_controller_v4b_rankgroup_efficient_lr5e4_rank2__k1_2_4_6_8_10_12_14_16,survival_utility_controller_v4b_rankgroup_efficient_lr5e4_rank2__k1_2_4_6_8_10_12_14_16,survival_utility_controller_v4b_rankgroup_efficient_lr5e4_rank2,k1_2_4_6_8_10_12_14_16
slow_fast,ngram_sd,5,114,results/apexp_block/config_large_500/evaluation/paper_cap50/apex_hot_runs/survival_utility_controller_v4b_rankgroup_efficient_lr5e4_rank2__k1_2_4_6_8_10_12_14_16,survival_utility_controller_v4b_rankgroup_efficient_lr5e4_rank2__k1_2_4_6_8_10_12_14_16,survival_utility_controller_v4b_rankgroup_efficient_lr5e4_rank2,k1_2_4_6_8_10_12_14_16
slow_fast,ngram_sd,6,9081,results/apexp_block/config_large_500/evaluation/paper_cap50/apex_hot_runs/survival_utility_controller_v4b_rankgroup_efficient_lr5e4_rank2__k1_2_4_6_8_10_12_14_16,survival_utility_controller_v4b_rankgroup_efficient_lr5e4_rank2__k1_2_4_6_8_10_12_14_16,survival_utility_controller_v4b_rankgroup_efficient_lr5e4_rank2,k1_2_4_6_8_10_12_14_16
slow_fast,ngram_sd,7,139,results/apexp_block/config_large_500/evaluation/paper_cap50/apex_hot_runs/survival_utility_controller_v4b_rankgroup_efficient_lr5e4_rank2__k1_2_4_6_8_10_12_14_16,survival_utility_controller_v4b_rankgroup_efficient_lr5e4_rank2__k1_2_4_6_8_10_12_14_16,survival_utility_controller_v4b_rankgroup_efficient_lr5e4_rank2,k1_2_4_6_8_10_12_14_16
slow_fast,ngram_sd,8,6158,results/apexp_block/config_large_500/evaluation/paper_cap50/apex_hot_runs/survival_utility_controller_v4b_rankgroup_efficient_lr5e4_rank2__k1_2_4_6_8_10_12_14_16,survival_utility_controller_v4b_rankgroup_efficient_lr5e4_rank2__k1_2_4_6_8_10_12_14_16,survival_utility_controller_v4b_rankgroup_efficient_lr5e4_rank2,k1_2_4_6_8_10_12_14_16
slow_fast,ngram_sd,9,132,results/apexp_block/config_large_500/evaluation/paper_cap50/apex_hot_runs/survival_utility_controller_v4b_rankgroup_efficient_lr5e4_rank2__k1_2_4_6_8_10_12_14_16,survival_utility_controller_v4b_rankgroup_efficient_lr5e4_rank2__k1_2_4_6_8_10_12_14_16,survival_utility_controller_v4b_rankgroup_efficient_lr5e4_rank2,k1_2_4_6_8_10_12_14_16
slow_fast,ngram_sd,10,6003,results/apexp_block/config_large_500/evaluation/paper_cap50/apex_hot_runs/survival_utility_controller_v4b_rankgroup_efficient_lr5e4_rank2__k1_2_4_6_8_10_12_14_16,survival_utility_controller_v4b_rankgroup_efficient_lr5e4_rank2__k1_2_4_6_8_10_12_14_16,survival_utility_controller_v4b_rankgroup_efficient_lr5e4_rank2,k1_2_4_6_8_10_12_14_16
slow_fast,ngram_sd,11,122,results/apexp_block/config_large_500/evaluation/paper_cap50/apex_hot_runs/survival_utility_controller_v4b_rankgroup_efficient_lr5e4_rank2__k1_2_4_6_8_10_12_14_16,survival_utility_controller_v4b_rankgroup_efficient_lr5e4_rank2__k1_2_4_6_8_10_12_14_16,survival_utility_controller_v4b_rankgroup_efficient_lr5e4_rank2,k1_2_4_6_8_10_12_14_16
slow_fast,ngram_sd,12,8220,results/apexp_block/config_large_500/evaluation/paper_cap50/apex_hot_runs/survival_utility_controller_v4b_rankgroup_efficient_lr5e4_rank2__k1_2_4_6_8_10_12_14_16,survival_utility_controller_v4b_rankgroup_efficient_lr5e4_rank2__k1_2_4_6_8_10_12_14_16,survival_utility_controller_v4b_rankgroup_efficient_lr5e4_rank2,k1_2_4_6_8_10_12_14_16
slow_fast,ngram_sd,13,103,results/apexp_block/config_large_500/evaluation/paper_cap50/apex_hot_runs/survival_utility_controller_v4b_rankgroup_efficient_lr5e4_rank2__k1_2_4_6_8_10_12_14_16,survival_utility_controller_v4b_rankgroup_efficient_lr5e4_rank2__k1_2_4_6_8_10_12_14_16,survival_utility_controller_v4b_rankgroup_efficient_lr5e4_rank2,k1_2_4_6_8_10_12_14_16
slow_fast,ngram_sd,14,7653,results/apexp_block/config_large_500/evaluation/paper_cap50/apex_hot_runs/survival_utility_controller_v4b_rankgroup_efficient_lr5e4_rank2__k1_2_4_6_8_10_12_14_16,survival_utility_controller_v4b_rankgroup_efficient_lr5e4_rank2__k1_2_4_6_8_10_12_14_16,survival_utility_controller_v4b_rankgroup_efficient_lr5e4_rank2,k1_2_4_6_8_10_12_14_16
slow_fast,ngram_sd,15,83,results/apexp_block/config_large_500/evaluation/paper_cap50/apex_hot_runs/survival_utility_controller_v4b_rankgroup_efficient_lr5e4_rank2__k1_2_4_6_8_10_12_14_16,survival_utility_controller_v4b_rankgroup_efficient_lr5e4_rank2__k1_2_4_6_8_10_12_14_16,survival_utility_controller_v4b_rankgroup_efficient_lr5e4_rank2,k1_2_4_6_8_10_12_14_16
slow_fast,ngram_sd,16,37047,results/apexp_block/config_large_500/evaluation/paper_cap50/apex_hot_runs/survival_utility_controller_v4b_rankgroup_efficient_lr5e4_rank2__k1_2_4_6_8_10_12_14_16,survival_utility_controller_v4b_rankgroup_efficient_lr5e4_rank2__k1_2_4_6_8_10_12_14_16,survival_utility_controller_v4b_rankgroup_efficient_lr5e4_rank2,k1_2_4_6_8_10_12_14_16
slow_only,eagle3,2,2848,results/apexp_block/config_large_500/evaluation/paper_cap50/apex_hot_runs/survival_utility_controller_v4b_rankgroup_efficient_lr5e4_rank2__k1_2_4_6_8_10_12_14_16,survival_utility_controller_v4b_rankgroup_efficient_lr5e4_rank2__k1_2_4_6_8_10_12_14_16,survival_utility_controller_v4b_rankgroup_efficient_lr5e4_rank2,k1_2_4_6_8_10_12_14_16
slow_only,eagle3,4,1863,results/apexp_block/config_large_500/evaluation/paper_cap50/apex_hot_runs/survival_utility_controller_v4b_rankgroup_efficient_lr5e4_rank2__k1_2_4_6_8_10_12_14_16,survival_utility_controller_v4b_rankgroup_efficient_lr5e4_rank2__k1_2_4_6_8_10_12_14_16,survival_utility_controller_v4b_rankgroup_efficient_lr5e4_rank2,k1_2_4_6_8_10_12_14_16
slow_only,eagle3,8,984,results/apexp_block/config_large_500/evaluation/paper_cap50/apex_hot_runs/survival_utility_controller_v4b_rankgroup_efficient_lr5e4_rank2__k1_2_4_6_8_10_12_14_16,survival_utility_controller_v4b_rankgroup_efficient_lr5e4_rank2__k1_2_4_6_8_10_12_14_16,survival_utility_controller_v4b_rankgroup_efficient_lr5e4_rank2,k1_2_4_6_8_10_12_14_16
slow_only,eagle3,16,9569,results/apexp_block/config_large_500/evaluation/paper_cap50/apex_hot_runs/survival_utility_controller_v4b_rankgroup_efficient_lr5e4_rank2__k1_2_4_6_8_10_12_14_16,survival_utility_controller_v4b_rankgroup_efficient_lr5e4_rank2__k1_2_4_6_8_10_12_14_16,survival_utility_controller_v4b_rankgroup_efficient_lr5e4_rank2,k1_2_4_6_8_10_12_14_16
slow_only,ngram_sd,1,38,results/apexp_block/config_large_500/evaluation/paper_cap50/apex_hot_runs/survival_utility_controller_v4b_rankgroup_efficient_lr5e4_rank2__k1_2_4_6_8_10_12_14_16,survival_utility_controller_v4b_rankgroup_efficient_lr5e4_rank2__k1_2_4_6_8_10_12_14_16,survival_utility_controller_v4b_rankgroup_efficient_lr5e4_rank2,k1_2_4_6_8_10_12_14_16
slow_only,ngram_sd,2,1577,results/apexp_block/config_large_500/evaluation/paper_cap50/apex_hot_runs/survival_utility_controller_v4b_rankgroup_efficient_lr5e4_rank2__k1_2_4_6_8_10_12_14_16,survival_utility_controller_v4b_rankgroup_efficient_lr5e4_rank2__k1_2_4_6_8_10_12_14_16,survival_utility_controller_v4b_rankgroup_efficient_lr5e4_rank2,k1_2_4_6_8_10_12_14_16
slow_only,ngram_sd,3,96,results/apexp_block/config_large_500/evaluation/paper_cap50/apex_hot_runs/survival_utility_controller_v4b_rankgroup_efficient_lr5e4_rank2__k1_2_4_6_8_10_12_14_16,survival_utility_controller_v4b_rankgroup_efficient_lr5e4_rank2__k1_2_4_6_8_10_12_14_16,survival_utility_controller_v4b_rankgroup_efficient_lr5e4_rank2,k1_2_4_6_8_10_12_14_16
slow_only,ngram_sd,4,1229,results/apexp_block/config_large_500/evaluation/paper_cap50/apex_hot_runs/survival_utility_controller_v4b_rankgroup_efficient_lr5e4_rank2__k1_2_4_6_8_10_12_14_16,survival_utility_controller_v4b_rankgroup_efficient_lr5e4_rank2__k1_2_4_6_8_10_12_14_16,survival_utility_controller_v4b_rankgroup_efficient_lr5e4_rank2,k1_2_4_6_8_10_12_14_16
slow_only,ngram_sd,5,135,results/apexp_block/config_large_500/evaluation/paper_cap50/apex_hot_runs/survival_utility_controller_v4b_rankgroup_efficient_lr5e4_rank2__k1_2_4_6_8_10_12_14_16,survival_utility_controller_v4b_rankgroup_efficient_lr5e4_rank2__k1_2_4_6_8_10_12_14_16,survival_utility_controller_v4b_rankgroup_efficient_lr5e4_rank2,k1_2_4_6_8_10_12_14_16
slow_only,ngram_sd,6,183,results/apexp_block/config_large_500/evaluation/paper_cap50/apex_hot_runs/survival_utility_controller_v4b_rankgroup_efficient_lr5e4_rank2__k1_2_4_6_8_10_12_14_16,survival_utility_controller_v4b_rankgroup_efficient_lr5e4_rank2__k1_2_4_6_8_10_12_14_16,survival_utility_controller_v4b_rankgroup_efficient_lr5e4_rank2,k1_2_4_6_8_10_12_14_16
slow_only,ngram_sd,7,186,results/apexp_block/config_large_500/evaluation/paper_cap50/apex_hot_runs/survival_utility_controller_v4b_rankgroup_efficient_lr5e4_rank2__k1_2_4_6_8_10_12_14_16,survival_utility_controller_v4b_rankgroup_efficient_lr5e4_rank2__k1_2_4_6_8_10_12_14_16,survival_utility_controller_v4b_rankgroup_efficient_lr5e4_rank2,k1_2_4_6_8_10_12_14_16
slow_only,ngram_sd,8,1268,results/apexp_block/config_large_500/evaluation/paper_cap50/apex_hot_runs/survival_utility_controller_v4b_rankgroup_efficient_lr5e4_rank2__k1_2_4_6_8_10_12_14_16,survival_utility_controller_v4b_rankgroup_efficient_lr5e4_rank2__k1_2_4_6_8_10_12_14_16,survival_utility_controller_v4b_rankgroup_efficient_lr5e4_rank2,k1_2_4_6_8_10_12_14_16
slow_only,ngram_sd,9,193,results/apexp_block/config_large_500/evaluation/paper_cap50/apex_hot_runs/survival_utility_controller_v4b_rankgroup_efficient_lr5e4_rank2__k1_2_4_6_8_10_12_14_16,survival_utility_controller_v4b_rankgroup_efficient_lr5e4_rank2__k1_2_4_6_8_10_12_14_16,survival_utility_controller_v4b_rankgroup_efficient_lr5e4_rank2,k1_2_4_6_8_10_12_14_16
slow_only,ngram_sd,10,233,results/apexp_block/config_large_500/evaluation/paper_cap50/apex_hot_runs/survival_utility_controller_v4b_rankgroup_efficient_lr5e4_rank2__k1_2_4_6_8_10_12_14_16,survival_utility_controller_v4b_rankgroup_efficient_lr5e4_rank2__k1_2_4_6_8_10_12_14_16,survival_utility_controller_v4b_rankgroup_efficient_lr5e4_rank2,k1_2_4_6_8_10_12_14_16
slow_only,ngram_sd,11,204,results/apexp_block/config_large_500/evaluation/paper_cap50/apex_hot_runs/survival_utility_controller_v4b_rankgroup_efficient_lr5e4_rank2__k1_2_4_6_8_10_12_14_16,survival_utility_controller_v4b_rankgroup_efficient_lr5e4_rank2__k1_2_4_6_8_10_12_14_16,survival_utility_controller_v4b_rankgroup_efficient_lr5e4_rank2,k1_2_4_6_8_10_12_14_16
slow_only,ngram_sd,12,243,results/apexp_block/config_large_500/evaluation/paper_cap50/apex_hot_runs/survival_utility_controller_v4b_rankgroup_efficient_lr5e4_rank2__k1_2_4_6_8_10_12_14_16,survival_utility_controller_v4b_rankgroup_efficient_lr5e4_rank2__k1_2_4_6_8_10_12_14_16,survival_utility_controller_v4b_rankgroup_efficient_lr5e4_rank2,k1_2_4_6_8_10_12_14_16
slow_only,ngram_sd,13,200,results/apexp_block/config_large_500/evaluation/paper_cap50/apex_hot_runs/survival_utility_controller_v4b_rankgroup_efficient_lr5e4_rank2__k1_2_4_6_8_10_12_14_16,survival_utility_controller_v4b_rankgroup_efficient_lr5e4_rank2__k1_2_4_6_8_10_12_14_16,survival_utility_controller_v4b_rankgroup_efficient_lr5e4_rank2,k1_2_4_6_8_10_12_14_16
slow_only,ngram_sd,14,219,results/apexp_block/config_large_500/evaluation/paper_cap50/apex_hot_runs/survival_utility_controller_v4b_rankgroup_efficient_lr5e4_rank2__k1_2_4_6_8_10_12_14_16,survival_utility_controller_v4b_rankgroup_efficient_lr5e4_rank2__k1_2_4_6_8_10_12_14_16,survival_utility_controller_v4b_rankgroup_efficient_lr5e4_rank2,k1_2_4_6_8_10_12_14_16
slow_only,ngram_sd,15,196,results/apexp_block/config_large_500/evaluation/paper_cap50/apex_hot_runs/survival_utility_controller_v4b_rankgroup_efficient_lr5e4_rank2__k1_2_4_6_8_10_12_14_16,survival_utility_controller_v4b_rankgroup_efficient_lr5e4_rank2__k1_2_4_6_8_10_12_14_16,survival_utility_controller_v4b_rankgroup_efficient_lr5e4_rank2,k1_2_4_6_8_10_12_14_16
slow_only,ngram_sd,16,88386,results/apexp_block/config_large_500/evaluation/paper_cap50/apex_hot_runs/survival_utility_controller_v4b_rankgroup_efficient_lr5e4_rank2__k1_2_4_6_8_10_12_14_16,survival_utility_controller_v4b_rankgroup_efficient_lr5e4_rank2__k1_2_4_6_8_10_12_14_16,survival_utility_controller_v4b_rankgroup_efficient_lr5e4_rank2,k1_2_4_6_8_10_12_14_16
slow_fast,eagle3,1,198,results/apexp_block/config_large_500/evaluation/paper_cap50/apex_hot_runs/survival_utility_controller_v4b_rankgroup_efficient_lr5e4_rank2__k1_2_4_8_16,survival_utility_controller_v4b_rankgroup_efficient_lr5e4_rank2__k1_2_4_8_16,survival_utility_controller_v4b_rankgroup_efficient_lr5e4_rank2,k1_2_4_8_16
slow_fast,eagle3,2,9990,results/apexp_block/config_large_500/evaluation/paper_cap50/apex_hot_runs/survival_utility_controller_v4b_rankgroup_efficient_lr5e4_rank2__k1_2_4_8_16,survival_utility_controller_v4b_rankgroup_efficient_lr5e4_rank2__k1_2_4_8_16,survival_utility_controller_v4b_rankgroup_efficient_lr5e4_rank2,k1_2_4_8_16
slow_fast,eagle3,4,5018,results/apexp_block/config_large_500/evaluation/paper_cap50/apex_hot_runs/survival_utility_controller_v4b_rankgroup_efficient_lr5e4_rank2__k1_2_4_8_16,survival_utility_controller_v4b_rankgroup_efficient_lr5e4_rank2__k1_2_4_8_16,survival_utility_controller_v4b_rankgroup_efficient_lr5e4_rank2,k1_2_4_8_16
slow_fast,eagle3,8,6,results/apexp_block/config_large_500/evaluation/paper_cap50/apex_hot_runs/survival_utility_controller_v4b_rankgroup_efficient_lr5e4_rank2__k1_2_4_8_16,survival_utility_controller_v4b_rankgroup_efficient_lr5e4_rank2__k1_2_4_8_16,survival_utility_controller_v4b_rankgroup_efficient_lr5e4_rank2,k1_2_4_8_16
slow_fast,eagle3,16,60,results/apexp_block/config_large_500/evaluation/paper_cap50/apex_hot_runs/survival_utility_controller_v4b_rankgroup_efficient_lr5e4_rank2__k1_2_4_8_16,survival_utility_controller_v4b_rankgroup_efficient_lr5e4_rank2__k1_2_4_8_16,survival_utility_controller_v4b_rankgroup_efficient_lr5e4_rank2,k1_2_4_8_16
slow_fast,ngram_sd,1,1484,results/apexp_block/config_large_500/evaluation/paper_cap50/apex_hot_runs/survival_utility_controller_v4b_rankgroup_efficient_lr5e4_rank2__k1_2_4_8_16,survival_utility_controller_v4b_rankgroup_efficient_lr5e4_rank2__k1_2_4_8_16,survival_utility_controller_v4b_rankgroup_efficient_lr5e4_rank2,k1_2_4_8_16
slow_fast,ngram_sd,2,3083,results/apexp_block/config_large_500/evaluation/paper_cap50/apex_hot_runs/survival_utility_controller_v4b_rankgroup_efficient_lr5e4_rank2__k1_2_4_8_16,survival_utility_controller_v4b_rankgroup_efficient_lr5e4_rank2__k1_2_4_8_16,survival_utility_controller_v4b_rankgroup_efficient_lr5e4_rank2,k1_2_4_8_16
slow_fast,ngram_sd,3,90,results/apexp_block/config_large_500/evaluation/paper_cap50/apex_hot_runs/survival_utility_controller_v4b_rankgroup_efficient_lr5e4_rank2__k1_2_4_8_16,survival_utility_controller_v4b_rankgroup_efficient_lr5e4_rank2__k1_2_4_8_16,survival_utility_controller_v4b_rankgroup_efficient_lr5e4_rank2,k1_2_4_8_16
slow_fast,ngram_sd,4,22002,results/apexp_block/config_large_500/evaluation/paper_cap50/apex_hot_runs/survival_utility_controller_v4b_rankgroup_efficient_lr5e4_rank2__k1_2_4_8_16,survival_utility_controller_v4b_rankgroup_efficient_lr5e4_rank2__k1_2_4_8_16,survival_utility_controller_v4b_rankgroup_efficient_lr5e4_rank2,k1_2_4_8_16
slow_fast,ngram_sd,5,106,results/apexp_block/config_large_500/evaluation/paper_cap50/apex_hot_runs/survival_utility_controller_v4b_rankgroup_efficient_lr5e4_rank2__k1_2_4_8_16,survival_utility_controller_v4b_rankgroup_efficient_lr5e4_rank2__k1_2_4_8_16,survival_utility_controller_v4b_rankgroup_efficient_lr5e4_rank2,k1_2_4_8_16
slow_fast,ngram_sd,6,131,results/apexp_block/config_large_500/evaluation/paper_cap50/apex_hot_runs/survival_utility_controller_v4b_rankgroup_efficient_lr5e4_rank2__k1_2_4_8_16,survival_utility_controller_v4b_rankgroup_efficient_lr5e4_rank2__k1_2_4_8_16,survival_utility_controller_v4b_rankgroup_efficient_lr5e4_rank2,k1_2_4_8_16
slow_fast,ngram_sd,7,149,results/apexp_block/config_large_500/evaluation/paper_cap50/apex_hot_runs/survival_utility_controller_v4b_rankgroup_efficient_lr5e4_rank2__k1_2_4_8_16,survival_utility_controller_v4b_rankgroup_efficient_lr5e4_rank2__k1_2_4_8_16,survival_utility_controller_v4b_rankgroup_efficient_lr5e4_rank2,k1_2_4_8_16
slow_fast,ngram_sd,8,19088,results/apexp_block/config_large_500/evaluation/paper_cap50/apex_hot_runs/survival_utility_controller_v4b_rankgroup_efficient_lr5e4_rank2__k1_2_4_8_16,survival_utility_controller_v4b_rankgroup_efficient_lr5e4_rank2__k1_2_4_8_16,survival_utility_controller_v4b_rankgroup_efficient_lr5e4_rank2,k1_2_4_8_16
slow_fast,ngram_sd,9,117,results/apexp_block/config_large_500/evaluation/paper_cap50/apex_hot_runs/survival_utility_controller_v4b_rankgroup_efficient_lr5e4_rank2__k1_2_4_8_16,survival_utility_controller_v4b_rankgroup_efficient_lr5e4_rank2__k1_2_4_8_16,survival_utility_controller_v4b_rankgroup_efficient_lr5e4_rank2,k1_2_4_8_16
slow_fast,ngram_sd,10,137,results/apexp_block/config_large_500/evaluation/paper_cap50/apex_hot_runs/survival_utility_controller_v4b_rankgroup_efficient_lr5e4_rank2__k1_2_4_8_16,survival_utility_controller_v4b_rankgroup_efficient_lr5e4_rank2__k1_2_4_8_16,survival_utility_controller_v4b_rankgroup_efficient_lr5e4_rank2,k1_2_4_8_16
slow_fast,ngram_sd,11,114,results/apexp_block/config_large_500/evaluation/paper_cap50/apex_hot_runs/survival_utility_controller_v4b_rankgroup_efficient_lr5e4_rank2__k1_2_4_8_16,survival_utility_controller_v4b_rankgroup_efficient_lr5e4_rank2__k1_2_4_8_16,survival_utility_controller_v4b_rankgroup_efficient_lr5e4_rank2,k1_2_4_8_16
slow_fast,ngram_sd,12,145,results/apexp_block/config_large_500/evaluation/paper_cap50/apex_hot_runs/survival_utility_controller_v4b_rankgroup_efficient_lr5e4_rank2__k1_2_4_8_16,survival_utility_controller_v4b_rankgroup_efficient_lr5e4_rank2__k1_2_4_8_16,survival_utility_controller_v4b_rankgroup_efficient_lr5e4_rank2,k1_2_4_8_16
slow_fast,ngram_sd,13,117,results/apexp_block/config_large_500/evaluation/paper_cap50/apex_hot_runs/survival_utility_controller_v4b_rankgroup_efficient_lr5e4_rank2__k1_2_4_8_16,survival_utility_controller_v4b_rankgroup_efficient_lr5e4_rank2__k1_2_4_8_16,survival_utility_controller_v4b_rankgroup_efficient_lr5e4_rank2,k1_2_4_8_16
slow_fast,ngram_sd,14,124,results/apexp_block/config_large_500/evaluation/paper_cap50/apex_hot_runs/survival_utility_controller_v4b_rankgroup_efficient_lr5e4_rank2__k1_2_4_8_16,survival_utility_controller_v4b_rankgroup_efficient_lr5e4_rank2__k1_2_4_8_16,survival_utility_controller_v4b_rankgroup_efficient_lr5e4_rank2,k1_2_4_8_16
slow_fast,ngram_sd,15,122,results/apexp_block/config_large_500/evaluation/paper_cap50/apex_hot_runs/survival_utility_controller_v4b_rankgroup_efficient_lr5e4_rank2__k1_2_4_8_16,survival_utility_controller_v4b_rankgroup_efficient_lr5e4_rank2__k1_2_4_8_16,survival_utility_controller_v4b_rankgroup_efficient_lr5e4_rank2,k1_2_4_8_16
slow_fast,ngram_sd,16,49320,results/apexp_block/config_large_500/evaluation/paper_cap50/apex_hot_runs/survival_utility_controller_v4b_rankgroup_efficient_lr5e4_rank2__k1_2_4_8_16,survival_utility_controller_v4b_rankgroup_efficient_lr5e4_rank2__k1_2_4_8_16,survival_utility_controller_v4b_rankgroup_efficient_lr5e4_rank2,k1_2_4_8_16
slow_only,eagle3,2,2848,results/apexp_block/config_large_500/evaluation/paper_cap50/apex_hot_runs/survival_utility_controller_v4b_rankgroup_efficient_lr5e4_rank2__k1_2_4_8_16,survival_utility_controller_v4b_rankgroup_efficient_lr5e4_rank2__k1_2_4_8_16,survival_utility_controller_v4b_rankgroup_efficient_lr5e4_rank2,k1_2_4_8_16
slow_only,eagle3,4,1863,results/apexp_block/config_large_500/evaluation/paper_cap50/apex_hot_runs/survival_utility_controller_v4b_rankgroup_efficient_lr5e4_rank2__k1_2_4_8_16,survival_utility_controller_v4b_rankgroup_efficient_lr5e4_rank2__k1_2_4_8_16,survival_utility_controller_v4b_rankgroup_efficient_lr5e4_rank2,k1_2_4_8_16
slow_only,eagle3,8,984,results/apexp_block/config_large_500/evaluation/paper_cap50/apex_hot_runs/survival_utility_controller_v4b_rankgroup_efficient_lr5e4_rank2__k1_2_4_8_16,survival_utility_controller_v4b_rankgroup_efficient_lr5e4_rank2__k1_2_4_8_16,survival_utility_controller_v4b_rankgroup_efficient_lr5e4_rank2,k1_2_4_8_16
slow_only,eagle3,16,9569,results/apexp_block/config_large_500/evaluation/paper_cap50/apex_hot_runs/survival_utility_controller_v4b_rankgroup_efficient_lr5e4_rank2__k1_2_4_8_16,survival_utility_controller_v4b_rankgroup_efficient_lr5e4_rank2__k1_2_4_8_16,survival_utility_controller_v4b_rankgroup_efficient_lr5e4_rank2,k1_2_4_8_16
slow_only,ngram_sd,1,38,results/apexp_block/config_large_500/evaluation/paper_cap50/apex_hot_runs/survival_utility_controller_v4b_rankgroup_efficient_lr5e4_rank2__k1_2_4_8_16,survival_utility_controller_v4b_rankgroup_efficient_lr5e4_rank2__k1_2_4_8_16,survival_utility_controller_v4b_rankgroup_efficient_lr5e4_rank2,k1_2_4_8_16
slow_only,ngram_sd,2,1577,results/apexp_block/config_large_500/evaluation/paper_cap50/apex_hot_runs/survival_utility_controller_v4b_rankgroup_efficient_lr5e4_rank2__k1_2_4_8_16,survival_utility_controller_v4b_rankgroup_efficient_lr5e4_rank2__k1_2_4_8_16,survival_utility_controller_v4b_rankgroup_efficient_lr5e4_rank2,k1_2_4_8_16
slow_only,ngram_sd,3,96,results/apexp_block/config_large_500/evaluation/paper_cap50/apex_hot_runs/survival_utility_controller_v4b_rankgroup_efficient_lr5e4_rank2__k1_2_4_8_16,survival_utility_controller_v4b_rankgroup_efficient_lr5e4_rank2__k1_2_4_8_16,survival_utility_controller_v4b_rankgroup_efficient_lr5e4_rank2,k1_2_4_8_16
slow_only,ngram_sd,4,1229,results/apexp_block/config_large_500/evaluation/paper_cap50/apex_hot_runs/survival_utility_controller_v4b_rankgroup_efficient_lr5e4_rank2__k1_2_4_8_16,survival_utility_controller_v4b_rankgroup_efficient_lr5e4_rank2__k1_2_4_8_16,survival_utility_controller_v4b_rankgroup_efficient_lr5e4_rank2,k1_2_4_8_16
slow_only,ngram_sd,5,135,results/apexp_block/config_large_500/evaluation/paper_cap50/apex_hot_runs/survival_utility_controller_v4b_rankgroup_efficient_lr5e4_rank2__k1_2_4_8_16,survival_utility_controller_v4b_rankgroup_efficient_lr5e4_rank2__k1_2_4_8_16,survival_utility_controller_v4b_rankgroup_efficient_lr5e4_rank2,k1_2_4_8_16
slow_only,ngram_sd,6,183,results/apexp_block/config_large_500/evaluation/paper_cap50/apex_hot_runs/survival_utility_controller_v4b_rankgroup_efficient_lr5e4_rank2__k1_2_4_8_16,survival_utility_controller_v4b_rankgroup_efficient_lr5e4_rank2__k1_2_4_8_16,survival_utility_controller_v4b_rankgroup_efficient_lr5e4_rank2,k1_2_4_8_16
slow_only,ngram_sd,7,186,results/apexp_block/config_large_500/evaluation/paper_cap50/apex_hot_runs/survival_utility_controller_v4b_rankgroup_efficient_lr5e4_rank2__k1_2_4_8_16,survival_utility_controller_v4b_rankgroup_efficient_lr5e4_rank2__k1_2_4_8_16,survival_utility_controller_v4b_rankgroup_efficient_lr5e4_rank2,k1_2_4_8_16
slow_only,ngram_sd,8,1268,results/apexp_block/config_large_500/evaluation/paper_cap50/apex_hot_runs/survival_utility_controller_v4b_rankgroup_efficient_lr5e4_rank2__k1_2_4_8_16,survival_utility_controller_v4b_rankgroup_efficient_lr5e4_rank2__k1_2_4_8_16,survival_utility_controller_v4b_rankgroup_efficient_lr5e4_rank2,k1_2_4_8_16
slow_only,ngram_sd,9,193,results/apexp_block/config_large_500/evaluation/paper_cap50/apex_hot_runs/survival_utility_controller_v4b_rankgroup_efficient_lr5e4_rank2__k1_2_4_8_16,survival_utility_controller_v4b_rankgroup_efficient_lr5e4_rank2__k1_2_4_8_16,survival_utility_controller_v4b_rankgroup_efficient_lr5e4_rank2,k1_2_4_8_16
slow_only,ngram_sd,10,233,results/apexp_block/config_large_500/evaluation/paper_cap50/apex_hot_runs/survival_utility_controller_v4b_rankgroup_efficient_lr5e4_rank2__k1_2_4_8_16,survival_utility_controller_v4b_rankgroup_efficient_lr5e4_rank2__k1_2_4_8_16,survival_utility_controller_v4b_rankgroup_efficient_lr5e4_rank2,k1_2_4_8_16
slow_only,ngram_sd,11,204,results/apexp_block/config_large_500/evaluation/paper_cap50/apex_hot_runs/survival_utility_controller_v4b_rankgroup_efficient_lr5e4_rank2__k1_2_4_8_16,survival_utility_controller_v4b_rankgroup_efficient_lr5e4_rank2__k1_2_4_8_16,survival_utility_controller_v4b_rankgroup_efficient_lr5e4_rank2,k1_2_4_8_16
slow_only,ngram_sd,12,243,results/apexp_block/config_large_500/evaluation/paper_cap50/apex_hot_runs/survival_utility_controller_v4b_rankgroup_efficient_lr5e4_rank2__k1_2_4_8_16,survival_utility_controller_v4b_rankgroup_efficient_lr5e4_rank2__k1_2_4_8_16,survival_utility_controller_v4b_rankgroup_efficient_lr5e4_rank2,k1_2_4_8_16
slow_only,ngram_sd,13,200,results/apexp_block/config_large_500/evaluation/paper_cap50/apex_hot_runs/survival_utility_controller_v4b_rankgroup_efficient_lr5e4_rank2__k1_2_4_8_16,survival_utility_controller_v4b_rankgroup_efficient_lr5e4_rank2__k1_2_4_8_16,survival_utility_controller_v4b_rankgroup_efficient_lr5e4_rank2,k1_2_4_8_16
slow_only,ngram_sd,14,219,results/apexp_block/config_large_500/evaluation/paper_cap50/apex_hot_runs/survival_utility_controller_v4b_rankgroup_efficient_lr5e4_rank2__k1_2_4_8_16,survival_utility_controller_v4b_rankgroup_efficient_lr5e4_rank2__k1_2_4_8_16,survival_utility_controller_v4b_rankgroup_efficient_lr5e4_rank2,k1_2_4_8_16
slow_only,ngram_sd,15,196,results/apexp_block/config_large_500/evaluation/paper_cap50/apex_hot_runs/survival_utility_controller_v4b_rankgroup_efficient_lr5e4_rank2__k1_2_4_8_16,survival_utility_controller_v4b_rankgroup_efficient_lr5e4_rank2__k1_2_4_8_16,survival_utility_controller_v4b_rankgroup_efficient_lr5e4_rank2,k1_2_4_8_16
slow_only,ngram_sd,16,88386,results/apexp_block/config_large_500/evaluation/paper_cap50/apex_hot_runs/survival_utility_controller_v4b_rankgroup_efficient_lr5e4_rank2__k1_2_4_8_16,survival_utility_controller_v4b_rankgroup_efficient_lr5e4_rank2__k1_2_4_8_16,survival_utility_controller_v4b_rankgroup_efficient_lr5e4_rank2,k1_2_4_8_16
slow_fast,eagle3,1,199,results/apexp_block/config_large_500/evaluation/paper_cap50/apex_hot_runs/survival_utility_controller_v4b_rankgroup_efficient_lr5e4_rank2__k1_to_16,survival_utility_controller_v4b_rankgroup_efficient_lr5e4_rank2__k1_to_16,survival_utility_controller_v4b_rankgroup_efficient_lr5e4_rank2,k1_to_16
slow_fast,eagle3,2,5738,results/apexp_block/config_large_500/evaluation/paper_cap50/apex_hot_runs/survival_utility_controller_v4b_rankgroup_efficient_lr5e4_rank2__k1_to_16,survival_utility_controller_v4b_rankgroup_efficient_lr5e4_rank2__k1_to_16,survival_utility_controller_v4b_rankgroup_efficient_lr5e4_rank2,k1_to_16
slow_fast,eagle3,3,8110,results/apexp_block/config_large_500/evaluation/paper_cap50/apex_hot_runs/survival_utility_controller_v4b_rankgroup_efficient_lr5e4_rank2__k1_to_16,survival_utility_controller_v4b_rankgroup_efficient_lr5e4_rank2__k1_to_16,survival_utility_controller_v4b_rankgroup_efficient_lr5e4_rank2,k1_to_16
slow_fast,eagle3,4,1154,results/apexp_block/config_large_500/evaluation/paper_cap50/apex_hot_runs/survival_utility_controller_v4b_rankgroup_efficient_lr5e4_rank2__k1_to_16,survival_utility_controller_v4b_rankgroup_efficient_lr5e4_rank2__k1_to_16,survival_utility_controller_v4b_rankgroup_efficient_lr5e4_rank2,k1_to_16
slow_fast,eagle3,5,2,results/apexp_block/config_large_500/evaluation/paper_cap50/apex_hot_runs/survival_utility_controller_v4b_rankgroup_efficient_lr5e4_rank2__k1_to_16,survival_utility_controller_v4b_rankgroup_efficient_lr5e4_rank2__k1_to_16,survival_utility_controller_v4b_rankgroup_efficient_lr5e4_rank2,k1_to_16
slow_fast,eagle3,8,6,results/apexp_block/config_large_500/evaluation/paper_cap50/apex_hot_runs/survival_utility_controller_v4b_rankgroup_efficient_lr5e4_rank2__k1_to_16,survival_utility_controller_v4b_rankgroup_efficient_lr5e4_rank2__k1_to_16,survival_utility_controller_v4b_rankgroup_efficient_lr5e4_rank2,k1_to_16
slow_fast,eagle3,16,60,results/apexp_block/config_large_500/evaluation/paper_cap50/apex_hot_runs/survival_utility_controller_v4b_rankgroup_efficient_lr5e4_rank2__k1_to_16,survival_utility_controller_v4b_rankgroup_efficient_lr5e4_rank2__k1_to_16,survival_utility_controller_v4b_rankgroup_efficient_lr5e4_rank2,k1_to_16
slow_fast,ngram_sd,1,1362,results/apexp_block/config_large_500/evaluation/paper_cap50/apex_hot_runs/survival_utility_controller_v4b_rankgroup_efficient_lr5e4_rank2__k1_to_16,survival_utility_controller_v4b_rankgroup_efficient_lr5e4_rank2__k1_to_16,survival_utility_controller_v4b_rankgroup_efficient_lr5e4_rank2,k1_to_16
slow_fast,ngram_sd,2,1564,results/apexp_block/config_large_500/evaluation/paper_cap50/apex_hot_runs/survival_utility_controller_v4b_rankgroup_efficient_lr5e4_rank2__k1_to_16,survival_utility_controller_v4b_rankgroup_efficient_lr5e4_rank2__k1_to_16,survival_utility_controller_v4b_rankgroup_efficient_lr5e4_rank2,k1_to_16
slow_fast,ngram_sd,3,4291,results/apexp_block/config_large_500/evaluation/paper_cap50/apex_hot_runs/survival_utility_controller_v4b_rankgroup_efficient_lr5e4_rank2__k1_to_16,survival_utility_controller_v4b_rankgroup_efficient_lr5e4_rank2__k1_to_16,survival_utility_controller_v4b_rankgroup_efficient_lr5e4_rank2,k1_to_16
slow_fast,ngram_sd,4,9669,results/apexp_block/config_large_500/evaluation/paper_cap50/apex_hot_runs/survival_utility_controller_v4b_rankgroup_efficient_lr5e4_rank2__k1_to_16,survival_utility_controller_v4b_rankgroup_efficient_lr5e4_rank2__k1_to_16,survival_utility_controller_v4b_rankgroup_efficient_lr5e4_rank2,k1_to_16
slow_fast,ngram_sd,5,8556,results/apexp_block/config_large_500/evaluation/paper_cap50/apex_hot_runs/survival_utility_controller_v4b_rankgroup_efficient_lr5e4_rank2__k1_to_16,survival_utility_controller_v4b_rankgroup_efficient_lr5e4_rank2__k1_to_16,survival_utility_controller_v4b_rankgroup_efficient_lr5e4_rank2,k1_to_16
slow_fast,ngram_sd,6,3873,results/apexp_block/config_large_500/evaluation/paper_cap50/apex_hot_runs/survival_utility_controller_v4b_rankgroup_efficient_lr5e4_rank2__k1_to_16,survival_utility_controller_v4b_rankgroup_efficient_lr5e4_rank2__k1_to_16,survival_utility_controller_v4b_rankgroup_efficient_lr5e4_rank2,k1_to_16
slow_fast,ngram_sd,7,3416,results/apexp_block/config_large_500/evaluation/paper_cap50/apex_hot_runs/survival_utility_controller_v4b_rankgroup_efficient_lr5e4_rank2__k1_to_16,survival_utility_controller_v4b_rankgroup_efficient_lr5e4_rank2__k1_to_16,survival_utility_controller_v4b_rankgroup_efficient_lr5e4_rank2,k1_to_16
slow_fast,ngram_sd,8,3035,results/apexp_block/config_large_500/evaluation/paper_cap50/apex_hot_runs/survival_utility_controller_v4b_rankgroup_efficient_lr5e4_rank2__k1_to_16,survival_utility_controller_v4b_rankgroup_efficient_lr5e4_rank2__k1_to_16,survival_utility_controller_v4b_rankgroup_efficient_lr5e4_rank2,k1_to_16
slow_fast,ngram_sd,9,2831,results/apexp_block/config_large_500/evaluation/paper_cap50/apex_hot_runs/survival_utility_controller_v4b_rankgroup_efficient_lr5e4_rank2__k1_to_16,survival_utility_controller_v4b_rankgroup_efficient_lr5e4_rank2__k1_to_16,survival_utility_controller_v4b_rankgroup_efficient_lr5e4_rank2,k1_to_16
slow_fast,ngram_sd,10,2970,results/apexp_block/config_large_500/evaluation/paper_cap50/apex_hot_runs/survival_utility_controller_v4b_rankgroup_efficient_lr5e4_rank2__k1_to_16,survival_utility_controller_v4b_rankgroup_efficient_lr5e4_rank2__k1_to_16,survival_utility_controller_v4b_rankgroup_efficient_lr5e4_rank2,k1_to_16
slow_fast,ngram_sd,11,3823,results/apexp_block/config_large_500/evaluation/paper_cap50/apex_hot_runs/survival_utility_controller_v4b_rankgroup_efficient_lr5e4_rank2__k1_to_16,survival_utility_controller_v4b_rankgroup_efficient_lr5e4_rank2__k1_to_16,survival_utility_controller_v4b_rankgroup_efficient_lr5e4_rank2,k1_to_16
slow_fast,ngram_sd,12,4333,results/apexp_block/config_large_500/evaluation/paper_cap50/apex_hot_runs/survival_utility_controller_v4b_rankgroup_efficient_lr5e4_rank2__k1_to_16,survival_utility_controller_v4b_rankgroup_efficient_lr5e4_rank2__k1_to_16,survival_utility_controller_v4b_rankgroup_efficient_lr5e4_rank2,k1_to_16
slow_fast,ngram_sd,13,4214,results/apexp_block/config_large_500/evaluation/paper_cap50/apex_hot_runs/survival_utility_controller_v4b_rankgroup_efficient_lr5e4_rank2__k1_to_16,survival_utility_controller_v4b_rankgroup_efficient_lr5e4_rank2__k1_to_16,survival_utility_controller_v4b_rankgroup_efficient_lr5e4_rank2,k1_to_16
slow_fast,ngram_sd,14,3757,results/apexp_block/config_large_500/evaluation/paper_cap50/apex_hot_runs/survival_utility_controller_v4b_rankgroup_efficient_lr5e4_rank2__k1_to_16,survival_utility_controller_v4b_rankgroup_efficient_lr5e4_rank2__k1_to_16,survival_utility_controller_v4b_rankgroup_efficient_lr5e4_rank2,k1_to_16
slow_fast,ngram_sd,15,3837,results/apexp_block/config_large_500/evaluation/paper_cap50/apex_hot_runs/survival_utility_controller_v4b_rankgroup_efficient_lr5e4_rank2__k1_to_16,survival_utility_controller_v4b_rankgroup_efficient_lr5e4_rank2__k1_to_16,survival_utility_controller_v4b_rankgroup_efficient_lr5e4_rank2,k1_to_16
slow_fast,ngram_sd,16,34687,results/apexp_block/config_large_500/evaluation/paper_cap50/apex_hot_runs/survival_utility_controller_v4b_rankgroup_efficient_lr5e4_rank2__k1_to_16,survival_utility_controller_v4b_rankgroup_efficient_lr5e4_rank2__k1_to_16,survival_utility_controller_v4b_rankgroup_efficient_lr5e4_rank2,k1_to_16
slow_only,eagle3,2,2848,results/apexp_block/config_large_500/evaluation/paper_cap50/apex_hot_runs/survival_utility_controller_v4b_rankgroup_efficient_lr5e4_rank2__k1_to_16,survival_utility_controller_v4b_rankgroup_efficient_lr5e4_rank2__k1_to_16,survival_utility_controller_v4b_rankgroup_efficient_lr5e4_rank2,k1_to_16
slow_only,eagle3,4,1863,results/apexp_block/config_large_500/evaluation/paper_cap50/apex_hot_runs/survival_utility_controller_v4b_rankgroup_efficient_lr5e4_rank2__k1_to_16,survival_utility_controller_v4b_rankgroup_efficient_lr5e4_rank2__k1_to_16,survival_utility_controller_v4b_rankgroup_efficient_lr5e4_rank2,k1_to_16
slow_only,eagle3,8,984,results/apexp_block/config_large_500/evaluation/paper_cap50/apex_hot_runs/survival_utility_controller_v4b_rankgroup_efficient_lr5e4_rank2__k1_to_16,survival_utility_controller_v4b_rankgroup_efficient_lr5e4_rank2__k1_to_16,survival_utility_controller_v4b_rankgroup_efficient_lr5e4_rank2,k1_to_16
slow_only,eagle3,16,9569,results/apexp_block/config_large_500/evaluation/paper_cap50/apex_hot_runs/survival_utility_controller_v4b_rankgroup_efficient_lr5e4_rank2__k1_to_16,survival_utility_controller_v4b_rankgroup_efficient_lr5e4_rank2__k1_to_16,survival_utility_controller_v4b_rankgroup_efficient_lr5e4_rank2,k1_to_16
slow_only,ngram_sd,1,38,results/apexp_block/config_large_500/evaluation/paper_cap50/apex_hot_runs/survival_utility_controller_v4b_rankgroup_efficient_lr5e4_rank2__k1_to_16,survival_utility_controller_v4b_rankgroup_efficient_lr5e4_rank2__k1_to_16,survival_utility_controller_v4b_rankgroup_efficient_lr5e4_rank2,k1_to_16
slow_only,ngram_sd,2,1577,results/apexp_block/config_large_500/evaluation/paper_cap50/apex_hot_runs/survival_utility_controller_v4b_rankgroup_efficient_lr5e4_rank2__k1_to_16,survival_utility_controller_v4b_rankgroup_efficient_lr5e4_rank2__k1_to_16,survival_utility_controller_v4b_rankgroup_efficient_lr5e4_rank2,k1_to_16
slow_only,ngram_sd,3,96,results/apexp_block/config_large_500/evaluation/paper_cap50/apex_hot_runs/survival_utility_controller_v4b_rankgroup_efficient_lr5e4_rank2__k1_to_16,survival_utility_controller_v4b_rankgroup_efficient_lr5e4_rank2__k1_to_16,survival_utility_controller_v4b_rankgroup_efficient_lr5e4_rank2,k1_to_16
slow_only,ngram_sd,4,1229,results/apexp_block/config_large_500/evaluation/paper_cap50/apex_hot_runs/survival_utility_controller_v4b_rankgroup_efficient_lr5e4_rank2__k1_to_16,survival_utility_controller_v4b_rankgroup_efficient_lr5e4_rank2__k1_to_16,survival_utility_controller_v4b_rankgroup_efficient_lr5e4_rank2,k1_to_16
slow_only,ngram_sd,5,135,results/apexp_block/config_large_500/evaluation/paper_cap50/apex_hot_runs/survival_utility_controller_v4b_rankgroup_efficient_lr5e4_rank2__k1_to_16,survival_utility_controller_v4b_rankgroup_efficient_lr5e4_rank2__k1_to_16,survival_utility_controller_v4b_rankgroup_efficient_lr5e4_rank2,k1_to_16
slow_only,ngram_sd,6,183,results/apexp_block/config_large_500/evaluation/paper_cap50/apex_hot_runs/survival_utility_controller_v4b_rankgroup_efficient_lr5e4_rank2__k1_to_16,survival_utility_controller_v4b_rankgroup_efficient_lr5e4_rank2__k1_to_16,survival_utility_controller_v4b_rankgroup_efficient_lr5e4_rank2,k1_to_16
slow_only,ngram_sd,7,186,results/apexp_block/config_large_500/evaluation/paper_cap50/apex_hot_runs/survival_utility_controller_v4b_rankgroup_efficient_lr5e4_rank2__k1_to_16,survival_utility_controller_v4b_rankgroup_efficient_lr5e4_rank2__k1_to_16,survival_utility_controller_v4b_rankgroup_efficient_lr5e4_rank2,k1_to_16
slow_only,ngram_sd,8,1268,results/apexp_block/config_large_500/evaluation/paper_cap50/apex_hot_runs/survival_utility_controller_v4b_rankgroup_efficient_lr5e4_rank2__k1_to_16,survival_utility_controller_v4b_rankgroup_efficient_lr5e4_rank2__k1_to_16,survival_utility_controller_v4b_rankgroup_efficient_lr5e4_rank2,k1_to_16
slow_only,ngram_sd,9,193,results/apexp_block/config_large_500/evaluation/paper_cap50/apex_hot_runs/survival_utility_controller_v4b_rankgroup_efficient_lr5e4_rank2__k1_to_16,survival_utility_controller_v4b_rankgroup_efficient_lr5e4_rank2__k1_to_16,survival_utility_controller_v4b_rankgroup_efficient_lr5e4_rank2,k1_to_16
slow_only,ngram_sd,10,233,results/apexp_block/config_large_500/evaluation/paper_cap50/apex_hot_runs/survival_utility_controller_v4b_rankgroup_efficient_lr5e4_rank2__k1_to_16,survival_utility_controller_v4b_rankgroup_efficient_lr5e4_rank2__k1_to_16,survival_utility_controller_v4b_rankgroup_efficient_lr5e4_rank2,k1_to_16
slow_only,ngram_sd,11,204,results/apexp_block/config_large_500/evaluation/paper_cap50/apex_hot_runs/survival_utility_controller_v4b_rankgroup_efficient_lr5e4_rank2__k1_to_16,survival_utility_controller_v4b_rankgroup_efficient_lr5e4_rank2__k1_to_16,survival_utility_controller_v4b_rankgroup_efficient_lr5e4_rank2,k1_to_16
slow_only,ngram_sd,12,243,results/apexp_block/config_large_500/evaluation/paper_cap50/apex_hot_runs/survival_utility_controller_v4b_rankgroup_efficient_lr5e4_rank2__k1_to_16,survival_utility_controller_v4b_rankgroup_efficient_lr5e4_rank2__k1_to_16,survival_utility_controller_v4b_rankgroup_efficient_lr5e4_rank2,k1_to_16
slow_only,ngram_sd,13,200,results/apexp_block/config_large_500/evaluation/paper_cap50/apex_hot_runs/survival_utility_controller_v4b_rankgroup_efficient_lr5e4_rank2__k1_to_16,survival_utility_controller_v4b_rankgroup_efficient_lr5e4_rank2__k1_to_16,survival_utility_controller_v4b_rankgroup_efficient_lr5e4_rank2,k1_to_16
slow_only,ngram_sd,14,219,results/apexp_block/config_large_500/evaluation/paper_cap50/apex_hot_runs/survival_utility_controller_v4b_rankgroup_efficient_lr5e4_rank2__k1_to_16,survival_utility_controller_v4b_rankgroup_efficient_lr5e4_rank2__k1_to_16,survival_utility_controller_v4b_rankgroup_efficient_lr5e4_rank2,k1_to_16
slow_only,ngram_sd,15,196,results/apexp_block/config_large_500/evaluation/paper_cap50/apex_hot_runs/survival_utility_controller_v4b_rankgroup_efficient_lr5e4_rank2__k1_to_16,survival_utility_controller_v4b_rankgroup_efficient_lr5e4_rank2__k1_to_16,survival_utility_controller_v4b_rankgroup_efficient_lr5e4_rank2,k1_to_16
slow_only,ngram_sd,16,88386,results/apexp_block/config_large_500/evaluation/paper_cap50/apex_hot_runs/survival_utility_controller_v4b_rankgroup_efficient_lr5e4_rank2__k1_to_16,survival_utility_controller_v4b_rankgroup_efficient_lr5e4_rank2__k1_to_16,survival_utility_controller_v4b_rankgroup_efficient_lr5e4_rank2,k1_to_16
slow_fast,eagle3,2,10149,results/apexp_block/config_large_500/evaluation/paper_cap50/apex_hot_runs/survival_utility_controller_v4b_rankgroup_efficient_lr5e4_rank2__k2_4_6_8,survival_utility_controller_v4b_rankgroup_efficient_lr5e4_rank2__k2_4_6_8,survival_utility_controller_v4b_rankgroup_efficient_lr5e4_rank2,k2_4_6_8
slow_fast,eagle3,4,5051,results/apexp_block/config_large_500/evaluation/paper_cap50/apex_hot_runs/survival_utility_controller_v4b_rankgroup_efficient_lr5e4_rank2__k2_4_6_8,survival_utility_controller_v4b_rankgroup_efficient_lr5e4_rank2__k2_4_6_8,survival_utility_controller_v4b_rankgroup_efficient_lr5e4_rank2,k2_4_6_8
slow_fast,eagle3,6,4,results/apexp_block/config_large_500/evaluation/paper_cap50/apex_hot_runs/survival_utility_controller_v4b_rankgroup_efficient_lr5e4_rank2__k2_4_6_8,survival_utility_controller_v4b_rankgroup_efficient_lr5e4_rank2__k2_4_6_8,survival_utility_controller_v4b_rankgroup_efficient_lr5e4_rank2,k2_4_6_8
slow_fast,eagle3,8,66,results/apexp_block/config_large_500/evaluation/paper_cap50/apex_hot_runs/survival_utility_controller_v4b_rankgroup_efficient_lr5e4_rank2__k2_4_6_8,survival_utility_controller_v4b_rankgroup_efficient_lr5e4_rank2__k2_4_6_8,survival_utility_controller_v4b_rankgroup_efficient_lr5e4_rank2,k2_4_6_8
slow_fast,ngram_sd,1,38,results/apexp_block/config_large_500/evaluation/paper_cap50/apex_hot_runs/survival_utility_controller_v4b_rankgroup_efficient_lr5e4_rank2__k2_4_6_8,survival_utility_controller_v4b_rankgroup_efficient_lr5e4_rank2__k2_4_6_8,survival_utility_controller_v4b_rankgroup_efficient_lr5e4_rank2,k2_4_6_8
slow_fast,ngram_sd,2,5482,results/apexp_block/config_large_500/evaluation/paper_cap50/apex_hot_runs/survival_utility_controller_v4b_rankgroup_efficient_lr5e4_rank2__k2_4_6_8,survival_utility_controller_v4b_rankgroup_efficient_lr5e4_rank2__k2_4_6_8,survival_utility_controller_v4b_rankgroup_efficient_lr5e4_rank2,k2_4_6_8
slow_fast,ngram_sd,3,92,results/apexp_block/config_large_500/evaluation/paper_cap50/apex_hot_runs/survival_utility_controller_v4b_rankgroup_efficient_lr5e4_rank2__k2_4_6_8,survival_utility_controller_v4b_rankgroup_efficient_lr5e4_rank2__k2_4_6_8,survival_utility_controller_v4b_rankgroup_efficient_lr5e4_rank2,k2_4_6_8
slow_fast,ngram_sd,4,31280,results/apexp_block/config_large_500/evaluation/paper_cap50/apex_hot_runs/survival_utility_controller_v4b_rankgroup_efficient_lr5e4_rank2__k2_4_6_8,survival_utility_controller_v4b_rankgroup_efficient_lr5e4_rank2__k2_4_6_8,survival_utility_controller_v4b_rankgroup_efficient_lr5e4_rank2,k2_4_6_8
slow_fast,ngram_sd,5,90,results/apexp_block/config_large_500/evaluation/paper_cap50/apex_hot_runs/survival_utility_controller_v4b_rankgroup_efficient_lr5e4_rank2__k2_4_6_8,survival_utility_controller_v4b_rankgroup_efficient_lr5e4_rank2__k2_4_6_8,survival_utility_controller_v4b_rankgroup_efficient_lr5e4_rank2,k2_4_6_8
slow_fast,ngram_sd,6,12813,results/apexp_block/config_large_500/evaluation/paper_cap50/apex_hot_runs/survival_utility_controller_v4b_rankgroup_efficient_lr5e4_rank2__k2_4_6_8,survival_utility_controller_v4b_rankgroup_efficient_lr5e4_rank2__k2_4_6_8,survival_utility_controller_v4b_rankgroup_efficient_lr5e4_rank2,k2_4_6_8
slow_fast,ngram_sd,7,89,results/apexp_block/config_large_500/evaluation/paper_cap50/apex_hot_runs/survival_utility_controller_v4b_rankgroup_efficient_lr5e4_rank2__k2_4_6_8,survival_utility_controller_v4b_rankgroup_efficient_lr5e4_rank2__k2_4_6_8,survival_utility_controller_v4b_rankgroup_efficient_lr5e4_rank2,k2_4_6_8
slow_fast,ngram_sd,8,54453,results/apexp_block/config_large_500/evaluation/paper_cap50/apex_hot_runs/survival_utility_controller_v4b_rankgroup_efficient_lr5e4_rank2__k2_4_6_8,survival_utility_controller_v4b_rankgroup_efficient_lr5e4_rank2__k2_4_6_8,survival_utility_controller_v4b_rankgroup_efficient_lr5e4_rank2,k2_4_6_8
slow_only,eagle3,2,2848,results/apexp_block/config_large_500/evaluation/paper_cap50/apex_hot_runs/survival_utility_controller_v4b_rankgroup_efficient_lr5e4_rank2__k2_4_6_8,survival_utility_controller_v4b_rankgroup_efficient_lr5e4_rank2__k2_4_6_8,survival_utility_controller_v4b_rankgroup_efficient_lr5e4_rank2,k2_4_6_8
slow_only,eagle3,4,1863,results/apexp_block/config_large_500/evaluation/paper_cap50/apex_hot_runs/survival_utility_controller_v4b_rankgroup_efficient_lr5e4_rank2__k2_4_6_8,survival_utility_controller_v4b_rankgroup_efficient_lr5e4_rank2__k2_4_6_8,survival_utility_controller_v4b_rankgroup_efficient_lr5e4_rank2,k2_4_6_8
slow_only,eagle3,8,984,results/apexp_block/config_large_500/evaluation/paper_cap50/apex_hot_runs/survival_utility_controller_v4b_rankgroup_efficient_lr5e4_rank2__k2_4_6_8,survival_utility_controller_v4b_rankgroup_efficient_lr5e4_rank2__k2_4_6_8,survival_utility_controller_v4b_rankgroup_efficient_lr5e4_rank2,k2_4_6_8
slow_only,eagle3,16,9569,results/apexp_block/config_large_500/evaluation/paper_cap50/apex_hot_runs/survival_utility_controller_v4b_rankgroup_efficient_lr5e4_rank2__k2_4_6_8,survival_utility_controller_v4b_rankgroup_efficient_lr5e4_rank2__k2_4_6_8,survival_utility_controller_v4b_rankgroup_efficient_lr5e4_rank2,k2_4_6_8
slow_only,ngram_sd,1,38,results/apexp_block/config_large_500/evaluation/paper_cap50/apex_hot_runs/survival_utility_controller_v4b_rankgroup_efficient_lr5e4_rank2__k2_4_6_8,survival_utility_controller_v4b_rankgroup_efficient_lr5e4_rank2__k2_4_6_8,survival_utility_controller_v4b_rankgroup_efficient_lr5e4_rank2,k2_4_6_8
slow_only,ngram_sd,2,1577,results/apexp_block/config_large_500/evaluation/paper_cap50/apex_hot_runs/survival_utility_controller_v4b_rankgroup_efficient_lr5e4_rank2__k2_4_6_8,survival_utility_controller_v4b_rankgroup_efficient_lr5e4_rank2__k2_4_6_8,survival_utility_controller_v4b_rankgroup_efficient_lr5e4_rank2,k2_4_6_8
slow_only,ngram_sd,3,96,results/apexp_block/config_large_500/evaluation/paper_cap50/apex_hot_runs/survival_utility_controller_v4b_rankgroup_efficient_lr5e4_rank2__k2_4_6_8,survival_utility_controller_v4b_rankgroup_efficient_lr5e4_rank2__k2_4_6_8,survival_utility_controller_v4b_rankgroup_efficient_lr5e4_rank2,k2_4_6_8
slow_only,ngram_sd,4,1229,results/apexp_block/config_large_500/evaluation/paper_cap50/apex_hot_runs/survival_utility_controller_v4b_rankgroup_efficient_lr5e4_rank2__k2_4_6_8,survival_utility_controller_v4b_rankgroup_efficient_lr5e4_rank2__k2_4_6_8,survival_utility_controller_v4b_rankgroup_efficient_lr5e4_rank2,k2_4_6_8
slow_only,ngram_sd,5,135,results/apexp_block/config_large_500/evaluation/paper_cap50/apex_hot_runs/survival_utility_controller_v4b_rankgroup_efficient_lr5e4_rank2__k2_4_6_8,survival_utility_controller_v4b_rankgroup_efficient_lr5e4_rank2__k2_4_6_8,survival_utility_controller_v4b_rankgroup_efficient_lr5e4_rank2,k2_4_6_8
slow_only,ngram_sd,6,183,results/apexp_block/config_large_500/evaluation/paper_cap50/apex_hot_runs/survival_utility_controller_v4b_rankgroup_efficient_lr5e4_rank2__k2_4_6_8,survival_utility_controller_v4b_rankgroup_efficient_lr5e4_rank2__k2_4_6_8,survival_utility_controller_v4b_rankgroup_efficient_lr5e4_rank2,k2_4_6_8
slow_only,ngram_sd,7,186,results/apexp_block/config_large_500/evaluation/paper_cap50/apex_hot_runs/survival_utility_controller_v4b_rankgroup_efficient_lr5e4_rank2__k2_4_6_8,survival_utility_controller_v4b_rankgroup_efficient_lr5e4_rank2__k2_4_6_8,survival_utility_controller_v4b_rankgroup_efficient_lr5e4_rank2,k2_4_6_8
slow_only,ngram_sd,8,1268,results/apexp_block/config_large_500/evaluation/paper_cap50/apex_hot_runs/survival_utility_controller_v4b_rankgroup_efficient_lr5e4_rank2__k2_4_6_8,survival_utility_controller_v4b_rankgroup_efficient_lr5e4_rank2__k2_4_6_8,survival_utility_controller_v4b_rankgroup_efficient_lr5e4_rank2,k2_4_6_8
slow_only,ngram_sd,9,193,results/apexp_block/config_large_500/evaluation/paper_cap50/apex_hot_runs/survival_utility_controller_v4b_rankgroup_efficient_lr5e4_rank2__k2_4_6_8,survival_utility_controller_v4b_rankgroup_efficient_lr5e4_rank2__k2_4_6_8,survival_utility_controller_v4b_rankgroup_efficient_lr5e4_rank2,k2_4_6_8
slow_only,ngram_sd,10,233,results/apexp_block/config_large_500/evaluation/paper_cap50/apex_hot_runs/survival_utility_controller_v4b_rankgroup_efficient_lr5e4_rank2__k2_4_6_8,survival_utility_controller_v4b_rankgroup_efficient_lr5e4_rank2__k2_4_6_8,survival_utility_controller_v4b_rankgroup_efficient_lr5e4_rank2,k2_4_6_8
slow_only,ngram_sd,11,204,results/apexp_block/config_large_500/evaluation/paper_cap50/apex_hot_runs/survival_utility_controller_v4b_rankgroup_efficient_lr5e4_rank2__k2_4_6_8,survival_utility_controller_v4b_rankgroup_efficient_lr5e4_rank2__k2_4_6_8,survival_utility_controller_v4b_rankgroup_efficient_lr5e4_rank2,k2_4_6_8
slow_only,ngram_sd,12,243,results/apexp_block/config_large_500/evaluation/paper_cap50/apex_hot_runs/survival_utility_controller_v4b_rankgroup_efficient_lr5e4_rank2__k2_4_6_8,survival_utility_controller_v4b_rankgroup_efficient_lr5e4_rank2__k2_4_6_8,survival_utility_controller_v4b_rankgroup_efficient_lr5e4_rank2,k2_4_6_8
slow_only,ngram_sd,13,200,results/apexp_block/config_large_500/evaluation/paper_cap50/apex_hot_runs/survival_utility_controller_v4b_rankgroup_efficient_lr5e4_rank2__k2_4_6_8,survival_utility_controller_v4b_rankgroup_efficient_lr5e4_rank2__k2_4_6_8,survival_utility_controller_v4b_rankgroup_efficient_lr5e4_rank2,k2_4_6_8
slow_only,ngram_sd,14,219,results/apexp_block/config_large_500/evaluation/paper_cap50/apex_hot_runs/survival_utility_controller_v4b_rankgroup_efficient_lr5e4_rank2__k2_4_6_8,survival_utility_controller_v4b_rankgroup_efficient_lr5e4_rank2__k2_4_6_8,survival_utility_controller_v4b_rankgroup_efficient_lr5e4_rank2,k2_4_6_8
slow_only,ngram_sd,15,196,results/apexp_block/config_large_500/evaluation/paper_cap50/apex_hot_runs/survival_utility_controller_v4b_rankgroup_efficient_lr5e4_rank2__k2_4_6_8,survival_utility_controller_v4b_rankgroup_efficient_lr5e4_rank2__k2_4_6_8,survival_utility_controller_v4b_rankgroup_efficient_lr5e4_rank2,k2_4_6_8
slow_only,ngram_sd,16,88386,results/apexp_block/config_large_500/evaluation/paper_cap50/apex_hot_runs/survival_utility_controller_v4b_rankgroup_efficient_lr5e4_rank2__k2_4_6_8,survival_utility_controller_v4b_rankgroup_efficient_lr5e4_rank2__k2_4_6_8,survival_utility_controller_v4b_rankgroup_efficient_lr5e4_rank2,k2_4_6_8
slow_fast,eagle3,1,3331,results/apexp_block/config_large_500/evaluation/paper_cap50/apex_hot_runs/survival_utility_controller_v4b_rankgroup_speed_lr3e4_rank3__k1_2_4_6_8_10_12_14_16,survival_utility_controller_v4b_rankgroup_speed_lr3e4_rank3__k1_2_4_6_8_10_12_14_16,survival_utility_controller_v4b_rankgroup_speed_lr3e4_rank3,k1_2_4_6_8_10_12_14_16
slow_fast,eagle3,2,11730,results/apexp_block/config_large_500/evaluation/paper_cap50/apex_hot_runs/survival_utility_controller_v4b_rankgroup_speed_lr3e4_rank3__k1_2_4_6_8_10_12_14_16,survival_utility_controller_v4b_rankgroup_speed_lr3e4_rank3__k1_2_4_6_8_10_12_14_16,survival_utility_controller_v4b_rankgroup_speed_lr3e4_rank3,k1_2_4_6_8_10_12_14_16
slow_fast,eagle3,4,160,results/apexp_block/config_large_500/evaluation/paper_cap50/apex_hot_runs/survival_utility_controller_v4b_rankgroup_speed_lr3e4_rank3__k1_2_4_6_8_10_12_14_16,survival_utility_controller_v4b_rankgroup_speed_lr3e4_rank3__k1_2_4_6_8_10_12_14_16,survival_utility_controller_v4b_rankgroup_speed_lr3e4_rank3,k1_2_4_6_8_10_12_14_16
slow_fast,eagle3,8,6,results/apexp_block/config_large_500/evaluation/paper_cap50/apex_hot_runs/survival_utility_controller_v4b_rankgroup_speed_lr3e4_rank3__k1_2_4_6_8_10_12_14_16,survival_utility_controller_v4b_rankgroup_speed_lr3e4_rank3__k1_2_4_6_8_10_12_14_16,survival_utility_controller_v4b_rankgroup_speed_lr3e4_rank3,k1_2_4_6_8_10_12_14_16
slow_fast,eagle3,16,60,results/apexp_block/config_large_500/evaluation/paper_cap50/apex_hot_runs/survival_utility_controller_v4b_rankgroup_speed_lr3e4_rank3__k1_2_4_6_8_10_12_14_16,survival_utility_controller_v4b_rankgroup_speed_lr3e4_rank3__k1_2_4_6_8_10_12_14_16,survival_utility_controller_v4b_rankgroup_speed_lr3e4_rank3,k1_2_4_6_8_10_12_14_16
slow_fast,ngram_sd,1,315,results/apexp_block/config_large_500/evaluation/paper_cap50/apex_hot_runs/survival_utility_controller_v4b_rankgroup_speed_lr3e4_rank3__k1_2_4_6_8_10_12_14_16,survival_utility_controller_v4b_rankgroup_speed_lr3e4_rank3__k1_2_4_6_8_10_12_14_16,survival_utility_controller_v4b_rankgroup_speed_lr3e4_rank3,k1_2_4_6_8_10_12_14_16
slow_fast,ngram_sd,2,2332,results/apexp_block/config_large_500/evaluation/paper_cap50/apex_hot_runs/survival_utility_controller_v4b_rankgroup_speed_lr3e4_rank3__k1_2_4_6_8_10_12_14_16,survival_utility_controller_v4b_rankgroup_speed_lr3e4_rank3__k1_2_4_6_8_10_12_14_16,survival_utility_controller_v4b_rankgroup_speed_lr3e4_rank3,k1_2_4_6_8_10_12_14_16
slow_fast,ngram_sd,3,93,results/apexp_block/config_large_500/evaluation/paper_cap50/apex_hot_runs/survival_utility_controller_v4b_rankgroup_speed_lr3e4_rank3__k1_2_4_6_8_10_12_14_16,survival_utility_controller_v4b_rankgroup_speed_lr3e4_rank3__k1_2_4_6_8_10_12_14_16,survival_utility_controller_v4b_rankgroup_speed_lr3e4_rank3,k1_2_4_6_8_10_12_14_16
slow_fast,ngram_sd,4,17997,results/apexp_block/config_large_500/evaluation/paper_cap50/apex_hot_runs/survival_utility_controller_v4b_rankgroup_speed_lr3e4_rank3__k1_2_4_6_8_10_12_14_16,survival_utility_controller_v4b_rankgroup_speed_lr3e4_rank3__k1_2_4_6_8_10_12_14_16,survival_utility_controller_v4b_rankgroup_speed_lr3e4_rank3,k1_2_4_6_8_10_12_14_16
slow_fast,ngram_sd,5,112,results/apexp_block/config_large_500/evaluation/paper_cap50/apex_hot_runs/survival_utility_controller_v4b_rankgroup_speed_lr3e4_rank3__k1_2_4_6_8_10_12_14_16,survival_utility_controller_v4b_rankgroup_speed_lr3e4_rank3__k1_2_4_6_8_10_12_14_16,survival_utility_controller_v4b_rankgroup_speed_lr3e4_rank3,k1_2_4_6_8_10_12_14_16
slow_fast,ngram_sd,6,16479,results/apexp_block/config_large_500/evaluation/paper_cap50/apex_hot_runs/survival_utility_controller_v4b_rankgroup_speed_lr3e4_rank3__k1_2_4_6_8_10_12_14_16,survival_utility_controller_v4b_rankgroup_speed_lr3e4_rank3__k1_2_4_6_8_10_12_14_16,survival_utility_controller_v4b_rankgroup_speed_lr3e4_rank3,k1_2_4_6_8_10_12_14_16
slow_fast,ngram_sd,7,112,results/apexp_block/config_large_500/evaluation/paper_cap50/apex_hot_runs/survival_utility_controller_v4b_rankgroup_speed_lr3e4_rank3__k1_2_4_6_8_10_12_14_16,survival_utility_controller_v4b_rankgroup_speed_lr3e4_rank3__k1_2_4_6_8_10_12_14_16,survival_utility_controller_v4b_rankgroup_speed_lr3e4_rank3,k1_2_4_6_8_10_12_14_16
slow_fast,ngram_sd,8,19933,results/apexp_block/config_large_500/evaluation/paper_cap50/apex_hot_runs/survival_utility_controller_v4b_rankgroup_speed_lr3e4_rank3__k1_2_4_6_8_10_12_14_16,survival_utility_controller_v4b_rankgroup_speed_lr3e4_rank3__k1_2_4_6_8_10_12_14_16,survival_utility_controller_v4b_rankgroup_speed_lr3e4_rank3,k1_2_4_6_8_10_12_14_16
slow_fast,ngram_sd,9,76,results/apexp_block/config_large_500/evaluation/paper_cap50/apex_hot_runs/survival_utility_controller_v4b_rankgroup_speed_lr3e4_rank3__k1_2_4_6_8_10_12_14_16,survival_utility_controller_v4b_rankgroup_speed_lr3e4_rank3__k1_2_4_6_8_10_12_14_16,survival_utility_controller_v4b_rankgroup_speed_lr3e4_rank3,k1_2_4_6_8_10_12_14_16
slow_fast,ngram_sd,10,22079,results/apexp_block/config_large_500/evaluation/paper_cap50/apex_hot_runs/survival_utility_controller_v4b_rankgroup_speed_lr3e4_rank3__k1_2_4_6_8_10_12_14_16,survival_utility_controller_v4b_rankgroup_speed_lr3e4_rank3__k1_2_4_6_8_10_12_14_16,survival_utility_controller_v4b_rankgroup_speed_lr3e4_rank3,k1_2_4_6_8_10_12_14_16
slow_fast,ngram_sd,11,31,results/apexp_block/config_large_500/evaluation/paper_cap50/apex_hot_runs/survival_utility_controller_v4b_rankgroup_speed_lr3e4_rank3__k1_2_4_6_8_10_12_14_16,survival_utility_controller_v4b_rankgroup_speed_lr3e4_rank3__k1_2_4_6_8_10_12_14_16,survival_utility_controller_v4b_rankgroup_speed_lr3e4_rank3,k1_2_4_6_8_10_12_14_16
slow_fast,ngram_sd,12,6250,results/apexp_block/config_large_500/evaluation/paper_cap50/apex_hot_runs/survival_utility_controller_v4b_rankgroup_speed_lr3e4_rank3__k1_2_4_6_8_10_12_14_16,survival_utility_controller_v4b_rankgroup_speed_lr3e4_rank3__k1_2_4_6_8_10_12_14_16,survival_utility_controller_v4b_rankgroup_speed_lr3e4_rank3,k1_2_4_6_8_10_12_14_16
slow_fast,ngram_sd,13,6,results/apexp_block/config_large_500/evaluation/paper_cap50/apex_hot_runs/survival_utility_controller_v4b_rankgroup_speed_lr3e4_rank3__k1_2_4_6_8_10_12_14_16,survival_utility_controller_v4b_rankgroup_speed_lr3e4_rank3__k1_2_4_6_8_10_12_14_16,survival_utility_controller_v4b_rankgroup_speed_lr3e4_rank3,k1_2_4_6_8_10_12_14_16
slow_fast,ngram_sd,14,3391,results/apexp_block/config_large_500/evaluation/paper_cap50/apex_hot_runs/survival_utility_controller_v4b_rankgroup_speed_lr3e4_rank3__k1_2_4_6_8_10_12_14_16,survival_utility_controller_v4b_rankgroup_speed_lr3e4_rank3__k1_2_4_6_8_10_12_14_16,survival_utility_controller_v4b_rankgroup_speed_lr3e4_rank3,k1_2_4_6_8_10_12_14_16
slow_fast,ngram_sd,15,7,results/apexp_block/config_large_500/evaluation/paper_cap50/apex_hot_runs/survival_utility_controller_v4b_rankgroup_speed_lr3e4_rank3__k1_2_4_6_8_10_12_14_16,survival_utility_controller_v4b_rankgroup_speed_lr3e4_rank3__k1_2_4_6_8_10_12_14_16,survival_utility_controller_v4b_rankgroup_speed_lr3e4_rank3,k1_2_4_6_8_10_12_14_16
slow_fast,ngram_sd,16,7584,results/apexp_block/config_large_500/evaluation/paper_cap50/apex_hot_runs/survival_utility_controller_v4b_rankgroup_speed_lr3e4_rank3__k1_2_4_6_8_10_12_14_16,survival_utility_controller_v4b_rankgroup_speed_lr3e4_rank3__k1_2_4_6_8_10_12_14_16,survival_utility_controller_v4b_rankgroup_speed_lr3e4_rank3,k1_2_4_6_8_10_12_14_16
slow_only,eagle3,2,2848,results/apexp_block/config_large_500/evaluation/paper_cap50/apex_hot_runs/survival_utility_controller_v4b_rankgroup_speed_lr3e4_rank3__k1_2_4_6_8_10_12_14_16,survival_utility_controller_v4b_rankgroup_speed_lr3e4_rank3__k1_2_4_6_8_10_12_14_16,survival_utility_controller_v4b_rankgroup_speed_lr3e4_rank3,k1_2_4_6_8_10_12_14_16
slow_only,eagle3,4,1863,results/apexp_block/config_large_500/evaluation/paper_cap50/apex_hot_runs/survival_utility_controller_v4b_rankgroup_speed_lr3e4_rank3__k1_2_4_6_8_10_12_14_16,survival_utility_controller_v4b_rankgroup_speed_lr3e4_rank3__k1_2_4_6_8_10_12_14_16,survival_utility_controller_v4b_rankgroup_speed_lr3e4_rank3,k1_2_4_6_8_10_12_14_16
slow_only,eagle3,8,984,results/apexp_block/config_large_500/evaluation/paper_cap50/apex_hot_runs/survival_utility_controller_v4b_rankgroup_speed_lr3e4_rank3__k1_2_4_6_8_10_12_14_16,survival_utility_controller_v4b_rankgroup_speed_lr3e4_rank3__k1_2_4_6_8_10_12_14_16,survival_utility_controller_v4b_rankgroup_speed_lr3e4_rank3,k1_2_4_6_8_10_12_14_16
slow_only,eagle3,16,9569,results/apexp_block/config_large_500/evaluation/paper_cap50/apex_hot_runs/survival_utility_controller_v4b_rankgroup_speed_lr3e4_rank3__k1_2_4_6_8_10_12_14_16,survival_utility_controller_v4b_rankgroup_speed_lr3e4_rank3__k1_2_4_6_8_10_12_14_16,survival_utility_controller_v4b_rankgroup_speed_lr3e4_rank3,k1_2_4_6_8_10_12_14_16
slow_only,ngram_sd,1,38,results/apexp_block/config_large_500/evaluation/paper_cap50/apex_hot_runs/survival_utility_controller_v4b_rankgroup_speed_lr3e4_rank3__k1_2_4_6_8_10_12_14_16,survival_utility_controller_v4b_rankgroup_speed_lr3e4_rank3__k1_2_4_6_8_10_12_14_16,survival_utility_controller_v4b_rankgroup_speed_lr3e4_rank3,k1_2_4_6_8_10_12_14_16
slow_only,ngram_sd,2,1577,results/apexp_block/config_large_500/evaluation/paper_cap50/apex_hot_runs/survival_utility_controller_v4b_rankgroup_speed_lr3e4_rank3__k1_2_4_6_8_10_12_14_16,survival_utility_controller_v4b_rankgroup_speed_lr3e4_rank3__k1_2_4_6_8_10_12_14_16,survival_utility_controller_v4b_rankgroup_speed_lr3e4_rank3,k1_2_4_6_8_10_12_14_16
slow_only,ngram_sd,3,96,results/apexp_block/config_large_500/evaluation/paper_cap50/apex_hot_runs/survival_utility_controller_v4b_rankgroup_speed_lr3e4_rank3__k1_2_4_6_8_10_12_14_16,survival_utility_controller_v4b_rankgroup_speed_lr3e4_rank3__k1_2_4_6_8_10_12_14_16,survival_utility_controller_v4b_rankgroup_speed_lr3e4_rank3,k1_2_4_6_8_10_12_14_16
slow_only,ngram_sd,4,1229,results/apexp_block/config_large_500/evaluation/paper_cap50/apex_hot_runs/survival_utility_controller_v4b_rankgroup_speed_lr3e4_rank3__k1_2_4_6_8_10_12_14_16,survival_utility_controller_v4b_rankgroup_speed_lr3e4_rank3__k1_2_4_6_8_10_12_14_16,survival_utility_controller_v4b_rankgroup_speed_lr3e4_rank3,k1_2_4_6_8_10_12_14_16
slow_only,ngram_sd,5,135,results/apexp_block/config_large_500/evaluation/paper_cap50/apex_hot_runs/survival_utility_controller_v4b_rankgroup_speed_lr3e4_rank3__k1_2_4_6_8_10_12_14_16,survival_utility_controller_v4b_rankgroup_speed_lr3e4_rank3__k1_2_4_6_8_10_12_14_16,survival_utility_controller_v4b_rankgroup_speed_lr3e4_rank3,k1_2_4_6_8_10_12_14_16
slow_only,ngram_sd,6,183,results/apexp_block/config_large_500/evaluation/paper_cap50/apex_hot_runs/survival_utility_controller_v4b_rankgroup_speed_lr3e4_rank3__k1_2_4_6_8_10_12_14_16,survival_utility_controller_v4b_rankgroup_speed_lr3e4_rank3__k1_2_4_6_8_10_12_14_16,survival_utility_controller_v4b_rankgroup_speed_lr3e4_rank3,k1_2_4_6_8_10_12_14_16
slow_only,ngram_sd,7,186,results/apexp_block/config_large_500/evaluation/paper_cap50/apex_hot_runs/survival_utility_controller_v4b_rankgroup_speed_lr3e4_rank3__k1_2_4_6_8_10_12_14_16,survival_utility_controller_v4b_rankgroup_speed_lr3e4_rank3__k1_2_4_6_8_10_12_14_16,survival_utility_controller_v4b_rankgroup_speed_lr3e4_rank3,k1_2_4_6_8_10_12_14_16
slow_only,ngram_sd,8,1268,results/apexp_block/config_large_500/evaluation/paper_cap50/apex_hot_runs/survival_utility_controller_v4b_rankgroup_speed_lr3e4_rank3__k1_2_4_6_8_10_12_14_16,survival_utility_controller_v4b_rankgroup_speed_lr3e4_rank3__k1_2_4_6_8_10_12_14_16,survival_utility_controller_v4b_rankgroup_speed_lr3e4_rank3,k1_2_4_6_8_10_12_14_16
slow_only,ngram_sd,9,193,results/apexp_block/config_large_500/evaluation/paper_cap50/apex_hot_runs/survival_utility_controller_v4b_rankgroup_speed_lr3e4_rank3__k1_2_4_6_8_10_12_14_16,survival_utility_controller_v4b_rankgroup_speed_lr3e4_rank3__k1_2_4_6_8_10_12_14_16,survival_utility_controller_v4b_rankgroup_speed_lr3e4_rank3,k1_2_4_6_8_10_12_14_16
slow_only,ngram_sd,10,233,results/apexp_block/config_large_500/evaluation/paper_cap50/apex_hot_runs/survival_utility_controller_v4b_rankgroup_speed_lr3e4_rank3__k1_2_4_6_8_10_12_14_16,survival_utility_controller_v4b_rankgroup_speed_lr3e4_rank3__k1_2_4_6_8_10_12_14_16,survival_utility_controller_v4b_rankgroup_speed_lr3e4_rank3,k1_2_4_6_8_10_12_14_16
slow_only,ngram_sd,11,204,results/apexp_block/config_large_500/evaluation/paper_cap50/apex_hot_runs/survival_utility_controller_v4b_rankgroup_speed_lr3e4_rank3__k1_2_4_6_8_10_12_14_16,survival_utility_controller_v4b_rankgroup_speed_lr3e4_rank3__k1_2_4_6_8_10_12_14_16,survival_utility_controller_v4b_rankgroup_speed_lr3e4_rank3,k1_2_4_6_8_10_12_14_16
slow_only,ngram_sd,12,243,results/apexp_block/config_large_500/evaluation/paper_cap50/apex_hot_runs/survival_utility_controller_v4b_rankgroup_speed_lr3e4_rank3__k1_2_4_6_8_10_12_14_16,survival_utility_controller_v4b_rankgroup_speed_lr3e4_rank3__k1_2_4_6_8_10_12_14_16,survival_utility_controller_v4b_rankgroup_speed_lr3e4_rank3,k1_2_4_6_8_10_12_14_16
slow_only,ngram_sd,13,200,results/apexp_block/config_large_500/evaluation/paper_cap50/apex_hot_runs/survival_utility_controller_v4b_rankgroup_speed_lr3e4_rank3__k1_2_4_6_8_10_12_14_16,survival_utility_controller_v4b_rankgroup_speed_lr3e4_rank3__k1_2_4_6_8_10_12_14_16,survival_utility_controller_v4b_rankgroup_speed_lr3e4_rank3,k1_2_4_6_8_10_12_14_16
slow_only,ngram_sd,14,219,results/apexp_block/config_large_500/evaluation/paper_cap50/apex_hot_runs/survival_utility_controller_v4b_rankgroup_speed_lr3e4_rank3__k1_2_4_6_8_10_12_14_16,survival_utility_controller_v4b_rankgroup_speed_lr3e4_rank3__k1_2_4_6_8_10_12_14_16,survival_utility_controller_v4b_rankgroup_speed_lr3e4_rank3,k1_2_4_6_8_10_12_14_16
slow_only,ngram_sd,15,196,results/apexp_block/config_large_500/evaluation/paper_cap50/apex_hot_runs/survival_utility_controller_v4b_rankgroup_speed_lr3e4_rank3__k1_2_4_6_8_10_12_14_16,survival_utility_controller_v4b_rankgroup_speed_lr3e4_rank3__k1_2_4_6_8_10_12_14_16,survival_utility_controller_v4b_rankgroup_speed_lr3e4_rank3,k1_2_4_6_8_10_12_14_16
slow_only,ngram_sd,16,88386,results/apexp_block/config_large_500/evaluation/paper_cap50/apex_hot_runs/survival_utility_controller_v4b_rankgroup_speed_lr3e4_rank3__k1_2_4_6_8_10_12_14_16,survival_utility_controller_v4b_rankgroup_speed_lr3e4_rank3__k1_2_4_6_8_10_12_14_16,survival_utility_controller_v4b_rankgroup_speed_lr3e4_rank3,k1_2_4_6_8_10_12_14_16
slow_fast,eagle3,1,3331,results/apexp_block/config_large_500/evaluation/paper_cap50/apex_hot_runs/survival_utility_controller_v4b_rankgroup_speed_lr3e4_rank3__k1_2_4_8_16,survival_utility_controller_v4b_rankgroup_speed_lr3e4_rank3__k1_2_4_8_16,survival_utility_controller_v4b_rankgroup_speed_lr3e4_rank3,k1_2_4_8_16
slow_fast,eagle3,2,11730,results/apexp_block/config_large_500/evaluation/paper_cap50/apex_hot_runs/survival_utility_controller_v4b_rankgroup_speed_lr3e4_rank3__k1_2_4_8_16,survival_utility_controller_v4b_rankgroup_speed_lr3e4_rank3__k1_2_4_8_16,survival_utility_controller_v4b_rankgroup_speed_lr3e4_rank3,k1_2_4_8_16
slow_fast,eagle3,4,160,results/apexp_block/config_large_500/evaluation/paper_cap50/apex_hot_runs/survival_utility_controller_v4b_rankgroup_speed_lr3e4_rank3__k1_2_4_8_16,survival_utility_controller_v4b_rankgroup_speed_lr3e4_rank3__k1_2_4_8_16,survival_utility_controller_v4b_rankgroup_speed_lr3e4_rank3,k1_2_4_8_16
slow_fast,eagle3,8,6,results/apexp_block/config_large_500/evaluation/paper_cap50/apex_hot_runs/survival_utility_controller_v4b_rankgroup_speed_lr3e4_rank3__k1_2_4_8_16,survival_utility_controller_v4b_rankgroup_speed_lr3e4_rank3__k1_2_4_8_16,survival_utility_controller_v4b_rankgroup_speed_lr3e4_rank3,k1_2_4_8_16
slow_fast,eagle3,16,60,results/apexp_block/config_large_500/evaluation/paper_cap50/apex_hot_runs/survival_utility_controller_v4b_rankgroup_speed_lr3e4_rank3__k1_2_4_8_16,survival_utility_controller_v4b_rankgroup_speed_lr3e4_rank3__k1_2_4_8_16,survival_utility_controller_v4b_rankgroup_speed_lr3e4_rank3,k1_2_4_8_16
slow_fast,ngram_sd,1,329,results/apexp_block/config_large_500/evaluation/paper_cap50/apex_hot_runs/survival_utility_controller_v4b_rankgroup_speed_lr3e4_rank3__k1_2_4_8_16,survival_utility_controller_v4b_rankgroup_speed_lr3e4_rank3__k1_2_4_8_16,survival_utility_controller_v4b_rankgroup_speed_lr3e4_rank3,k1_2_4_8_16
slow_fast,ngram_sd,2,2325,results/apexp_block/config_large_500/evaluation/paper_cap50/apex_hot_runs/survival_utility_controller_v4b_rankgroup_speed_lr3e4_rank3__k1_2_4_8_16,survival_utility_controller_v4b_rankgroup_speed_lr3e4_rank3__k1_2_4_8_16,survival_utility_controller_v4b_rankgroup_speed_lr3e4_rank3,k1_2_4_8_16
slow_fast,ngram_sd,3,93,results/apexp_block/config_large_500/evaluation/paper_cap50/apex_hot_runs/survival_utility_controller_v4b_rankgroup_speed_lr3e4_rank3__k1_2_4_8_16,survival_utility_controller_v4b_rankgroup_speed_lr3e4_rank3__k1_2_4_8_16,survival_utility_controller_v4b_rankgroup_speed_lr3e4_rank3,k1_2_4_8_16
slow_fast,ngram_sd,4,26183,results/apexp_block/config_large_500/evaluation/paper_cap50/apex_hot_runs/survival_utility_controller_v4b_rankgroup_speed_lr3e4_rank3__k1_2_4_8_16,survival_utility_controller_v4b_rankgroup_speed_lr3e4_rank3__k1_2_4_8_16,survival_utility_controller_v4b_rankgroup_speed_lr3e4_rank3,k1_2_4_8_16
slow_fast,ngram_sd,5,106,results/apexp_block/config_large_500/evaluation/paper_cap50/apex_hot_runs/survival_utility_controller_v4b_rankgroup_speed_lr3e4_rank3__k1_2_4_8_16,survival_utility_controller_v4b_rankgroup_speed_lr3e4_rank3__k1_2_4_8_16,survival_utility_controller_v4b_rankgroup_speed_lr3e4_rank3,k1_2_4_8_16
slow_fast,ngram_sd,6,127,results/apexp_block/config_large_500/evaluation/paper_cap50/apex_hot_runs/survival_utility_controller_v4b_rankgroup_speed_lr3e4_rank3__k1_2_4_8_16,survival_utility_controller_v4b_rankgroup_speed_lr3e4_rank3__k1_2_4_8_16,survival_utility_controller_v4b_rankgroup_speed_lr3e4_rank3,k1_2_4_8_16
slow_fast,ngram_sd,7,131,results/apexp_block/config_large_500/evaluation/paper_cap50/apex_hot_runs/survival_utility_controller_v4b_rankgroup_speed_lr3e4_rank3__k1_2_4_8_16,survival_utility_controller_v4b_rankgroup_speed_lr3e4_rank3__k1_2_4_8_16,survival_utility_controller_v4b_rankgroup_speed_lr3e4_rank3,k1_2_4_8_16
slow_fast,ngram_sd,8,53270,results/apexp_block/config_large_500/evaluation/paper_cap50/apex_hot_runs/survival_utility_controller_v4b_rankgroup_speed_lr3e4_rank3__k1_2_4_8_16,survival_utility_controller_v4b_rankgroup_speed_lr3e4_rank3__k1_2_4_8_16,survival_utility_controller_v4b_rankgroup_speed_lr3e4_rank3,k1_2_4_8_16
slow_fast,ngram_sd,9,17,results/apexp_block/config_large_500/evaluation/paper_cap50/apex_hot_runs/survival_utility_controller_v4b_rankgroup_speed_lr3e4_rank3__k1_2_4_8_16,survival_utility_controller_v4b_rankgroup_speed_lr3e4_rank3__k1_2_4_8_16,survival_utility_controller_v4b_rankgroup_speed_lr3e4_rank3,k1_2_4_8_16
slow_fast,ngram_sd,10,19,results/apexp_block/config_large_500/evaluation/paper_cap50/apex_hot_runs/survival_utility_controller_v4b_rankgroup_speed_lr3e4_rank3__k1_2_4_8_16,survival_utility_controller_v4b_rankgroup_speed_lr3e4_rank3__k1_2_4_8_16,survival_utility_controller_v4b_rankgroup_speed_lr3e4_rank3,k1_2_4_8_16
slow_fast,ngram_sd,11,18,results/apexp_block/config_large_500/evaluation/paper_cap50/apex_hot_runs/survival_utility_controller_v4b_rankgroup_speed_lr3e4_rank3__k1_2_4_8_16,survival_utility_controller_v4b_rankgroup_speed_lr3e4_rank3__k1_2_4_8_16,survival_utility_controller_v4b_rankgroup_speed_lr3e4_rank3,k1_2_4_8_16
slow_fast,ngram_sd,12,18,results/apexp_block/config_large_500/evaluation/paper_cap50/apex_hot_runs/survival_utility_controller_v4b_rankgroup_speed_lr3e4_rank3__k1_2_4_8_16,survival_utility_controller_v4b_rankgroup_speed_lr3e4_rank3__k1_2_4_8_16,survival_utility_controller_v4b_rankgroup_speed_lr3e4_rank3,k1_2_4_8_16
slow_fast,ngram_sd,13,14,results/apexp_block/config_large_500/evaluation/paper_cap50/apex_hot_runs/survival_utility_controller_v4b_rankgroup_speed_lr3e4_rank3__k1_2_4_8_16,survival_utility_controller_v4b_rankgroup_speed_lr3e4_rank3__k1_2_4_8_16,survival_utility_controller_v4b_rankgroup_speed_lr3e4_rank3,k1_2_4_8_16
slow_fast,ngram_sd,14,21,results/apexp_block/config_large_500/evaluation/paper_cap50/apex_hot_runs/survival_utility_controller_v4b_rankgroup_speed_lr3e4_rank3__k1_2_4_8_16,survival_utility_controller_v4b_rankgroup_speed_lr3e4_rank3__k1_2_4_8_16,survival_utility_controller_v4b_rankgroup_speed_lr3e4_rank3,k1_2_4_8_16
slow_fast,ngram_sd,15,19,results/apexp_block/config_large_500/evaluation/paper_cap50/apex_hot_runs/survival_utility_controller_v4b_rankgroup_speed_lr3e4_rank3__k1_2_4_8_16,survival_utility_controller_v4b_rankgroup_speed_lr3e4_rank3__k1_2_4_8_16,survival_utility_controller_v4b_rankgroup_speed_lr3e4_rank3,k1_2_4_8_16
slow_fast,ngram_sd,16,14264,results/apexp_block/config_large_500/evaluation/paper_cap50/apex_hot_runs/survival_utility_controller_v4b_rankgroup_speed_lr3e4_rank3__k1_2_4_8_16,survival_utility_controller_v4b_rankgroup_speed_lr3e4_rank3__k1_2_4_8_16,survival_utility_controller_v4b_rankgroup_speed_lr3e4_rank3,k1_2_4_8_16
slow_only,eagle3,2,2848,results/apexp_block/config_large_500/evaluation/paper_cap50/apex_hot_runs/survival_utility_controller_v4b_rankgroup_speed_lr3e4_rank3__k1_2_4_8_16,survival_utility_controller_v4b_rankgroup_speed_lr3e4_rank3__k1_2_4_8_16,survival_utility_controller_v4b_rankgroup_speed_lr3e4_rank3,k1_2_4_8_16
slow_only,eagle3,4,1863,results/apexp_block/config_large_500/evaluation/paper_cap50/apex_hot_runs/survival_utility_controller_v4b_rankgroup_speed_lr3e4_rank3__k1_2_4_8_16,survival_utility_controller_v4b_rankgroup_speed_lr3e4_rank3__k1_2_4_8_16,survival_utility_controller_v4b_rankgroup_speed_lr3e4_rank3,k1_2_4_8_16
slow_only,eagle3,8,984,results/apexp_block/config_large_500/evaluation/paper_cap50/apex_hot_runs/survival_utility_controller_v4b_rankgroup_speed_lr3e4_rank3__k1_2_4_8_16,survival_utility_controller_v4b_rankgroup_speed_lr3e4_rank3__k1_2_4_8_16,survival_utility_controller_v4b_rankgroup_speed_lr3e4_rank3,k1_2_4_8_16
slow_only,eagle3,16,9569,results/apexp_block/config_large_500/evaluation/paper_cap50/apex_hot_runs/survival_utility_controller_v4b_rankgroup_speed_lr3e4_rank3__k1_2_4_8_16,survival_utility_controller_v4b_rankgroup_speed_lr3e4_rank3__k1_2_4_8_16,survival_utility_controller_v4b_rankgroup_speed_lr3e4_rank3,k1_2_4_8_16
slow_only,ngram_sd,1,38,results/apexp_block/config_large_500/evaluation/paper_cap50/apex_hot_runs/survival_utility_controller_v4b_rankgroup_speed_lr3e4_rank3__k1_2_4_8_16,survival_utility_controller_v4b_rankgroup_speed_lr3e4_rank3__k1_2_4_8_16,survival_utility_controller_v4b_rankgroup_speed_lr3e4_rank3,k1_2_4_8_16
slow_only,ngram_sd,2,1577,results/apexp_block/config_large_500/evaluation/paper_cap50/apex_hot_runs/survival_utility_controller_v4b_rankgroup_speed_lr3e4_rank3__k1_2_4_8_16,survival_utility_controller_v4b_rankgroup_speed_lr3e4_rank3__k1_2_4_8_16,survival_utility_controller_v4b_rankgroup_speed_lr3e4_rank3,k1_2_4_8_16
slow_only,ngram_sd,3,96,results/apexp_block/config_large_500/evaluation/paper_cap50/apex_hot_runs/survival_utility_controller_v4b_rankgroup_speed_lr3e4_rank3__k1_2_4_8_16,survival_utility_controller_v4b_rankgroup_speed_lr3e4_rank3__k1_2_4_8_16,survival_utility_controller_v4b_rankgroup_speed_lr3e4_rank3,k1_2_4_8_16
slow_only,ngram_sd,4,1229,results/apexp_block/config_large_500/evaluation/paper_cap50/apex_hot_runs/survival_utility_controller_v4b_rankgroup_speed_lr3e4_rank3__k1_2_4_8_16,survival_utility_controller_v4b_rankgroup_speed_lr3e4_rank3__k1_2_4_8_16,survival_utility_controller_v4b_rankgroup_speed_lr3e4_rank3,k1_2_4_8_16
slow_only,ngram_sd,5,135,results/apexp_block/config_large_500/evaluation/paper_cap50/apex_hot_runs/survival_utility_controller_v4b_rankgroup_speed_lr3e4_rank3__k1_2_4_8_16,survival_utility_controller_v4b_rankgroup_speed_lr3e4_rank3__k1_2_4_8_16,survival_utility_controller_v4b_rankgroup_speed_lr3e4_rank3,k1_2_4_8_16
slow_only,ngram_sd,6,183,results/apexp_block/config_large_500/evaluation/paper_cap50/apex_hot_runs/survival_utility_controller_v4b_rankgroup_speed_lr3e4_rank3__k1_2_4_8_16,survival_utility_controller_v4b_rankgroup_speed_lr3e4_rank3__k1_2_4_8_16,survival_utility_controller_v4b_rankgroup_speed_lr3e4_rank3,k1_2_4_8_16
slow_only,ngram_sd,7,186,results/apexp_block/config_large_500/evaluation/paper_cap50/apex_hot_runs/survival_utility_controller_v4b_rankgroup_speed_lr3e4_rank3__k1_2_4_8_16,survival_utility_controller_v4b_rankgroup_speed_lr3e4_rank3__k1_2_4_8_16,survival_utility_controller_v4b_rankgroup_speed_lr3e4_rank3,k1_2_4_8_16
slow_only,ngram_sd,8,1268,results/apexp_block/config_large_500/evaluation/paper_cap50/apex_hot_runs/survival_utility_controller_v4b_rankgroup_speed_lr3e4_rank3__k1_2_4_8_16,survival_utility_controller_v4b_rankgroup_speed_lr3e4_rank3__k1_2_4_8_16,survival_utility_controller_v4b_rankgroup_speed_lr3e4_rank3,k1_2_4_8_16
slow_only,ngram_sd,9,193,results/apexp_block/config_large_500/evaluation/paper_cap50/apex_hot_runs/survival_utility_controller_v4b_rankgroup_speed_lr3e4_rank3__k1_2_4_8_16,survival_utility_controller_v4b_rankgroup_speed_lr3e4_rank3__k1_2_4_8_16,survival_utility_controller_v4b_rankgroup_speed_lr3e4_rank3,k1_2_4_8_16
slow_only,ngram_sd,10,233,results/apexp_block/config_large_500/evaluation/paper_cap50/apex_hot_runs/survival_utility_controller_v4b_rankgroup_speed_lr3e4_rank3__k1_2_4_8_16,survival_utility_controller_v4b_rankgroup_speed_lr3e4_rank3__k1_2_4_8_16,survival_utility_controller_v4b_rankgroup_speed_lr3e4_rank3,k1_2_4_8_16
slow_only,ngram_sd,11,204,results/apexp_block/config_large_500/evaluation/paper_cap50/apex_hot_runs/survival_utility_controller_v4b_rankgroup_speed_lr3e4_rank3__k1_2_4_8_16,survival_utility_controller_v4b_rankgroup_speed_lr3e4_rank3__k1_2_4_8_16,survival_utility_controller_v4b_rankgroup_speed_lr3e4_rank3,k1_2_4_8_16
slow_only,ngram_sd,12,243,results/apexp_block/config_large_500/evaluation/paper_cap50/apex_hot_runs/survival_utility_controller_v4b_rankgroup_speed_lr3e4_rank3__k1_2_4_8_16,survival_utility_controller_v4b_rankgroup_speed_lr3e4_rank3__k1_2_4_8_16,survival_utility_controller_v4b_rankgroup_speed_lr3e4_rank3,k1_2_4_8_16
slow_only,ngram_sd,13,200,results/apexp_block/config_large_500/evaluation/paper_cap50/apex_hot_runs/survival_utility_controller_v4b_rankgroup_speed_lr3e4_rank3__k1_2_4_8_16,survival_utility_controller_v4b_rankgroup_speed_lr3e4_rank3__k1_2_4_8_16,survival_utility_controller_v4b_rankgroup_speed_lr3e4_rank3,k1_2_4_8_16
slow_only,ngram_sd,14,219,results/apexp_block/config_large_500/evaluation/paper_cap50/apex_hot_runs/survival_utility_controller_v4b_rankgroup_speed_lr3e4_rank3__k1_2_4_8_16,survival_utility_controller_v4b_rankgroup_speed_lr3e4_rank3__k1_2_4_8_16,survival_utility_controller_v4b_rankgroup_speed_lr3e4_rank3,k1_2_4_8_16
slow_only,ngram_sd,15,196,results/apexp_block/config_large_500/evaluation/paper_cap50/apex_hot_runs/survival_utility_controller_v4b_rankgroup_speed_lr3e4_rank3__k1_2_4_8_16,survival_utility_controller_v4b_rankgroup_speed_lr3e4_rank3__k1_2_4_8_16,survival_utility_controller_v4b_rankgroup_speed_lr3e4_rank3,k1_2_4_8_16
slow_only,ngram_sd,16,88386,results/apexp_block/config_large_500/evaluation/paper_cap50/apex_hot_runs/survival_utility_controller_v4b_rankgroup_speed_lr3e4_rank3__k1_2_4_8_16,survival_utility_controller_v4b_rankgroup_speed_lr3e4_rank3__k1_2_4_8_16,survival_utility_controller_v4b_rankgroup_speed_lr3e4_rank3,k1_2_4_8_16
slow_fast,eagle3,1,3333,results/apexp_block/config_large_500/evaluation/paper_cap50/apex_hot_runs/survival_utility_controller_v4b_rankgroup_speed_lr3e4_rank3__k1_to_16,survival_utility_controller_v4b_rankgroup_speed_lr3e4_rank3__k1_to_16,survival_utility_controller_v4b_rankgroup_speed_lr3e4_rank3,k1_to_16
slow_fast,eagle3,2,10822,results/apexp_block/config_large_500/evaluation/paper_cap50/apex_hot_runs/survival_utility_controller_v4b_rankgroup_speed_lr3e4_rank3__k1_to_16,survival_utility_controller_v4b_rankgroup_speed_lr3e4_rank3__k1_to_16,survival_utility_controller_v4b_rankgroup_speed_lr3e4_rank3,k1_to_16
slow_fast,eagle3,3,1049,results/apexp_block/config_large_500/evaluation/paper_cap50/apex_hot_runs/survival_utility_controller_v4b_rankgroup_speed_lr3e4_rank3__k1_to_16,survival_utility_controller_v4b_rankgroup_speed_lr3e4_rank3__k1_to_16,survival_utility_controller_v4b_rankgroup_speed_lr3e4_rank3,k1_to_16
slow_fast,eagle3,4,15,results/apexp_block/config_large_500/evaluation/paper_cap50/apex_hot_runs/survival_utility_controller_v4b_rankgroup_speed_lr3e4_rank3__k1_to_16,survival_utility_controller_v4b_rankgroup_speed_lr3e4_rank3__k1_to_16,survival_utility_controller_v4b_rankgroup_speed_lr3e4_rank3,k1_to_16
slow_fast,eagle3,8,6,results/apexp_block/config_large_500/evaluation/paper_cap50/apex_hot_runs/survival_utility_controller_v4b_rankgroup_speed_lr3e4_rank3__k1_to_16,survival_utility_controller_v4b_rankgroup_speed_lr3e4_rank3__k1_to_16,survival_utility_controller_v4b_rankgroup_speed_lr3e4_rank3,k1_to_16
slow_fast,eagle3,16,60,results/apexp_block/config_large_500/evaluation/paper_cap50/apex_hot_runs/survival_utility_controller_v4b_rankgroup_speed_lr3e4_rank3__k1_to_16,survival_utility_controller_v4b_rankgroup_speed_lr3e4_rank3__k1_to_16,survival_utility_controller_v4b_rankgroup_speed_lr3e4_rank3,k1_to_16
slow_fast,ngram_sd,1,314,results/apexp_block/config_large_500/evaluation/paper_cap50/apex_hot_runs/survival_utility_controller_v4b_rankgroup_speed_lr3e4_rank3__k1_to_16,survival_utility_controller_v4b_rankgroup_speed_lr3e4_rank3__k1_to_16,survival_utility_controller_v4b_rankgroup_speed_lr3e4_rank3,k1_to_16
slow_fast,ngram_sd,2,864,results/apexp_block/config_large_500/evaluation/paper_cap50/apex_hot_runs/survival_utility_controller_v4b_rankgroup_speed_lr3e4_rank3__k1_to_16,survival_utility_controller_v4b_rankgroup_speed_lr3e4_rank3__k1_to_16,survival_utility_controller_v4b_rankgroup_speed_lr3e4_rank3,k1_to_16
slow_fast,ngram_sd,3,4632,results/apexp_block/config_large_500/evaluation/paper_cap50/apex_hot_runs/survival_utility_controller_v4b_rankgroup_speed_lr3e4_rank3__k1_to_16,survival_utility_controller_v4b_rankgroup_speed_lr3e4_rank3__k1_to_16,survival_utility_controller_v4b_rankgroup_speed_lr3e4_rank3,k1_to_16
slow_fast,ngram_sd,4,10147,results/apexp_block/config_large_500/evaluation/paper_cap50/apex_hot_runs/survival_utility_controller_v4b_rankgroup_speed_lr3e4_rank3__k1_to_16,survival_utility_controller_v4b_rankgroup_speed_lr3e4_rank3__k1_to_16,survival_utility_controller_v4b_rankgroup_speed_lr3e4_rank3,k1_to_16
slow_fast,ngram_sd,5,9691,results/apexp_block/config_large_500/evaluation/paper_cap50/apex_hot_runs/survival_utility_controller_v4b_rankgroup_speed_lr3e4_rank3__k1_to_16,survival_utility_controller_v4b_rankgroup_speed_lr3e4_rank3__k1_to_16,survival_utility_controller_v4b_rankgroup_speed_lr3e4_rank3,k1_to_16
slow_fast,ngram_sd,6,7798,results/apexp_block/config_large_500/evaluation/paper_cap50/apex_hot_runs/survival_utility_controller_v4b_rankgroup_speed_lr3e4_rank3__k1_to_16,survival_utility_controller_v4b_rankgroup_speed_lr3e4_rank3__k1_to_16,survival_utility_controller_v4b_rankgroup_speed_lr3e4_rank3,k1_to_16
slow_fast,ngram_sd,7,7996,results/apexp_block/config_large_500/evaluation/paper_cap50/apex_hot_runs/survival_utility_controller_v4b_rankgroup_speed_lr3e4_rank3__k1_to_16,survival_utility_controller_v4b_rankgroup_speed_lr3e4_rank3__k1_to_16,survival_utility_controller_v4b_rankgroup_speed_lr3e4_rank3,k1_to_16
slow_fast,ngram_sd,8,9113,results/apexp_block/config_large_500/evaluation/paper_cap50/apex_hot_runs/survival_utility_controller_v4b_rankgroup_speed_lr3e4_rank3__k1_to_16,survival_utility_controller_v4b_rankgroup_speed_lr3e4_rank3__k1_to_16,survival_utility_controller_v4b_rankgroup_speed_lr3e4_rank3,k1_to_16
slow_fast,ngram_sd,9,13234,results/apexp_block/config_large_500/evaluation/paper_cap50/apex_hot_runs/survival_utility_controller_v4b_rankgroup_speed_lr3e4_rank3__k1_to_16,survival_utility_controller_v4b_rankgroup_speed_lr3e4_rank3__k1_to_16,survival_utility_controller_v4b_rankgroup_speed_lr3e4_rank3,k1_to_16
slow_fast,ngram_sd,10,12249,results/apexp_block/config_large_500/evaluation/paper_cap50/apex_hot_runs/survival_utility_controller_v4b_rankgroup_speed_lr3e4_rank3__k1_to_16,survival_utility_controller_v4b_rankgroup_speed_lr3e4_rank3__k1_to_16,survival_utility_controller_v4b_rankgroup_speed_lr3e4_rank3,k1_to_16
slow_fast,ngram_sd,11,5359,results/apexp_block/config_large_500/evaluation/paper_cap50/apex_hot_runs/survival_utility_controller_v4b_rankgroup_speed_lr3e4_rank3__k1_to_16,survival_utility_controller_v4b_rankgroup_speed_lr3e4_rank3__k1_to_16,survival_utility_controller_v4b_rankgroup_speed_lr3e4_rank3,k1_to_16
slow_fast,ngram_sd,12,2891,results/apexp_block/config_large_500/evaluation/paper_cap50/apex_hot_runs/survival_utility_controller_v4b_rankgroup_speed_lr3e4_rank3__k1_to_16,survival_utility_controller_v4b_rankgroup_speed_lr3e4_rank3__k1_to_16,survival_utility_controller_v4b_rankgroup_speed_lr3e4_rank3,k1_to_16
slow_fast,ngram_sd,13,2184,results/apexp_block/config_large_500/evaluation/paper_cap50/apex_hot_runs/survival_utility_controller_v4b_rankgroup_speed_lr3e4_rank3__k1_to_16,survival_utility_controller_v4b_rankgroup_speed_lr3e4_rank3__k1_to_16,survival_utility_controller_v4b_rankgroup_speed_lr3e4_rank3,k1_to_16
slow_fast,ngram_sd,14,1681,results/apexp_block/config_large_500/evaluation/paper_cap50/apex_hot_runs/survival_utility_controller_v4b_rankgroup_speed_lr3e4_rank3__k1_to_16,survival_utility_controller_v4b_rankgroup_speed_lr3e4_rank3__k1_to_16,survival_utility_controller_v4b_rankgroup_speed_lr3e4_rank3,k1_to_16
slow_fast,ngram_sd,15,1395,results/apexp_block/config_large_500/evaluation/paper_cap50/apex_hot_runs/survival_utility_controller_v4b_rankgroup_speed_lr3e4_rank3__k1_to_16,survival_utility_controller_v4b_rankgroup_speed_lr3e4_rank3__k1_to_16,survival_utility_controller_v4b_rankgroup_speed_lr3e4_rank3,k1_to_16
slow_fast,ngram_sd,16,6871,results/apexp_block/config_large_500/evaluation/paper_cap50/apex_hot_runs/survival_utility_controller_v4b_rankgroup_speed_lr3e4_rank3__k1_to_16,survival_utility_controller_v4b_rankgroup_speed_lr3e4_rank3__k1_to_16,survival_utility_controller_v4b_rankgroup_speed_lr3e4_rank3,k1_to_16
slow_only,eagle3,2,2848,results/apexp_block/config_large_500/evaluation/paper_cap50/apex_hot_runs/survival_utility_controller_v4b_rankgroup_speed_lr3e4_rank3__k1_to_16,survival_utility_controller_v4b_rankgroup_speed_lr3e4_rank3__k1_to_16,survival_utility_controller_v4b_rankgroup_speed_lr3e4_rank3,k1_to_16
slow_only,eagle3,4,1863,results/apexp_block/config_large_500/evaluation/paper_cap50/apex_hot_runs/survival_utility_controller_v4b_rankgroup_speed_lr3e4_rank3__k1_to_16,survival_utility_controller_v4b_rankgroup_speed_lr3e4_rank3__k1_to_16,survival_utility_controller_v4b_rankgroup_speed_lr3e4_rank3,k1_to_16
slow_only,eagle3,8,984,results/apexp_block/config_large_500/evaluation/paper_cap50/apex_hot_runs/survival_utility_controller_v4b_rankgroup_speed_lr3e4_rank3__k1_to_16,survival_utility_controller_v4b_rankgroup_speed_lr3e4_rank3__k1_to_16,survival_utility_controller_v4b_rankgroup_speed_lr3e4_rank3,k1_to_16
slow_only,eagle3,16,9569,results/apexp_block/config_large_500/evaluation/paper_cap50/apex_hot_runs/survival_utility_controller_v4b_rankgroup_speed_lr3e4_rank3__k1_to_16,survival_utility_controller_v4b_rankgroup_speed_lr3e4_rank3__k1_to_16,survival_utility_controller_v4b_rankgroup_speed_lr3e4_rank3,k1_to_16
slow_only,ngram_sd,1,38,results/apexp_block/config_large_500/evaluation/paper_cap50/apex_hot_runs/survival_utility_controller_v4b_rankgroup_speed_lr3e4_rank3__k1_to_16,survival_utility_controller_v4b_rankgroup_speed_lr3e4_rank3__k1_to_16,survival_utility_controller_v4b_rankgroup_speed_lr3e4_rank3,k1_to_16
slow_only,ngram_sd,2,1577,results/apexp_block/config_large_500/evaluation/paper_cap50/apex_hot_runs/survival_utility_controller_v4b_rankgroup_speed_lr3e4_rank3__k1_to_16,survival_utility_controller_v4b_rankgroup_speed_lr3e4_rank3__k1_to_16,survival_utility_controller_v4b_rankgroup_speed_lr3e4_rank3,k1_to_16
slow_only,ngram_sd,3,96,results/apexp_block/config_large_500/evaluation/paper_cap50/apex_hot_runs/survival_utility_controller_v4b_rankgroup_speed_lr3e4_rank3__k1_to_16,survival_utility_controller_v4b_rankgroup_speed_lr3e4_rank3__k1_to_16,survival_utility_controller_v4b_rankgroup_speed_lr3e4_rank3,k1_to_16
slow_only,ngram_sd,4,1229,results/apexp_block/config_large_500/evaluation/paper_cap50/apex_hot_runs/survival_utility_controller_v4b_rankgroup_speed_lr3e4_rank3__k1_to_16,survival_utility_controller_v4b_rankgroup_speed_lr3e4_rank3__k1_to_16,survival_utility_controller_v4b_rankgroup_speed_lr3e4_rank3,k1_to_16
slow_only,ngram_sd,5,135,results/apexp_block/config_large_500/evaluation/paper_cap50/apex_hot_runs/survival_utility_controller_v4b_rankgroup_speed_lr3e4_rank3__k1_to_16,survival_utility_controller_v4b_rankgroup_speed_lr3e4_rank3__k1_to_16,survival_utility_controller_v4b_rankgroup_speed_lr3e4_rank3,k1_to_16
slow_only,ngram_sd,6,183,results/apexp_block/config_large_500/evaluation/paper_cap50/apex_hot_runs/survival_utility_controller_v4b_rankgroup_speed_lr3e4_rank3__k1_to_16,survival_utility_controller_v4b_rankgroup_speed_lr3e4_rank3__k1_to_16,survival_utility_controller_v4b_rankgroup_speed_lr3e4_rank3,k1_to_16
slow_only,ngram_sd,7,186,results/apexp_block/config_large_500/evaluation/paper_cap50/apex_hot_runs/survival_utility_controller_v4b_rankgroup_speed_lr3e4_rank3__k1_to_16,survival_utility_controller_v4b_rankgroup_speed_lr3e4_rank3__k1_to_16,survival_utility_controller_v4b_rankgroup_speed_lr3e4_rank3,k1_to_16
slow_only,ngram_sd,8,1268,results/apexp_block/config_large_500/evaluation/paper_cap50/apex_hot_runs/survival_utility_controller_v4b_rankgroup_speed_lr3e4_rank3__k1_to_16,survival_utility_controller_v4b_rankgroup_speed_lr3e4_rank3__k1_to_16,survival_utility_controller_v4b_rankgroup_speed_lr3e4_rank3,k1_to_16
slow_only,ngram_sd,9,193,results/apexp_block/config_large_500/evaluation/paper_cap50/apex_hot_runs/survival_utility_controller_v4b_rankgroup_speed_lr3e4_rank3__k1_to_16,survival_utility_controller_v4b_rankgroup_speed_lr3e4_rank3__k1_to_16,survival_utility_controller_v4b_rankgroup_speed_lr3e4_rank3,k1_to_16
slow_only,ngram_sd,10,233,results/apexp_block/config_large_500/evaluation/paper_cap50/apex_hot_runs/survival_utility_controller_v4b_rankgroup_speed_lr3e4_rank3__k1_to_16,survival_utility_controller_v4b_rankgroup_speed_lr3e4_rank3__k1_to_16,survival_utility_controller_v4b_rankgroup_speed_lr3e4_rank3,k1_to_16
slow_only,ngram_sd,11,204,results/apexp_block/config_large_500/evaluation/paper_cap50/apex_hot_runs/survival_utility_controller_v4b_rankgroup_speed_lr3e4_rank3__k1_to_16,survival_utility_controller_v4b_rankgroup_speed_lr3e4_rank3__k1_to_16,survival_utility_controller_v4b_rankgroup_speed_lr3e4_rank3,k1_to_16
slow_only,ngram_sd,12,243,results/apexp_block/config_large_500/evaluation/paper_cap50/apex_hot_runs/survival_utility_controller_v4b_rankgroup_speed_lr3e4_rank3__k1_to_16,survival_utility_controller_v4b_rankgroup_speed_lr3e4_rank3__k1_to_16,survival_utility_controller_v4b_rankgroup_speed_lr3e4_rank3,k1_to_16
slow_only,ngram_sd,13,200,results/apexp_block/config_large_500/evaluation/paper_cap50/apex_hot_runs/survival_utility_controller_v4b_rankgroup_speed_lr3e4_rank3__k1_to_16,survival_utility_controller_v4b_rankgroup_speed_lr3e4_rank3__k1_to_16,survival_utility_controller_v4b_rankgroup_speed_lr3e4_rank3,k1_to_16
slow_only,ngram_sd,14,219,results/apexp_block/config_large_500/evaluation/paper_cap50/apex_hot_runs/survival_utility_controller_v4b_rankgroup_speed_lr3e4_rank3__k1_to_16,survival_utility_controller_v4b_rankgroup_speed_lr3e4_rank3__k1_to_16,survival_utility_controller_v4b_rankgroup_speed_lr3e4_rank3,k1_to_16
slow_only,ngram_sd,15,196,results/apexp_block/config_large_500/evaluation/paper_cap50/apex_hot_runs/survival_utility_controller_v4b_rankgroup_speed_lr3e4_rank3__k1_to_16,survival_utility_controller_v4b_rankgroup_speed_lr3e4_rank3__k1_to_16,survival_utility_controller_v4b_rankgroup_speed_lr3e4_rank3,k1_to_16
slow_only,ngram_sd,16,88386,results/apexp_block/config_large_500/evaluation/paper_cap50/apex_hot_runs/survival_utility_controller_v4b_rankgroup_speed_lr3e4_rank3__k1_to_16,survival_utility_controller_v4b_rankgroup_speed_lr3e4_rank3__k1_to_16,survival_utility_controller_v4b_rankgroup_speed_lr3e4_rank3,k1_to_16
slow_fast,eagle3,2,15056,results/apexp_block/config_large_500/evaluation/paper_cap50/apex_hot_runs/survival_utility_controller_v4b_rankgroup_speed_lr3e4_rank3__k2_4_6_8,survival_utility_controller_v4b_rankgroup_speed_lr3e4_rank3__k2_4_6_8,survival_utility_controller_v4b_rankgroup_speed_lr3e4_rank3,k2_4_6_8
slow_fast,eagle3,4,152,results/apexp_block/config_large_500/evaluation/paper_cap50/apex_hot_runs/survival_utility_controller_v4b_rankgroup_speed_lr3e4_rank3__k2_4_6_8,survival_utility_controller_v4b_rankgroup_speed_lr3e4_rank3__k2_4_6_8,survival_utility_controller_v4b_rankgroup_speed_lr3e4_rank3,k2_4_6_8
slow_fast,eagle3,8,66,results/apexp_block/config_large_500/evaluation/paper_cap50/apex_hot_runs/survival_utility_controller_v4b_rankgroup_speed_lr3e4_rank3__k2_4_6_8,survival_utility_controller_v4b_rankgroup_speed_lr3e4_rank3__k2_4_6_8,survival_utility_controller_v4b_rankgroup_speed_lr3e4_rank3,k2_4_6_8
slow_fast,ngram_sd,1,38,results/apexp_block/config_large_500/evaluation/paper_cap50/apex_hot_runs/survival_utility_controller_v4b_rankgroup_speed_lr3e4_rank3__k2_4_6_8,survival_utility_controller_v4b_rankgroup_speed_lr3e4_rank3__k2_4_6_8,survival_utility_controller_v4b_rankgroup_speed_lr3e4_rank3,k2_4_6_8
slow_fast,ngram_sd,2,2839,results/apexp_block/config_large_500/evaluation/paper_cap50/apex_hot_runs/survival_utility_controller_v4b_rankgroup_speed_lr3e4_rank3__k2_4_6_8,survival_utility_controller_v4b_rankgroup_speed_lr3e4_rank3__k2_4_6_8,survival_utility_controller_v4b_rankgroup_speed_lr3e4_rank3,k2_4_6_8
slow_fast,ngram_sd,3,93,results/apexp_block/config_large_500/evaluation/paper_cap50/apex_hot_runs/survival_utility_controller_v4b_rankgroup_speed_lr3e4_rank3__k2_4_6_8,survival_utility_controller_v4b_rankgroup_speed_lr3e4_rank3__k2_4_6_8,survival_utility_controller_v4b_rankgroup_speed_lr3e4_rank3,k2_4_6_8
slow_fast,ngram_sd,4,18929,results/apexp_block/config_large_500/evaluation/paper_cap50/apex_hot_runs/survival_utility_controller_v4b_rankgroup_speed_lr3e4_rank3__k2_4_6_8,survival_utility_controller_v4b_rankgroup_speed_lr3e4_rank3__k2_4_6_8,survival_utility_controller_v4b_rankgroup_speed_lr3e4_rank3,k2_4_6_8
slow_fast,ngram_sd,5,108,results/apexp_block/config_large_500/evaluation/paper_cap50/apex_hot_runs/survival_utility_controller_v4b_rankgroup_speed_lr3e4_rank3__k2_4_6_8,survival_utility_controller_v4b_rankgroup_speed_lr3e4_rank3__k2_4_6_8,survival_utility_controller_v4b_rankgroup_speed_lr3e4_rank3,k2_4_6_8
slow_fast,ngram_sd,6,16261,results/apexp_block/config_large_500/evaluation/paper_cap50/apex_hot_runs/survival_utility_controller_v4b_rankgroup_speed_lr3e4_rank3__k2_4_6_8,survival_utility_controller_v4b_rankgroup_speed_lr3e4_rank3__k2_4_6_8,survival_utility_controller_v4b_rankgroup_speed_lr3e4_rank3,k2_4_6_8
slow_fast,ngram_sd,7,108,results/apexp_block/config_large_500/evaluation/paper_cap50/apex_hot_runs/survival_utility_controller_v4b_rankgroup_speed_lr3e4_rank3__k2_4_6_8,survival_utility_controller_v4b_rankgroup_speed_lr3e4_rank3__k2_4_6_8,survival_utility_controller_v4b_rankgroup_speed_lr3e4_rank3,k2_4_6_8
slow_fast,ngram_sd,8,65192,results/apexp_block/config_large_500/evaluation/paper_cap50/apex_hot_runs/survival_utility_controller_v4b_rankgroup_speed_lr3e4_rank3__k2_4_6_8,survival_utility_controller_v4b_rankgroup_speed_lr3e4_rank3__k2_4_6_8,survival_utility_controller_v4b_rankgroup_speed_lr3e4_rank3,k2_4_6_8
slow_only,eagle3,2,2848,results/apexp_block/config_large_500/evaluation/paper_cap50/apex_hot_runs/survival_utility_controller_v4b_rankgroup_speed_lr3e4_rank3__k2_4_6_8,survival_utility_controller_v4b_rankgroup_speed_lr3e4_rank3__k2_4_6_8,survival_utility_controller_v4b_rankgroup_speed_lr3e4_rank3,k2_4_6_8
slow_only,eagle3,4,1863,results/apexp_block/config_large_500/evaluation/paper_cap50/apex_hot_runs/survival_utility_controller_v4b_rankgroup_speed_lr3e4_rank3__k2_4_6_8,survival_utility_controller_v4b_rankgroup_speed_lr3e4_rank3__k2_4_6_8,survival_utility_controller_v4b_rankgroup_speed_lr3e4_rank3,k2_4_6_8
slow_only,eagle3,8,984,results/apexp_block/config_large_500/evaluation/paper_cap50/apex_hot_runs/survival_utility_controller_v4b_rankgroup_speed_lr3e4_rank3__k2_4_6_8,survival_utility_controller_v4b_rankgroup_speed_lr3e4_rank3__k2_4_6_8,survival_utility_controller_v4b_rankgroup_speed_lr3e4_rank3,k2_4_6_8
slow_only,eagle3,16,9569,results/apexp_block/config_large_500/evaluation/paper_cap50/apex_hot_runs/survival_utility_controller_v4b_rankgroup_speed_lr3e4_rank3__k2_4_6_8,survival_utility_controller_v4b_rankgroup_speed_lr3e4_rank3__k2_4_6_8,survival_utility_controller_v4b_rankgroup_speed_lr3e4_rank3,k2_4_6_8
slow_only,ngram_sd,1,38,results/apexp_block/config_large_500/evaluation/paper_cap50/apex_hot_runs/survival_utility_controller_v4b_rankgroup_speed_lr3e4_rank3__k2_4_6_8,survival_utility_controller_v4b_rankgroup_speed_lr3e4_rank3__k2_4_6_8,survival_utility_controller_v4b_rankgroup_speed_lr3e4_rank3,k2_4_6_8
slow_only,ngram_sd,2,1577,results/apexp_block/config_large_500/evaluation/paper_cap50/apex_hot_runs/survival_utility_controller_v4b_rankgroup_speed_lr3e4_rank3__k2_4_6_8,survival_utility_controller_v4b_rankgroup_speed_lr3e4_rank3__k2_4_6_8,survival_utility_controller_v4b_rankgroup_speed_lr3e4_rank3,k2_4_6_8
slow_only,ngram_sd,3,96,results/apexp_block/config_large_500/evaluation/paper_cap50/apex_hot_runs/survival_utility_controller_v4b_rankgroup_speed_lr3e4_rank3__k2_4_6_8,survival_utility_controller_v4b_rankgroup_speed_lr3e4_rank3__k2_4_6_8,survival_utility_controller_v4b_rankgroup_speed_lr3e4_rank3,k2_4_6_8
slow_only,ngram_sd,4,1229,results/apexp_block/config_large_500/evaluation/paper_cap50/apex_hot_runs/survival_utility_controller_v4b_rankgroup_speed_lr3e4_rank3__k2_4_6_8,survival_utility_controller_v4b_rankgroup_speed_lr3e4_rank3__k2_4_6_8,survival_utility_controller_v4b_rankgroup_speed_lr3e4_rank3,k2_4_6_8
slow_only,ngram_sd,5,135,results/apexp_block/config_large_500/evaluation/paper_cap50/apex_hot_runs/survival_utility_controller_v4b_rankgroup_speed_lr3e4_rank3__k2_4_6_8,survival_utility_controller_v4b_rankgroup_speed_lr3e4_rank3__k2_4_6_8,survival_utility_controller_v4b_rankgroup_speed_lr3e4_rank3,k2_4_6_8
slow_only,ngram_sd,6,183,results/apexp_block/config_large_500/evaluation/paper_cap50/apex_hot_runs/survival_utility_controller_v4b_rankgroup_speed_lr3e4_rank3__k2_4_6_8,survival_utility_controller_v4b_rankgroup_speed_lr3e4_rank3__k2_4_6_8,survival_utility_controller_v4b_rankgroup_speed_lr3e4_rank3,k2_4_6_8
slow_only,ngram_sd,7,186,results/apexp_block/config_large_500/evaluation/paper_cap50/apex_hot_runs/survival_utility_controller_v4b_rankgroup_speed_lr3e4_rank3__k2_4_6_8,survival_utility_controller_v4b_rankgroup_speed_lr3e4_rank3__k2_4_6_8,survival_utility_controller_v4b_rankgroup_speed_lr3e4_rank3,k2_4_6_8
slow_only,ngram_sd,8,1268,results/apexp_block/config_large_500/evaluation/paper_cap50/apex_hot_runs/survival_utility_controller_v4b_rankgroup_speed_lr3e4_rank3__k2_4_6_8,survival_utility_controller_v4b_rankgroup_speed_lr3e4_rank3__k2_4_6_8,survival_utility_controller_v4b_rankgroup_speed_lr3e4_rank3,k2_4_6_8
slow_only,ngram_sd,9,193,results/apexp_block/config_large_500/evaluation/paper_cap50/apex_hot_runs/survival_utility_controller_v4b_rankgroup_speed_lr3e4_rank3__k2_4_6_8,survival_utility_controller_v4b_rankgroup_speed_lr3e4_rank3__k2_4_6_8,survival_utility_controller_v4b_rankgroup_speed_lr3e4_rank3,k2_4_6_8
slow_only,ngram_sd,10,233,results/apexp_block/config_large_500/evaluation/paper_cap50/apex_hot_runs/survival_utility_controller_v4b_rankgroup_speed_lr3e4_rank3__k2_4_6_8,survival_utility_controller_v4b_rankgroup_speed_lr3e4_rank3__k2_4_6_8,survival_utility_controller_v4b_rankgroup_speed_lr3e4_rank3,k2_4_6_8
slow_only,ngram_sd,11,204,results/apexp_block/config_large_500/evaluation/paper_cap50/apex_hot_runs/survival_utility_controller_v4b_rankgroup_speed_lr3e4_rank3__k2_4_6_8,survival_utility_controller_v4b_rankgroup_speed_lr3e4_rank3__k2_4_6_8,survival_utility_controller_v4b_rankgroup_speed_lr3e4_rank3,k2_4_6_8
slow_only,ngram_sd,12,243,results/apexp_block/config_large_500/evaluation/paper_cap50/apex_hot_runs/survival_utility_controller_v4b_rankgroup_speed_lr3e4_rank3__k2_4_6_8,survival_utility_controller_v4b_rankgroup_speed_lr3e4_rank3__k2_4_6_8,survival_utility_controller_v4b_rankgroup_speed_lr3e4_rank3,k2_4_6_8
slow_only,ngram_sd,13,200,results/apexp_block/config_large_500/evaluation/paper_cap50/apex_hot_runs/survival_utility_controller_v4b_rankgroup_speed_lr3e4_rank3__k2_4_6_8,survival_utility_controller_v4b_rankgroup_speed_lr3e4_rank3__k2_4_6_8,survival_utility_controller_v4b_rankgroup_speed_lr3e4_rank3,k2_4_6_8
slow_only,ngram_sd,14,219,results/apexp_block/config_large_500/evaluation/paper_cap50/apex_hot_runs/survival_utility_controller_v4b_rankgroup_speed_lr3e4_rank3__k2_4_6_8,survival_utility_controller_v4b_rankgroup_speed_lr3e4_rank3__k2_4_6_8,survival_utility_controller_v4b_rankgroup_speed_lr3e4_rank3,k2_4_6_8
slow_only,ngram_sd,15,196,results/apexp_block/config_large_500/evaluation/paper_cap50/apex_hot_runs/survival_utility_controller_v4b_rankgroup_speed_lr3e4_rank3__k2_4_6_8,survival_utility_controller_v4b_rankgroup_speed_lr3e4_rank3__k2_4_6_8,survival_utility_controller_v4b_rankgroup_speed_lr3e4_rank3,k2_4_6_8
slow_only,ngram_sd,16,88386,results/apexp_block/config_large_500/evaluation/paper_cap50/apex_hot_runs/survival_utility_controller_v4b_rankgroup_speed_lr3e4_rank3__k2_4_6_8,survival_utility_controller_v4b_rankgroup_speed_lr3e4_rank3__k2_4_6_8,survival_utility_controller_v4b_rankgroup_speed_lr3e4_rank3,k2_4_6_8
slow_fast,eagle3,1,983,results/apexp_block/config_large_500/evaluation/paper_cap50/apex_hot_runs/survival_utility_controller_v4b_rankgroup_speed_lr5e4_rank2__k1_2_4_6_8_10_12_14_16,survival_utility_controller_v4b_rankgroup_speed_lr5e4_rank2__k1_2_4_6_8_10_12_14_16,survival_utility_controller_v4b_rankgroup_speed_lr5e4_rank2,k1_2_4_6_8_10_12_14_16
slow_fast,eagle3,2,12861,results/apexp_block/config_large_500/evaluation/paper_cap50/apex_hot_runs/survival_utility_controller_v4b_rankgroup_speed_lr5e4_rank2__k1_2_4_6_8_10_12_14_16,survival_utility_controller_v4b_rankgroup_speed_lr5e4_rank2__k1_2_4_6_8_10_12_14_16,survival_utility_controller_v4b_rankgroup_speed_lr5e4_rank2,k1_2_4_6_8_10_12_14_16
slow_fast,eagle3,4,1366,results/apexp_block/config_large_500/evaluation/paper_cap50/apex_hot_runs/survival_utility_controller_v4b_rankgroup_speed_lr5e4_rank2__k1_2_4_6_8_10_12_14_16,survival_utility_controller_v4b_rankgroup_speed_lr5e4_rank2__k1_2_4_6_8_10_12_14_16,survival_utility_controller_v4b_rankgroup_speed_lr5e4_rank2,k1_2_4_6_8_10_12_14_16
slow_fast,eagle3,8,6,results/apexp_block/config_large_500/evaluation/paper_cap50/apex_hot_runs/survival_utility_controller_v4b_rankgroup_speed_lr5e4_rank2__k1_2_4_6_8_10_12_14_16,survival_utility_controller_v4b_rankgroup_speed_lr5e4_rank2__k1_2_4_6_8_10_12_14_16,survival_utility_controller_v4b_rankgroup_speed_lr5e4_rank2,k1_2_4_6_8_10_12_14_16
slow_fast,eagle3,16,60,results/apexp_block/config_large_500/evaluation/paper_cap50/apex_hot_runs/survival_utility_controller_v4b_rankgroup_speed_lr5e4_rank2__k1_2_4_6_8_10_12_14_16,survival_utility_controller_v4b_rankgroup_speed_lr5e4_rank2__k1_2_4_6_8_10_12_14_16,survival_utility_controller_v4b_rankgroup_speed_lr5e4_rank2,k1_2_4_6_8_10_12_14_16
slow_fast,ngram_sd,1,953,results/apexp_block/config_large_500/evaluation/paper_cap50/apex_hot_runs/survival_utility_controller_v4b_rankgroup_speed_lr5e4_rank2__k1_2_4_6_8_10_12_14_16,survival_utility_controller_v4b_rankgroup_speed_lr5e4_rank2__k1_2_4_6_8_10_12_14_16,survival_utility_controller_v4b_rankgroup_speed_lr5e4_rank2,k1_2_4_6_8_10_12_14_16
slow_fast,ngram_sd,2,4443,results/apexp_block/config_large_500/evaluation/paper_cap50/apex_hot_runs/survival_utility_controller_v4b_rankgroup_speed_lr5e4_rank2__k1_2_4_6_8_10_12_14_16,survival_utility_controller_v4b_rankgroup_speed_lr5e4_rank2__k1_2_4_6_8_10_12_14_16,survival_utility_controller_v4b_rankgroup_speed_lr5e4_rank2,k1_2_4_6_8_10_12_14_16
slow_fast,ngram_sd,3,93,results/apexp_block/config_large_500/evaluation/paper_cap50/apex_hot_runs/survival_utility_controller_v4b_rankgroup_speed_lr5e4_rank2__k1_2_4_6_8_10_12_14_16,survival_utility_controller_v4b_rankgroup_speed_lr5e4_rank2__k1_2_4_6_8_10_12_14_16,survival_utility_controller_v4b_rankgroup_speed_lr5e4_rank2,k1_2_4_6_8_10_12_14_16
slow_fast,ngram_sd,4,29593,results/apexp_block/config_large_500/evaluation/paper_cap50/apex_hot_runs/survival_utility_controller_v4b_rankgroup_speed_lr5e4_rank2__k1_2_4_6_8_10_12_14_16,survival_utility_controller_v4b_rankgroup_speed_lr5e4_rank2__k1_2_4_6_8_10_12_14_16,survival_utility_controller_v4b_rankgroup_speed_lr5e4_rank2,k1_2_4_6_8_10_12_14_16
slow_fast,ngram_sd,5,92,results/apexp_block/config_large_500/evaluation/paper_cap50/apex_hot_runs/survival_utility_controller_v4b_rankgroup_speed_lr5e4_rank2__k1_2_4_6_8_10_12_14_16,survival_utility_controller_v4b_rankgroup_speed_lr5e4_rank2__k1_2_4_6_8_10_12_14_16,survival_utility_controller_v4b_rankgroup_speed_lr5e4_rank2,k1_2_4_6_8_10_12_14_16
slow_fast,ngram_sd,6,15617,results/apexp_block/config_large_500/evaluation/paper_cap50/apex_hot_runs/survival_utility_controller_v4b_rankgroup_speed_lr5e4_rank2__k1_2_4_6_8_10_12_14_16,survival_utility_controller_v4b_rankgroup_speed_lr5e4_rank2__k1_2_4_6_8_10_12_14_16,survival_utility_controller_v4b_rankgroup_speed_lr5e4_rank2,k1_2_4_6_8_10_12_14_16
slow_fast,ngram_sd,7,85,results/apexp_block/config_large_500/evaluation/paper_cap50/apex_hot_runs/survival_utility_controller_v4b_rankgroup_speed_lr5e4_rank2__k1_2_4_6_8_10_12_14_16,survival_utility_controller_v4b_rankgroup_speed_lr5e4_rank2__k1_2_4_6_8_10_12_14_16,survival_utility_controller_v4b_rankgroup_speed_lr5e4_rank2,k1_2_4_6_8_10_12_14_16
slow_fast,ngram_sd,8,14242,results/apexp_block/config_large_500/evaluation/paper_cap50/apex_hot_runs/survival_utility_controller_v4b_rankgroup_speed_lr5e4_rank2__k1_2_4_6_8_10_12_14_16,survival_utility_controller_v4b_rankgroup_speed_lr5e4_rank2__k1_2_4_6_8_10_12_14_16,survival_utility_controller_v4b_rankgroup_speed_lr5e4_rank2,k1_2_4_6_8_10_12_14_16
slow_fast,ngram_sd,9,66,results/apexp_block/config_large_500/evaluation/paper_cap50/apex_hot_runs/survival_utility_controller_v4b_rankgroup_speed_lr5e4_rank2__k1_2_4_6_8_10_12_14_16,survival_utility_controller_v4b_rankgroup_speed_lr5e4_rank2__k1_2_4_6_8_10_12_14_16,survival_utility_controller_v4b_rankgroup_speed_lr5e4_rank2,k1_2_4_6_8_10_12_14_16
slow_fast,ngram_sd,10,16410,results/apexp_block/config_large_500/evaluation/paper_cap50/apex_hot_runs/survival_utility_controller_v4b_rankgroup_speed_lr5e4_rank2__k1_2_4_6_8_10_12_14_16,survival_utility_controller_v4b_rankgroup_speed_lr5e4_rank2__k1_2_4_6_8_10_12_14_16,survival_utility_controller_v4b_rankgroup_speed_lr5e4_rank2,k1_2_4_6_8_10_12_14_16
slow_fast,ngram_sd,11,23,results/apexp_block/config_large_500/evaluation/paper_cap50/apex_hot_runs/survival_utility_controller_v4b_rankgroup_speed_lr5e4_rank2__k1_2_4_6_8_10_12_14_16,survival_utility_controller_v4b_rankgroup_speed_lr5e4_rank2__k1_2_4_6_8_10_12_14_16,survival_utility_controller_v4b_rankgroup_speed_lr5e4_rank2,k1_2_4_6_8_10_12_14_16
slow_fast,ngram_sd,12,7211,results/apexp_block/config_large_500/evaluation/paper_cap50/apex_hot_runs/survival_utility_controller_v4b_rankgroup_speed_lr5e4_rank2__k1_2_4_6_8_10_12_14_16,survival_utility_controller_v4b_rankgroup_speed_lr5e4_rank2__k1_2_4_6_8_10_12_14_16,survival_utility_controller_v4b_rankgroup_speed_lr5e4_rank2,k1_2_4_6_8_10_12_14_16
slow_fast,ngram_sd,13,7,results/apexp_block/config_large_500/evaluation/paper_cap50/apex_hot_runs/survival_utility_controller_v4b_rankgroup_speed_lr5e4_rank2__k1_2_4_6_8_10_12_14_16,survival_utility_controller_v4b_rankgroup_speed_lr5e4_rank2__k1_2_4_6_8_10_12_14_16,survival_utility_controller_v4b_rankgroup_speed_lr5e4_rank2,k1_2_4_6_8_10_12_14_16
slow_fast,ngram_sd,14,4105,results/apexp_block/config_large_500/evaluation/paper_cap50/apex_hot_runs/survival_utility_controller_v4b_rankgroup_speed_lr5e4_rank2__k1_2_4_6_8_10_12_14_16,survival_utility_controller_v4b_rankgroup_speed_lr5e4_rank2__k1_2_4_6_8_10_12_14_16,survival_utility_controller_v4b_rankgroup_speed_lr5e4_rank2,k1_2_4_6_8_10_12_14_16
slow_fast,ngram_sd,15,8,results/apexp_block/config_large_500/evaluation/paper_cap50/apex_hot_runs/survival_utility_controller_v4b_rankgroup_speed_lr5e4_rank2__k1_2_4_6_8_10_12_14_16,survival_utility_controller_v4b_rankgroup_speed_lr5e4_rank2__k1_2_4_6_8_10_12_14_16,survival_utility_controller_v4b_rankgroup_speed_lr5e4_rank2,k1_2_4_6_8_10_12_14_16
slow_fast,ngram_sd,16,5510,results/apexp_block/config_large_500/evaluation/paper_cap50/apex_hot_runs/survival_utility_controller_v4b_rankgroup_speed_lr5e4_rank2__k1_2_4_6_8_10_12_14_16,survival_utility_controller_v4b_rankgroup_speed_lr5e4_rank2__k1_2_4_6_8_10_12_14_16,survival_utility_controller_v4b_rankgroup_speed_lr5e4_rank2,k1_2_4_6_8_10_12_14_16
slow_only,eagle3,2,2848,results/apexp_block/config_large_500/evaluation/paper_cap50/apex_hot_runs/survival_utility_controller_v4b_rankgroup_speed_lr5e4_rank2__k1_2_4_6_8_10_12_14_16,survival_utility_controller_v4b_rankgroup_speed_lr5e4_rank2__k1_2_4_6_8_10_12_14_16,survival_utility_controller_v4b_rankgroup_speed_lr5e4_rank2,k1_2_4_6_8_10_12_14_16
slow_only,eagle3,4,1863,results/apexp_block/config_large_500/evaluation/paper_cap50/apex_hot_runs/survival_utility_controller_v4b_rankgroup_speed_lr5e4_rank2__k1_2_4_6_8_10_12_14_16,survival_utility_controller_v4b_rankgroup_speed_lr5e4_rank2__k1_2_4_6_8_10_12_14_16,survival_utility_controller_v4b_rankgroup_speed_lr5e4_rank2,k1_2_4_6_8_10_12_14_16
slow_only,eagle3,8,984,results/apexp_block/config_large_500/evaluation/paper_cap50/apex_hot_runs/survival_utility_controller_v4b_rankgroup_speed_lr5e4_rank2__k1_2_4_6_8_10_12_14_16,survival_utility_controller_v4b_rankgroup_speed_lr5e4_rank2__k1_2_4_6_8_10_12_14_16,survival_utility_controller_v4b_rankgroup_speed_lr5e4_rank2,k1_2_4_6_8_10_12_14_16
slow_only,eagle3,16,9569,results/apexp_block/config_large_500/evaluation/paper_cap50/apex_hot_runs/survival_utility_controller_v4b_rankgroup_speed_lr5e4_rank2__k1_2_4_6_8_10_12_14_16,survival_utility_controller_v4b_rankgroup_speed_lr5e4_rank2__k1_2_4_6_8_10_12_14_16,survival_utility_controller_v4b_rankgroup_speed_lr5e4_rank2,k1_2_4_6_8_10_12_14_16
slow_only,ngram_sd,1,38,results/apexp_block/config_large_500/evaluation/paper_cap50/apex_hot_runs/survival_utility_controller_v4b_rankgroup_speed_lr5e4_rank2__k1_2_4_6_8_10_12_14_16,survival_utility_controller_v4b_rankgroup_speed_lr5e4_rank2__k1_2_4_6_8_10_12_14_16,survival_utility_controller_v4b_rankgroup_speed_lr5e4_rank2,k1_2_4_6_8_10_12_14_16
slow_only,ngram_sd,2,1577,results/apexp_block/config_large_500/evaluation/paper_cap50/apex_hot_runs/survival_utility_controller_v4b_rankgroup_speed_lr5e4_rank2__k1_2_4_6_8_10_12_14_16,survival_utility_controller_v4b_rankgroup_speed_lr5e4_rank2__k1_2_4_6_8_10_12_14_16,survival_utility_controller_v4b_rankgroup_speed_lr5e4_rank2,k1_2_4_6_8_10_12_14_16
slow_only,ngram_sd,3,96,results/apexp_block/config_large_500/evaluation/paper_cap50/apex_hot_runs/survival_utility_controller_v4b_rankgroup_speed_lr5e4_rank2__k1_2_4_6_8_10_12_14_16,survival_utility_controller_v4b_rankgroup_speed_lr5e4_rank2__k1_2_4_6_8_10_12_14_16,survival_utility_controller_v4b_rankgroup_speed_lr5e4_rank2,k1_2_4_6_8_10_12_14_16
slow_only,ngram_sd,4,1229,results/apexp_block/config_large_500/evaluation/paper_cap50/apex_hot_runs/survival_utility_controller_v4b_rankgroup_speed_lr5e4_rank2__k1_2_4_6_8_10_12_14_16,survival_utility_controller_v4b_rankgroup_speed_lr5e4_rank2__k1_2_4_6_8_10_12_14_16,survival_utility_controller_v4b_rankgroup_speed_lr5e4_rank2,k1_2_4_6_8_10_12_14_16
slow_only,ngram_sd,5,135,results/apexp_block/config_large_500/evaluation/paper_cap50/apex_hot_runs/survival_utility_controller_v4b_rankgroup_speed_lr5e4_rank2__k1_2_4_6_8_10_12_14_16,survival_utility_controller_v4b_rankgroup_speed_lr5e4_rank2__k1_2_4_6_8_10_12_14_16,survival_utility_controller_v4b_rankgroup_speed_lr5e4_rank2,k1_2_4_6_8_10_12_14_16
slow_only,ngram_sd,6,183,results/apexp_block/config_large_500/evaluation/paper_cap50/apex_hot_runs/survival_utility_controller_v4b_rankgroup_speed_lr5e4_rank2__k1_2_4_6_8_10_12_14_16,survival_utility_controller_v4b_rankgroup_speed_lr5e4_rank2__k1_2_4_6_8_10_12_14_16,survival_utility_controller_v4b_rankgroup_speed_lr5e4_rank2,k1_2_4_6_8_10_12_14_16
slow_only,ngram_sd,7,186,results/apexp_block/config_large_500/evaluation/paper_cap50/apex_hot_runs/survival_utility_controller_v4b_rankgroup_speed_lr5e4_rank2__k1_2_4_6_8_10_12_14_16,survival_utility_controller_v4b_rankgroup_speed_lr5e4_rank2__k1_2_4_6_8_10_12_14_16,survival_utility_controller_v4b_rankgroup_speed_lr5e4_rank2,k1_2_4_6_8_10_12_14_16
slow_only,ngram_sd,8,1268,results/apexp_block/config_large_500/evaluation/paper_cap50/apex_hot_runs/survival_utility_controller_v4b_rankgroup_speed_lr5e4_rank2__k1_2_4_6_8_10_12_14_16,survival_utility_controller_v4b_rankgroup_speed_lr5e4_rank2__k1_2_4_6_8_10_12_14_16,survival_utility_controller_v4b_rankgroup_speed_lr5e4_rank2,k1_2_4_6_8_10_12_14_16
slow_only,ngram_sd,9,193,results/apexp_block/config_large_500/evaluation/paper_cap50/apex_hot_runs/survival_utility_controller_v4b_rankgroup_speed_lr5e4_rank2__k1_2_4_6_8_10_12_14_16,survival_utility_controller_v4b_rankgroup_speed_lr5e4_rank2__k1_2_4_6_8_10_12_14_16,survival_utility_controller_v4b_rankgroup_speed_lr5e4_rank2,k1_2_4_6_8_10_12_14_16
slow_only,ngram_sd,10,233,results/apexp_block/config_large_500/evaluation/paper_cap50/apex_hot_runs/survival_utility_controller_v4b_rankgroup_speed_lr5e4_rank2__k1_2_4_6_8_10_12_14_16,survival_utility_controller_v4b_rankgroup_speed_lr5e4_rank2__k1_2_4_6_8_10_12_14_16,survival_utility_controller_v4b_rankgroup_speed_lr5e4_rank2,k1_2_4_6_8_10_12_14_16
slow_only,ngram_sd,11,204,results/apexp_block/config_large_500/evaluation/paper_cap50/apex_hot_runs/survival_utility_controller_v4b_rankgroup_speed_lr5e4_rank2__k1_2_4_6_8_10_12_14_16,survival_utility_controller_v4b_rankgroup_speed_lr5e4_rank2__k1_2_4_6_8_10_12_14_16,survival_utility_controller_v4b_rankgroup_speed_lr5e4_rank2,k1_2_4_6_8_10_12_14_16
slow_only,ngram_sd,12,243,results/apexp_block/config_large_500/evaluation/paper_cap50/apex_hot_runs/survival_utility_controller_v4b_rankgroup_speed_lr5e4_rank2__k1_2_4_6_8_10_12_14_16,survival_utility_controller_v4b_rankgroup_speed_lr5e4_rank2__k1_2_4_6_8_10_12_14_16,survival_utility_controller_v4b_rankgroup_speed_lr5e4_rank2,k1_2_4_6_8_10_12_14_16
slow_only,ngram_sd,13,200,results/apexp_block/config_large_500/evaluation/paper_cap50/apex_hot_runs/survival_utility_controller_v4b_rankgroup_speed_lr5e4_rank2__k1_2_4_6_8_10_12_14_16,survival_utility_controller_v4b_rankgroup_speed_lr5e4_rank2__k1_2_4_6_8_10_12_14_16,survival_utility_controller_v4b_rankgroup_speed_lr5e4_rank2,k1_2_4_6_8_10_12_14_16
slow_only,ngram_sd,14,219,results/apexp_block/config_large_500/evaluation/paper_cap50/apex_hot_runs/survival_utility_controller_v4b_rankgroup_speed_lr5e4_rank2__k1_2_4_6_8_10_12_14_16,survival_utility_controller_v4b_rankgroup_speed_lr5e4_rank2__k1_2_4_6_8_10_12_14_16,survival_utility_controller_v4b_rankgroup_speed_lr5e4_rank2,k1_2_4_6_8_10_12_14_16
slow_only,ngram_sd,15,196,results/apexp_block/config_large_500/evaluation/paper_cap50/apex_hot_runs/survival_utility_controller_v4b_rankgroup_speed_lr5e4_rank2__k1_2_4_6_8_10_12_14_16,survival_utility_controller_v4b_rankgroup_speed_lr5e4_rank2__k1_2_4_6_8_10_12_14_16,survival_utility_controller_v4b_rankgroup_speed_lr5e4_rank2,k1_2_4_6_8_10_12_14_16
slow_only,ngram_sd,16,88386,results/apexp_block/config_large_500/evaluation/paper_cap50/apex_hot_runs/survival_utility_controller_v4b_rankgroup_speed_lr5e4_rank2__k1_2_4_6_8_10_12_14_16,survival_utility_controller_v4b_rankgroup_speed_lr5e4_rank2__k1_2_4_6_8_10_12_14_16,survival_utility_controller_v4b_rankgroup_speed_lr5e4_rank2,k1_2_4_6_8_10_12_14_16
slow_fast,eagle3,1,983,results/apexp_block/config_large_500/evaluation/paper_cap50/apex_hot_runs/survival_utility_controller_v4b_rankgroup_speed_lr5e4_rank2__k1_2_4_8_16,survival_utility_controller_v4b_rankgroup_speed_lr5e4_rank2__k1_2_4_8_16,survival_utility_controller_v4b_rankgroup_speed_lr5e4_rank2,k1_2_4_8_16
slow_fast,eagle3,2,12861,results/apexp_block/config_large_500/evaluation/paper_cap50/apex_hot_runs/survival_utility_controller_v4b_rankgroup_speed_lr5e4_rank2__k1_2_4_8_16,survival_utility_controller_v4b_rankgroup_speed_lr5e4_rank2__k1_2_4_8_16,survival_utility_controller_v4b_rankgroup_speed_lr5e4_rank2,k1_2_4_8_16
slow_fast,eagle3,4,1366,results/apexp_block/config_large_500/evaluation/paper_cap50/apex_hot_runs/survival_utility_controller_v4b_rankgroup_speed_lr5e4_rank2__k1_2_4_8_16,survival_utility_controller_v4b_rankgroup_speed_lr5e4_rank2__k1_2_4_8_16,survival_utility_controller_v4b_rankgroup_speed_lr5e4_rank2,k1_2_4_8_16
slow_fast,eagle3,8,6,results/apexp_block/config_large_500/evaluation/paper_cap50/apex_hot_runs/survival_utility_controller_v4b_rankgroup_speed_lr5e4_rank2__k1_2_4_8_16,survival_utility_controller_v4b_rankgroup_speed_lr5e4_rank2__k1_2_4_8_16,survival_utility_controller_v4b_rankgroup_speed_lr5e4_rank2,k1_2_4_8_16
slow_fast,eagle3,16,60,results/apexp_block/config_large_500/evaluation/paper_cap50/apex_hot_runs/survival_utility_controller_v4b_rankgroup_speed_lr5e4_rank2__k1_2_4_8_16,survival_utility_controller_v4b_rankgroup_speed_lr5e4_rank2__k1_2_4_8_16,survival_utility_controller_v4b_rankgroup_speed_lr5e4_rank2,k1_2_4_8_16
slow_fast,ngram_sd,1,775,results/apexp_block/config_large_500/evaluation/paper_cap50/apex_hot_runs/survival_utility_controller_v4b_rankgroup_speed_lr5e4_rank2__k1_2_4_8_16,survival_utility_controller_v4b_rankgroup_speed_lr5e4_rank2__k1_2_4_8_16,survival_utility_controller_v4b_rankgroup_speed_lr5e4_rank2,k1_2_4_8_16
slow_fast,ngram_sd,2,4540,results/apexp_block/config_large_500/evaluation/paper_cap50/apex_hot_runs/survival_utility_controller_v4b_rankgroup_speed_lr5e4_rank2__k1_2_4_8_16,survival_utility_controller_v4b_rankgroup_speed_lr5e4_rank2__k1_2_4_8_16,survival_utility_controller_v4b_rankgroup_speed_lr5e4_rank2,k1_2_4_8_16
slow_fast,ngram_sd,3,92,results/apexp_block/config_large_500/evaluation/paper_cap50/apex_hot_runs/survival_utility_controller_v4b_rankgroup_speed_lr5e4_rank2__k1_2_4_8_16,survival_utility_controller_v4b_rankgroup_speed_lr5e4_rank2__k1_2_4_8_16,survival_utility_controller_v4b_rankgroup_speed_lr5e4_rank2,k1_2_4_8_16
slow_fast,ngram_sd,4,38710,results/apexp_block/config_large_500/evaluation/paper_cap50/apex_hot_runs/survival_utility_controller_v4b_rankgroup_speed_lr5e4_rank2__k1_2_4_8_16,survival_utility_controller_v4b_rankgroup_speed_lr5e4_rank2__k1_2_4_8_16,survival_utility_controller_v4b_rankgroup_speed_lr5e4_rank2,k1_2_4_8_16
slow_fast,ngram_sd,5,84,results/apexp_block/config_large_500/evaluation/paper_cap50/apex_hot_runs/survival_utility_controller_v4b_rankgroup_speed_lr5e4_rank2__k1_2_4_8_16,survival_utility_controller_v4b_rankgroup_speed_lr5e4_rank2__k1_2_4_8_16,survival_utility_controller_v4b_rankgroup_speed_lr5e4_rank2,k1_2_4_8_16
slow_fast,ngram_sd,6,106,results/apexp_block/config_large_500/evaluation/paper_cap50/apex_hot_runs/survival_utility_controller_v4b_rankgroup_speed_lr5e4_rank2__k1_2_4_8_16,survival_utility_controller_v4b_rankgroup_speed_lr5e4_rank2__k1_2_4_8_16,survival_utility_controller_v4b_rankgroup_speed_lr5e4_rank2,k1_2_4_8_16
slow_fast,ngram_sd,7,97,results/apexp_block/config_large_500/evaluation/paper_cap50/apex_hot_runs/survival_utility_controller_v4b_rankgroup_speed_lr5e4_rank2__k1_2_4_8_16,survival_utility_controller_v4b_rankgroup_speed_lr5e4_rank2__k1_2_4_8_16,survival_utility_controller_v4b_rankgroup_speed_lr5e4_rank2,k1_2_4_8_16
slow_fast,ngram_sd,8,40537,results/apexp_block/config_large_500/evaluation/paper_cap50/apex_hot_runs/survival_utility_controller_v4b_rankgroup_speed_lr5e4_rank2__k1_2_4_8_16,survival_utility_controller_v4b_rankgroup_speed_lr5e4_rank2__k1_2_4_8_16,survival_utility_controller_v4b_rankgroup_speed_lr5e4_rank2,k1_2_4_8_16
slow_fast,ngram_sd,9,18,results/apexp_block/config_large_500/evaluation/paper_cap50/apex_hot_runs/survival_utility_controller_v4b_rankgroup_speed_lr5e4_rank2__k1_2_4_8_16,survival_utility_controller_v4b_rankgroup_speed_lr5e4_rank2__k1_2_4_8_16,survival_utility_controller_v4b_rankgroup_speed_lr5e4_rank2,k1_2_4_8_16
slow_fast,ngram_sd,10,23,results/apexp_block/config_large_500/evaluation/paper_cap50/apex_hot_runs/survival_utility_controller_v4b_rankgroup_speed_lr5e4_rank2__k1_2_4_8_16,survival_utility_controller_v4b_rankgroup_speed_lr5e4_rank2__k1_2_4_8_16,survival_utility_controller_v4b_rankgroup_speed_lr5e4_rank2,k1_2_4_8_16
slow_fast,ngram_sd,11,20,results/apexp_block/config_large_500/evaluation/paper_cap50/apex_hot_runs/survival_utility_controller_v4b_rankgroup_speed_lr5e4_rank2__k1_2_4_8_16,survival_utility_controller_v4b_rankgroup_speed_lr5e4_rank2__k1_2_4_8_16,survival_utility_controller_v4b_rankgroup_speed_lr5e4_rank2,k1_2_4_8_16
slow_fast,ngram_sd,12,21,results/apexp_block/config_large_500/evaluation/paper_cap50/apex_hot_runs/survival_utility_controller_v4b_rankgroup_speed_lr5e4_rank2__k1_2_4_8_16,survival_utility_controller_v4b_rankgroup_speed_lr5e4_rank2__k1_2_4_8_16,survival_utility_controller_v4b_rankgroup_speed_lr5e4_rank2,k1_2_4_8_16
slow_fast,ngram_sd,13,16,results/apexp_block/config_large_500/evaluation/paper_cap50/apex_hot_runs/survival_utility_controller_v4b_rankgroup_speed_lr5e4_rank2__k1_2_4_8_16,survival_utility_controller_v4b_rankgroup_speed_lr5e4_rank2__k1_2_4_8_16,survival_utility_controller_v4b_rankgroup_speed_lr5e4_rank2,k1_2_4_8_16
slow_fast,ngram_sd,14,25,results/apexp_block/config_large_500/evaluation/paper_cap50/apex_hot_runs/survival_utility_controller_v4b_rankgroup_speed_lr5e4_rank2__k1_2_4_8_16,survival_utility_controller_v4b_rankgroup_speed_lr5e4_rank2__k1_2_4_8_16,survival_utility_controller_v4b_rankgroup_speed_lr5e4_rank2,k1_2_4_8_16
slow_fast,ngram_sd,15,23,results/apexp_block/config_large_500/evaluation/paper_cap50/apex_hot_runs/survival_utility_controller_v4b_rankgroup_speed_lr5e4_rank2__k1_2_4_8_16,survival_utility_controller_v4b_rankgroup_speed_lr5e4_rank2__k1_2_4_8_16,survival_utility_controller_v4b_rankgroup_speed_lr5e4_rank2,k1_2_4_8_16
slow_fast,ngram_sd,16,13384,results/apexp_block/config_large_500/evaluation/paper_cap50/apex_hot_runs/survival_utility_controller_v4b_rankgroup_speed_lr5e4_rank2__k1_2_4_8_16,survival_utility_controller_v4b_rankgroup_speed_lr5e4_rank2__k1_2_4_8_16,survival_utility_controller_v4b_rankgroup_speed_lr5e4_rank2,k1_2_4_8_16
slow_only,eagle3,2,2848,results/apexp_block/config_large_500/evaluation/paper_cap50/apex_hot_runs/survival_utility_controller_v4b_rankgroup_speed_lr5e4_rank2__k1_2_4_8_16,survival_utility_controller_v4b_rankgroup_speed_lr5e4_rank2__k1_2_4_8_16,survival_utility_controller_v4b_rankgroup_speed_lr5e4_rank2,k1_2_4_8_16
slow_only,eagle3,4,1863,results/apexp_block/config_large_500/evaluation/paper_cap50/apex_hot_runs/survival_utility_controller_v4b_rankgroup_speed_lr5e4_rank2__k1_2_4_8_16,survival_utility_controller_v4b_rankgroup_speed_lr5e4_rank2__k1_2_4_8_16,survival_utility_controller_v4b_rankgroup_speed_lr5e4_rank2,k1_2_4_8_16
slow_only,eagle3,8,984,results/apexp_block/config_large_500/evaluation/paper_cap50/apex_hot_runs/survival_utility_controller_v4b_rankgroup_speed_lr5e4_rank2__k1_2_4_8_16,survival_utility_controller_v4b_rankgroup_speed_lr5e4_rank2__k1_2_4_8_16,survival_utility_controller_v4b_rankgroup_speed_lr5e4_rank2,k1_2_4_8_16
slow_only,eagle3,16,9569,results/apexp_block/config_large_500/evaluation/paper_cap50/apex_hot_runs/survival_utility_controller_v4b_rankgroup_speed_lr5e4_rank2__k1_2_4_8_16,survival_utility_controller_v4b_rankgroup_speed_lr5e4_rank2__k1_2_4_8_16,survival_utility_controller_v4b_rankgroup_speed_lr5e4_rank2,k1_2_4_8_16
slow_only,ngram_sd,1,38,results/apexp_block/config_large_500/evaluation/paper_cap50/apex_hot_runs/survival_utility_controller_v4b_rankgroup_speed_lr5e4_rank2__k1_2_4_8_16,survival_utility_controller_v4b_rankgroup_speed_lr5e4_rank2__k1_2_4_8_16,survival_utility_controller_v4b_rankgroup_speed_lr5e4_rank2,k1_2_4_8_16
slow_only,ngram_sd,2,1577,results/apexp_block/config_large_500/evaluation/paper_cap50/apex_hot_runs/survival_utility_controller_v4b_rankgroup_speed_lr5e4_rank2__k1_2_4_8_16,survival_utility_controller_v4b_rankgroup_speed_lr5e4_rank2__k1_2_4_8_16,survival_utility_controller_v4b_rankgroup_speed_lr5e4_rank2,k1_2_4_8_16
slow_only,ngram_sd,3,96,results/apexp_block/config_large_500/evaluation/paper_cap50/apex_hot_runs/survival_utility_controller_v4b_rankgroup_speed_lr5e4_rank2__k1_2_4_8_16,survival_utility_controller_v4b_rankgroup_speed_lr5e4_rank2__k1_2_4_8_16,survival_utility_controller_v4b_rankgroup_speed_lr5e4_rank2,k1_2_4_8_16
slow_only,ngram_sd,4,1229,results/apexp_block/config_large_500/evaluation/paper_cap50/apex_hot_runs/survival_utility_controller_v4b_rankgroup_speed_lr5e4_rank2__k1_2_4_8_16,survival_utility_controller_v4b_rankgroup_speed_lr5e4_rank2__k1_2_4_8_16,survival_utility_controller_v4b_rankgroup_speed_lr5e4_rank2,k1_2_4_8_16
slow_only,ngram_sd,5,135,results/apexp_block/config_large_500/evaluation/paper_cap50/apex_hot_runs/survival_utility_controller_v4b_rankgroup_speed_lr5e4_rank2__k1_2_4_8_16,survival_utility_controller_v4b_rankgroup_speed_lr5e4_rank2__k1_2_4_8_16,survival_utility_controller_v4b_rankgroup_speed_lr5e4_rank2,k1_2_4_8_16
slow_only,ngram_sd,6,183,results/apexp_block/config_large_500/evaluation/paper_cap50/apex_hot_runs/survival_utility_controller_v4b_rankgroup_speed_lr5e4_rank2__k1_2_4_8_16,survival_utility_controller_v4b_rankgroup_speed_lr5e4_rank2__k1_2_4_8_16,survival_utility_controller_v4b_rankgroup_speed_lr5e4_rank2,k1_2_4_8_16
slow_only,ngram_sd,7,186,results/apexp_block/config_large_500/evaluation/paper_cap50/apex_hot_runs/survival_utility_controller_v4b_rankgroup_speed_lr5e4_rank2__k1_2_4_8_16,survival_utility_controller_v4b_rankgroup_speed_lr5e4_rank2__k1_2_4_8_16,survival_utility_controller_v4b_rankgroup_speed_lr5e4_rank2,k1_2_4_8_16
slow_only,ngram_sd,8,1268,results/apexp_block/config_large_500/evaluation/paper_cap50/apex_hot_runs/survival_utility_controller_v4b_rankgroup_speed_lr5e4_rank2__k1_2_4_8_16,survival_utility_controller_v4b_rankgroup_speed_lr5e4_rank2__k1_2_4_8_16,survival_utility_controller_v4b_rankgroup_speed_lr5e4_rank2,k1_2_4_8_16
slow_only,ngram_sd,9,193,results/apexp_block/config_large_500/evaluation/paper_cap50/apex_hot_runs/survival_utility_controller_v4b_rankgroup_speed_lr5e4_rank2__k1_2_4_8_16,survival_utility_controller_v4b_rankgroup_speed_lr5e4_rank2__k1_2_4_8_16,survival_utility_controller_v4b_rankgroup_speed_lr5e4_rank2,k1_2_4_8_16
slow_only,ngram_sd,10,233,results/apexp_block/config_large_500/evaluation/paper_cap50/apex_hot_runs/survival_utility_controller_v4b_rankgroup_speed_lr5e4_rank2__k1_2_4_8_16,survival_utility_controller_v4b_rankgroup_speed_lr5e4_rank2__k1_2_4_8_16,survival_utility_controller_v4b_rankgroup_speed_lr5e4_rank2,k1_2_4_8_16
slow_only,ngram_sd,11,204,results/apexp_block/config_large_500/evaluation/paper_cap50/apex_hot_runs/survival_utility_controller_v4b_rankgroup_speed_lr5e4_rank2__k1_2_4_8_16,survival_utility_controller_v4b_rankgroup_speed_lr5e4_rank2__k1_2_4_8_16,survival_utility_controller_v4b_rankgroup_speed_lr5e4_rank2,k1_2_4_8_16
slow_only,ngram_sd,12,243,results/apexp_block/config_large_500/evaluation/paper_cap50/apex_hot_runs/survival_utility_controller_v4b_rankgroup_speed_lr5e4_rank2__k1_2_4_8_16,survival_utility_controller_v4b_rankgroup_speed_lr5e4_rank2__k1_2_4_8_16,survival_utility_controller_v4b_rankgroup_speed_lr5e4_rank2,k1_2_4_8_16
slow_only,ngram_sd,13,200,results/apexp_block/config_large_500/evaluation/paper_cap50/apex_hot_runs/survival_utility_controller_v4b_rankgroup_speed_lr5e4_rank2__k1_2_4_8_16,survival_utility_controller_v4b_rankgroup_speed_lr5e4_rank2__k1_2_4_8_16,survival_utility_controller_v4b_rankgroup_speed_lr5e4_rank2,k1_2_4_8_16
slow_only,ngram_sd,14,219,results/apexp_block/config_large_500/evaluation/paper_cap50/apex_hot_runs/survival_utility_controller_v4b_rankgroup_speed_lr5e4_rank2__k1_2_4_8_16,survival_utility_controller_v4b_rankgroup_speed_lr5e4_rank2__k1_2_4_8_16,survival_utility_controller_v4b_rankgroup_speed_lr5e4_rank2,k1_2_4_8_16
slow_only,ngram_sd,15,196,results/apexp_block/config_large_500/evaluation/paper_cap50/apex_hot_runs/survival_utility_controller_v4b_rankgroup_speed_lr5e4_rank2__k1_2_4_8_16,survival_utility_controller_v4b_rankgroup_speed_lr5e4_rank2__k1_2_4_8_16,survival_utility_controller_v4b_rankgroup_speed_lr5e4_rank2,k1_2_4_8_16
slow_only,ngram_sd,16,88386,results/apexp_block/config_large_500/evaluation/paper_cap50/apex_hot_runs/survival_utility_controller_v4b_rankgroup_speed_lr5e4_rank2__k1_2_4_8_16,survival_utility_controller_v4b_rankgroup_speed_lr5e4_rank2__k1_2_4_8_16,survival_utility_controller_v4b_rankgroup_speed_lr5e4_rank2,k1_2_4_8_16
slow_fast,eagle3,1,983,results/apexp_block/config_large_500/evaluation/paper_cap50/apex_hot_runs/survival_utility_controller_v4b_rankgroup_speed_lr5e4_rank2__k1_to_16,survival_utility_controller_v4b_rankgroup_speed_lr5e4_rank2__k1_to_16,survival_utility_controller_v4b_rankgroup_speed_lr5e4_rank2,k1_to_16
slow_fast,eagle3,2,10018,results/apexp_block/config_large_500/evaluation/paper_cap50/apex_hot_runs/survival_utility_controller_v4b_rankgroup_speed_lr5e4_rank2__k1_to_16,survival_utility_controller_v4b_rankgroup_speed_lr5e4_rank2__k1_to_16,survival_utility_controller_v4b_rankgroup_speed_lr5e4_rank2,k1_to_16
slow_fast,eagle3,3,4192,results/apexp_block/config_large_500/evaluation/paper_cap50/apex_hot_runs/survival_utility_controller_v4b_rankgroup_speed_lr5e4_rank2__k1_to_16,survival_utility_controller_v4b_rankgroup_speed_lr5e4_rank2__k1_to_16,survival_utility_controller_v4b_rankgroup_speed_lr5e4_rank2,k1_to_16
slow_fast,eagle3,4,14,results/apexp_block/config_large_500/evaluation/paper_cap50/apex_hot_runs/survival_utility_controller_v4b_rankgroup_speed_lr5e4_rank2__k1_to_16,survival_utility_controller_v4b_rankgroup_speed_lr5e4_rank2__k1_to_16,survival_utility_controller_v4b_rankgroup_speed_lr5e4_rank2,k1_to_16
slow_fast,eagle3,5,1,results/apexp_block/config_large_500/evaluation/paper_cap50/apex_hot_runs/survival_utility_controller_v4b_rankgroup_speed_lr5e4_rank2__k1_to_16,survival_utility_controller_v4b_rankgroup_speed_lr5e4_rank2__k1_to_16,survival_utility_controller_v4b_rankgroup_speed_lr5e4_rank2,k1_to_16
slow_fast,eagle3,8,6,results/apexp_block/config_large_500/evaluation/paper_cap50/apex_hot_runs/survival_utility_controller_v4b_rankgroup_speed_lr5e4_rank2__k1_to_16,survival_utility_controller_v4b_rankgroup_speed_lr5e4_rank2__k1_to_16,survival_utility_controller_v4b_rankgroup_speed_lr5e4_rank2,k1_to_16
slow_fast,eagle3,16,60,results/apexp_block/config_large_500/evaluation/paper_cap50/apex_hot_runs/survival_utility_controller_v4b_rankgroup_speed_lr5e4_rank2__k1_to_16,survival_utility_controller_v4b_rankgroup_speed_lr5e4_rank2__k1_to_16,survival_utility_controller_v4b_rankgroup_speed_lr5e4_rank2,k1_to_16
slow_fast,ngram_sd,1,915,results/apexp_block/config_large_500/evaluation/paper_cap50/apex_hot_runs/survival_utility_controller_v4b_rankgroup_speed_lr5e4_rank2__k1_to_16,survival_utility_controller_v4b_rankgroup_speed_lr5e4_rank2__k1_to_16,survival_utility_controller_v4b_rankgroup_speed_lr5e4_rank2,k1_to_16
slow_fast,ngram_sd,2,1635,results/apexp_block/config_large_500/evaluation/paper_cap50/apex_hot_runs/survival_utility_controller_v4b_rankgroup_speed_lr5e4_rank2__k1_to_16,survival_utility_controller_v4b_rankgroup_speed_lr5e4_rank2__k1_to_16,survival_utility_controller_v4b_rankgroup_speed_lr5e4_rank2,k1_to_16
slow_fast,ngram_sd,3,7962,results/apexp_block/config_large_500/evaluation/paper_cap50/apex_hot_runs/survival_utility_controller_v4b_rankgroup_speed_lr5e4_rank2__k1_to_16,survival_utility_controller_v4b_rankgroup_speed_lr5e4_rank2__k1_to_16,survival_utility_controller_v4b_rankgroup_speed_lr5e4_rank2,k1_to_16
slow_fast,ngram_sd,4,18128,results/apexp_block/config_large_500/evaluation/paper_cap50/apex_hot_runs/survival_utility_controller_v4b_rankgroup_speed_lr5e4_rank2__k1_to_16,survival_utility_controller_v4b_rankgroup_speed_lr5e4_rank2__k1_to_16,survival_utility_controller_v4b_rankgroup_speed_lr5e4_rank2,k1_to_16
slow_fast,ngram_sd,5,12410,results/apexp_block/config_large_500/evaluation/paper_cap50/apex_hot_runs/survival_utility_controller_v4b_rankgroup_speed_lr5e4_rank2__k1_to_16,survival_utility_controller_v4b_rankgroup_speed_lr5e4_rank2__k1_to_16,survival_utility_controller_v4b_rankgroup_speed_lr5e4_rank2,k1_to_16
slow_fast,ngram_sd,6,6817,results/apexp_block/config_large_500/evaluation/paper_cap50/apex_hot_runs/survival_utility_controller_v4b_rankgroup_speed_lr5e4_rank2__k1_to_16,survival_utility_controller_v4b_rankgroup_speed_lr5e4_rank2__k1_to_16,survival_utility_controller_v4b_rankgroup_speed_lr5e4_rank2,k1_to_16
slow_fast,ngram_sd,7,5801,results/apexp_block/config_large_500/evaluation/paper_cap50/apex_hot_runs/survival_utility_controller_v4b_rankgroup_speed_lr5e4_rank2__k1_to_16,survival_utility_controller_v4b_rankgroup_speed_lr5e4_rank2__k1_to_16,survival_utility_controller_v4b_rankgroup_speed_lr5e4_rank2,k1_to_16
slow_fast,ngram_sd,8,6659,results/apexp_block/config_large_500/evaluation/paper_cap50/apex_hot_runs/survival_utility_controller_v4b_rankgroup_speed_lr5e4_rank2__k1_to_16,survival_utility_controller_v4b_rankgroup_speed_lr5e4_rank2__k1_to_16,survival_utility_controller_v4b_rankgroup_speed_lr5e4_rank2,k1_to_16
slow_fast,ngram_sd,9,9149,results/apexp_block/config_large_500/evaluation/paper_cap50/apex_hot_runs/survival_utility_controller_v4b_rankgroup_speed_lr5e4_rank2__k1_to_16,survival_utility_controller_v4b_rankgroup_speed_lr5e4_rank2__k1_to_16,survival_utility_controller_v4b_rankgroup_speed_lr5e4_rank2,k1_to_16
slow_fast,ngram_sd,10,7982,results/apexp_block/config_large_500/evaluation/paper_cap50/apex_hot_runs/survival_utility_controller_v4b_rankgroup_speed_lr5e4_rank2__k1_to_16,survival_utility_controller_v4b_rankgroup_speed_lr5e4_rank2__k1_to_16,survival_utility_controller_v4b_rankgroup_speed_lr5e4_rank2,k1_to_16
slow_fast,ngram_sd,11,6453,results/apexp_block/config_large_500/evaluation/paper_cap50/apex_hot_runs/survival_utility_controller_v4b_rankgroup_speed_lr5e4_rank2__k1_to_16,survival_utility_controller_v4b_rankgroup_speed_lr5e4_rank2__k1_to_16,survival_utility_controller_v4b_rankgroup_speed_lr5e4_rank2,k1_to_16
slow_fast,ngram_sd,12,3414,results/apexp_block/config_large_500/evaluation/paper_cap50/apex_hot_runs/survival_utility_controller_v4b_rankgroup_speed_lr5e4_rank2__k1_to_16,survival_utility_controller_v4b_rankgroup_speed_lr5e4_rank2__k1_to_16,survival_utility_controller_v4b_rankgroup_speed_lr5e4_rank2,k1_to_16
slow_fast,ngram_sd,13,2440,results/apexp_block/config_large_500/evaluation/paper_cap50/apex_hot_runs/survival_utility_controller_v4b_rankgroup_speed_lr5e4_rank2__k1_to_16,survival_utility_controller_v4b_rankgroup_speed_lr5e4_rank2__k1_to_16,survival_utility_controller_v4b_rankgroup_speed_lr5e4_rank2,k1_to_16
slow_fast,ngram_sd,14,1800,results/apexp_block/config_large_500/evaluation/paper_cap50/apex_hot_runs/survival_utility_controller_v4b_rankgroup_speed_lr5e4_rank2__k1_to_16,survival_utility_controller_v4b_rankgroup_speed_lr5e4_rank2__k1_to_16,survival_utility_controller_v4b_rankgroup_speed_lr5e4_rank2,k1_to_16
slow_fast,ngram_sd,15,1997,results/apexp_block/config_large_500/evaluation/paper_cap50/apex_hot_runs/survival_utility_controller_v4b_rankgroup_speed_lr5e4_rank2__k1_to_16,survival_utility_controller_v4b_rankgroup_speed_lr5e4_rank2__k1_to_16,survival_utility_controller_v4b_rankgroup_speed_lr5e4_rank2,k1_to_16
slow_fast,ngram_sd,16,4530,results/apexp_block/config_large_500/evaluation/paper_cap50/apex_hot_runs/survival_utility_controller_v4b_rankgroup_speed_lr5e4_rank2__k1_to_16,survival_utility_controller_v4b_rankgroup_speed_lr5e4_rank2__k1_to_16,survival_utility_controller_v4b_rankgroup_speed_lr5e4_rank2,k1_to_16
slow_only,eagle3,2,2848,results/apexp_block/config_large_500/evaluation/paper_cap50/apex_hot_runs/survival_utility_controller_v4b_rankgroup_speed_lr5e4_rank2__k1_to_16,survival_utility_controller_v4b_rankgroup_speed_lr5e4_rank2__k1_to_16,survival_utility_controller_v4b_rankgroup_speed_lr5e4_rank2,k1_to_16
slow_only,eagle3,4,1863,results/apexp_block/config_large_500/evaluation/paper_cap50/apex_hot_runs/survival_utility_controller_v4b_rankgroup_speed_lr5e4_rank2__k1_to_16,survival_utility_controller_v4b_rankgroup_speed_lr5e4_rank2__k1_to_16,survival_utility_controller_v4b_rankgroup_speed_lr5e4_rank2,k1_to_16
slow_only,eagle3,8,984,results/apexp_block/config_large_500/evaluation/paper_cap50/apex_hot_runs/survival_utility_controller_v4b_rankgroup_speed_lr5e4_rank2__k1_to_16,survival_utility_controller_v4b_rankgroup_speed_lr5e4_rank2__k1_to_16,survival_utility_controller_v4b_rankgroup_speed_lr5e4_rank2,k1_to_16
slow_only,eagle3,16,9569,results/apexp_block/config_large_500/evaluation/paper_cap50/apex_hot_runs/survival_utility_controller_v4b_rankgroup_speed_lr5e4_rank2__k1_to_16,survival_utility_controller_v4b_rankgroup_speed_lr5e4_rank2__k1_to_16,survival_utility_controller_v4b_rankgroup_speed_lr5e4_rank2,k1_to_16
slow_only,ngram_sd,1,38,results/apexp_block/config_large_500/evaluation/paper_cap50/apex_hot_runs/survival_utility_controller_v4b_rankgroup_speed_lr5e4_rank2__k1_to_16,survival_utility_controller_v4b_rankgroup_speed_lr5e4_rank2__k1_to_16,survival_utility_controller_v4b_rankgroup_speed_lr5e4_rank2,k1_to_16
slow_only,ngram_sd,2,1577,results/apexp_block/config_large_500/evaluation/paper_cap50/apex_hot_runs/survival_utility_controller_v4b_rankgroup_speed_lr5e4_rank2__k1_to_16,survival_utility_controller_v4b_rankgroup_speed_lr5e4_rank2__k1_to_16,survival_utility_controller_v4b_rankgroup_speed_lr5e4_rank2,k1_to_16
slow_only,ngram_sd,3,96,results/apexp_block/config_large_500/evaluation/paper_cap50/apex_hot_runs/survival_utility_controller_v4b_rankgroup_speed_lr5e4_rank2__k1_to_16,survival_utility_controller_v4b_rankgroup_speed_lr5e4_rank2__k1_to_16,survival_utility_controller_v4b_rankgroup_speed_lr5e4_rank2,k1_to_16
slow_only,ngram_sd,4,1229,results/apexp_block/config_large_500/evaluation/paper_cap50/apex_hot_runs/survival_utility_controller_v4b_rankgroup_speed_lr5e4_rank2__k1_to_16,survival_utility_controller_v4b_rankgroup_speed_lr5e4_rank2__k1_to_16,survival_utility_controller_v4b_rankgroup_speed_lr5e4_rank2,k1_to_16
slow_only,ngram_sd,5,135,results/apexp_block/config_large_500/evaluation/paper_cap50/apex_hot_runs/survival_utility_controller_v4b_rankgroup_speed_lr5e4_rank2__k1_to_16,survival_utility_controller_v4b_rankgroup_speed_lr5e4_rank2__k1_to_16,survival_utility_controller_v4b_rankgroup_speed_lr5e4_rank2,k1_to_16
slow_only,ngram_sd,6,183,results/apexp_block/config_large_500/evaluation/paper_cap50/apex_hot_runs/survival_utility_controller_v4b_rankgroup_speed_lr5e4_rank2__k1_to_16,survival_utility_controller_v4b_rankgroup_speed_lr5e4_rank2__k1_to_16,survival_utility_controller_v4b_rankgroup_speed_lr5e4_rank2,k1_to_16
slow_only,ngram_sd,7,186,results/apexp_block/config_large_500/evaluation/paper_cap50/apex_hot_runs/survival_utility_controller_v4b_rankgroup_speed_lr5e4_rank2__k1_to_16,survival_utility_controller_v4b_rankgroup_speed_lr5e4_rank2__k1_to_16,survival_utility_controller_v4b_rankgroup_speed_lr5e4_rank2,k1_to_16
slow_only,ngram_sd,8,1268,results/apexp_block/config_large_500/evaluation/paper_cap50/apex_hot_runs/survival_utility_controller_v4b_rankgroup_speed_lr5e4_rank2__k1_to_16,survival_utility_controller_v4b_rankgroup_speed_lr5e4_rank2__k1_to_16,survival_utility_controller_v4b_rankgroup_speed_lr5e4_rank2,k1_to_16
slow_only,ngram_sd,9,193,results/apexp_block/config_large_500/evaluation/paper_cap50/apex_hot_runs/survival_utility_controller_v4b_rankgroup_speed_lr5e4_rank2__k1_to_16,survival_utility_controller_v4b_rankgroup_speed_lr5e4_rank2__k1_to_16,survival_utility_controller_v4b_rankgroup_speed_lr5e4_rank2,k1_to_16
slow_only,ngram_sd,10,233,results/apexp_block/config_large_500/evaluation/paper_cap50/apex_hot_runs/survival_utility_controller_v4b_rankgroup_speed_lr5e4_rank2__k1_to_16,survival_utility_controller_v4b_rankgroup_speed_lr5e4_rank2__k1_to_16,survival_utility_controller_v4b_rankgroup_speed_lr5e4_rank2,k1_to_16
slow_only,ngram_sd,11,204,results/apexp_block/config_large_500/evaluation/paper_cap50/apex_hot_runs/survival_utility_controller_v4b_rankgroup_speed_lr5e4_rank2__k1_to_16,survival_utility_controller_v4b_rankgroup_speed_lr5e4_rank2__k1_to_16,survival_utility_controller_v4b_rankgroup_speed_lr5e4_rank2,k1_to_16
slow_only,ngram_sd,12,243,results/apexp_block/config_large_500/evaluation/paper_cap50/apex_hot_runs/survival_utility_controller_v4b_rankgroup_speed_lr5e4_rank2__k1_to_16,survival_utility_controller_v4b_rankgroup_speed_lr5e4_rank2__k1_to_16,survival_utility_controller_v4b_rankgroup_speed_lr5e4_rank2,k1_to_16
slow_only,ngram_sd,13,200,results/apexp_block/config_large_500/evaluation/paper_cap50/apex_hot_runs/survival_utility_controller_v4b_rankgroup_speed_lr5e4_rank2__k1_to_16,survival_utility_controller_v4b_rankgroup_speed_lr5e4_rank2__k1_to_16,survival_utility_controller_v4b_rankgroup_speed_lr5e4_rank2,k1_to_16
slow_only,ngram_sd,14,219,results/apexp_block/config_large_500/evaluation/paper_cap50/apex_hot_runs/survival_utility_controller_v4b_rankgroup_speed_lr5e4_rank2__k1_to_16,survival_utility_controller_v4b_rankgroup_speed_lr5e4_rank2__k1_to_16,survival_utility_controller_v4b_rankgroup_speed_lr5e4_rank2,k1_to_16
slow_only,ngram_sd,15,196,results/apexp_block/config_large_500/evaluation/paper_cap50/apex_hot_runs/survival_utility_controller_v4b_rankgroup_speed_lr5e4_rank2__k1_to_16,survival_utility_controller_v4b_rankgroup_speed_lr5e4_rank2__k1_to_16,survival_utility_controller_v4b_rankgroup_speed_lr5e4_rank2,k1_to_16
slow_only,ngram_sd,16,88386,results/apexp_block/config_large_500/evaluation/paper_cap50/apex_hot_runs/survival_utility_controller_v4b_rankgroup_speed_lr5e4_rank2__k1_to_16,survival_utility_controller_v4b_rankgroup_speed_lr5e4_rank2__k1_to_16,survival_utility_controller_v4b_rankgroup_speed_lr5e4_rank2,k1_to_16
slow_fast,eagle3,2,13832,results/apexp_block/config_large_500/evaluation/paper_cap50/apex_hot_runs/survival_utility_controller_v4b_rankgroup_speed_lr5e4_rank2__k2_4_6_8,survival_utility_controller_v4b_rankgroup_speed_lr5e4_rank2__k2_4_6_8,survival_utility_controller_v4b_rankgroup_speed_lr5e4_rank2,k2_4_6_8
slow_fast,eagle3,4,1375,results/apexp_block/config_large_500/evaluation/paper_cap50/apex_hot_runs/survival_utility_controller_v4b_rankgroup_speed_lr5e4_rank2__k2_4_6_8,survival_utility_controller_v4b_rankgroup_speed_lr5e4_rank2__k2_4_6_8,survival_utility_controller_v4b_rankgroup_speed_lr5e4_rank2,k2_4_6_8
slow_fast,eagle3,8,66,results/apexp_block/config_large_500/evaluation/paper_cap50/apex_hot_runs/survival_utility_controller_v4b_rankgroup_speed_lr5e4_rank2__k2_4_6_8,survival_utility_controller_v4b_rankgroup_speed_lr5e4_rank2__k2_4_6_8,survival_utility_controller_v4b_rankgroup_speed_lr5e4_rank2,k2_4_6_8
slow_fast,ngram_sd,1,38,results/apexp_block/config_large_500/evaluation/paper_cap50/apex_hot_runs/survival_utility_controller_v4b_rankgroup_speed_lr5e4_rank2__k2_4_6_8,survival_utility_controller_v4b_rankgroup_speed_lr5e4_rank2__k2_4_6_8,survival_utility_controller_v4b_rankgroup_speed_lr5e4_rank2,k2_4_6_8
slow_fast,ngram_sd,2,4998,results/apexp_block/config_large_500/evaluation/paper_cap50/apex_hot_runs/survival_utility_controller_v4b_rankgroup_speed_lr5e4_rank2__k2_4_6_8,survival_utility_controller_v4b_rankgroup_speed_lr5e4_rank2__k2_4_6_8,survival_utility_controller_v4b_rankgroup_speed_lr5e4_rank2,k2_4_6_8
slow_fast,ngram_sd,3,91,results/apexp_block/config_large_500/evaluation/paper_cap50/apex_hot_runs/survival_utility_controller_v4b_rankgroup_speed_lr5e4_rank2__k2_4_6_8,survival_utility_controller_v4b_rankgroup_speed_lr5e4_rank2__k2_4_6_8,survival_utility_controller_v4b_rankgroup_speed_lr5e4_rank2,k2_4_6_8
slow_fast,ngram_sd,4,32659,results/apexp_block/config_large_500/evaluation/paper_cap50/apex_hot_runs/survival_utility_controller_v4b_rankgroup_speed_lr5e4_rank2__k2_4_6_8,survival_utility_controller_v4b_rankgroup_speed_lr5e4_rank2__k2_4_6_8,survival_utility_controller_v4b_rankgroup_speed_lr5e4_rank2,k2_4_6_8
slow_fast,ngram_sd,5,91,results/apexp_block/config_large_500/evaluation/paper_cap50/apex_hot_runs/survival_utility_controller_v4b_rankgroup_speed_lr5e4_rank2__k2_4_6_8,survival_utility_controller_v4b_rankgroup_speed_lr5e4_rank2__k2_4_6_8,survival_utility_controller_v4b_rankgroup_speed_lr5e4_rank2,k2_4_6_8
slow_fast,ngram_sd,6,15530,results/apexp_block/config_large_500/evaluation/paper_cap50/apex_hot_runs/survival_utility_controller_v4b_rankgroup_speed_lr5e4_rank2__k2_4_6_8,survival_utility_controller_v4b_rankgroup_speed_lr5e4_rank2__k2_4_6_8,survival_utility_controller_v4b_rankgroup_speed_lr5e4_rank2,k2_4_6_8
slow_fast,ngram_sd,7,82,results/apexp_block/config_large_500/evaluation/paper_cap50/apex_hot_runs/survival_utility_controller_v4b_rankgroup_speed_lr5e4_rank2__k2_4_6_8,survival_utility_controller_v4b_rankgroup_speed_lr5e4_rank2__k2_4_6_8,survival_utility_controller_v4b_rankgroup_speed_lr5e4_rank2,k2_4_6_8
slow_fast,ngram_sd,8,51014,results/apexp_block/config_large_500/evaluation/paper_cap50/apex_hot_runs/survival_utility_controller_v4b_rankgroup_speed_lr5e4_rank2__k2_4_6_8,survival_utility_controller_v4b_rankgroup_speed_lr5e4_rank2__k2_4_6_8,survival_utility_controller_v4b_rankgroup_speed_lr5e4_rank2,k2_4_6_8
slow_only,eagle3,2,2848,results/apexp_block/config_large_500/evaluation/paper_cap50/apex_hot_runs/survival_utility_controller_v4b_rankgroup_speed_lr5e4_rank2__k2_4_6_8,survival_utility_controller_v4b_rankgroup_speed_lr5e4_rank2__k2_4_6_8,survival_utility_controller_v4b_rankgroup_speed_lr5e4_rank2,k2_4_6_8
slow_only,eagle3,4,1863,results/apexp_block/config_large_500/evaluation/paper_cap50/apex_hot_runs/survival_utility_controller_v4b_rankgroup_speed_lr5e4_rank2__k2_4_6_8,survival_utility_controller_v4b_rankgroup_speed_lr5e4_rank2__k2_4_6_8,survival_utility_controller_v4b_rankgroup_speed_lr5e4_rank2,k2_4_6_8
slow_only,eagle3,8,984,results/apexp_block/config_large_500/evaluation/paper_cap50/apex_hot_runs/survival_utility_controller_v4b_rankgroup_speed_lr5e4_rank2__k2_4_6_8,survival_utility_controller_v4b_rankgroup_speed_lr5e4_rank2__k2_4_6_8,survival_utility_controller_v4b_rankgroup_speed_lr5e4_rank2,k2_4_6_8
slow_only,eagle3,16,9569,results/apexp_block/config_large_500/evaluation/paper_cap50/apex_hot_runs/survival_utility_controller_v4b_rankgroup_speed_lr5e4_rank2__k2_4_6_8,survival_utility_controller_v4b_rankgroup_speed_lr5e4_rank2__k2_4_6_8,survival_utility_controller_v4b_rankgroup_speed_lr5e4_rank2,k2_4_6_8
slow_only,ngram_sd,1,38,results/apexp_block/config_large_500/evaluation/paper_cap50/apex_hot_runs/survival_utility_controller_v4b_rankgroup_speed_lr5e4_rank2__k2_4_6_8,survival_utility_controller_v4b_rankgroup_speed_lr5e4_rank2__k2_4_6_8,survival_utility_controller_v4b_rankgroup_speed_lr5e4_rank2,k2_4_6_8
slow_only,ngram_sd,2,1577,results/apexp_block/config_large_500/evaluation/paper_cap50/apex_hot_runs/survival_utility_controller_v4b_rankgroup_speed_lr5e4_rank2__k2_4_6_8,survival_utility_controller_v4b_rankgroup_speed_lr5e4_rank2__k2_4_6_8,survival_utility_controller_v4b_rankgroup_speed_lr5e4_rank2,k2_4_6_8
slow_only,ngram_sd,3,96,results/apexp_block/config_large_500/evaluation/paper_cap50/apex_hot_runs/survival_utility_controller_v4b_rankgroup_speed_lr5e4_rank2__k2_4_6_8,survival_utility_controller_v4b_rankgroup_speed_lr5e4_rank2__k2_4_6_8,survival_utility_controller_v4b_rankgroup_speed_lr5e4_rank2,k2_4_6_8
slow_only,ngram_sd,4,1229,results/apexp_block/config_large_500/evaluation/paper_cap50/apex_hot_runs/survival_utility_controller_v4b_rankgroup_speed_lr5e4_rank2__k2_4_6_8,survival_utility_controller_v4b_rankgroup_speed_lr5e4_rank2__k2_4_6_8,survival_utility_controller_v4b_rankgroup_speed_lr5e4_rank2,k2_4_6_8
slow_only,ngram_sd,5,135,results/apexp_block/config_large_500/evaluation/paper_cap50/apex_hot_runs/survival_utility_controller_v4b_rankgroup_speed_lr5e4_rank2__k2_4_6_8,survival_utility_controller_v4b_rankgroup_speed_lr5e4_rank2__k2_4_6_8,survival_utility_controller_v4b_rankgroup_speed_lr5e4_rank2,k2_4_6_8
slow_only,ngram_sd,6,183,results/apexp_block/config_large_500/evaluation/paper_cap50/apex_hot_runs/survival_utility_controller_v4b_rankgroup_speed_lr5e4_rank2__k2_4_6_8,survival_utility_controller_v4b_rankgroup_speed_lr5e4_rank2__k2_4_6_8,survival_utility_controller_v4b_rankgroup_speed_lr5e4_rank2,k2_4_6_8
slow_only,ngram_sd,7,186,results/apexp_block/config_large_500/evaluation/paper_cap50/apex_hot_runs/survival_utility_controller_v4b_rankgroup_speed_lr5e4_rank2__k2_4_6_8,survival_utility_controller_v4b_rankgroup_speed_lr5e4_rank2__k2_4_6_8,survival_utility_controller_v4b_rankgroup_speed_lr5e4_rank2,k2_4_6_8
slow_only,ngram_sd,8,1268,results/apexp_block/config_large_500/evaluation/paper_cap50/apex_hot_runs/survival_utility_controller_v4b_rankgroup_speed_lr5e4_rank2__k2_4_6_8,survival_utility_controller_v4b_rankgroup_speed_lr5e4_rank2__k2_4_6_8,survival_utility_controller_v4b_rankgroup_speed_lr5e4_rank2,k2_4_6_8
slow_only,ngram_sd,9,193,results/apexp_block/config_large_500/evaluation/paper_cap50/apex_hot_runs/survival_utility_controller_v4b_rankgroup_speed_lr5e4_rank2__k2_4_6_8,survival_utility_controller_v4b_rankgroup_speed_lr5e4_rank2__k2_4_6_8,survival_utility_controller_v4b_rankgroup_speed_lr5e4_rank2,k2_4_6_8
slow_only,ngram_sd,10,233,results/apexp_block/config_large_500/evaluation/paper_cap50/apex_hot_runs/survival_utility_controller_v4b_rankgroup_speed_lr5e4_rank2__k2_4_6_8,survival_utility_controller_v4b_rankgroup_speed_lr5e4_rank2__k2_4_6_8,survival_utility_controller_v4b_rankgroup_speed_lr5e4_rank2,k2_4_6_8
slow_only,ngram_sd,11,204,results/apexp_block/config_large_500/evaluation/paper_cap50/apex_hot_runs/survival_utility_controller_v4b_rankgroup_speed_lr5e4_rank2__k2_4_6_8,survival_utility_controller_v4b_rankgroup_speed_lr5e4_rank2__k2_4_6_8,survival_utility_controller_v4b_rankgroup_speed_lr5e4_rank2,k2_4_6_8
slow_only,ngram_sd,12,243,results/apexp_block/config_large_500/evaluation/paper_cap50/apex_hot_runs/survival_utility_controller_v4b_rankgroup_speed_lr5e4_rank2__k2_4_6_8,survival_utility_controller_v4b_rankgroup_speed_lr5e4_rank2__k2_4_6_8,survival_utility_controller_v4b_rankgroup_speed_lr5e4_rank2,k2_4_6_8
slow_only,ngram_sd,13,200,results/apexp_block/config_large_500/evaluation/paper_cap50/apex_hot_runs/survival_utility_controller_v4b_rankgroup_speed_lr5e4_rank2__k2_4_6_8,survival_utility_controller_v4b_rankgroup_speed_lr5e4_rank2__k2_4_6_8,survival_utility_controller_v4b_rankgroup_speed_lr5e4_rank2,k2_4_6_8
slow_only,ngram_sd,14,219,results/apexp_block/config_large_500/evaluation/paper_cap50/apex_hot_runs/survival_utility_controller_v4b_rankgroup_speed_lr5e4_rank2__k2_4_6_8,survival_utility_controller_v4b_rankgroup_speed_lr5e4_rank2__k2_4_6_8,survival_utility_controller_v4b_rankgroup_speed_lr5e4_rank2,k2_4_6_8
slow_only,ngram_sd,15,196,results/apexp_block/config_large_500/evaluation/paper_cap50/apex_hot_runs/survival_utility_controller_v4b_rankgroup_speed_lr5e4_rank2__k2_4_6_8,survival_utility_controller_v4b_rankgroup_speed_lr5e4_rank2__k2_4_6_8,survival_utility_controller_v4b_rankgroup_speed_lr5e4_rank2,k2_4_6_8
slow_only,ngram_sd,16,88386,results/apexp_block/config_large_500/evaluation/paper_cap50/apex_hot_runs/survival_utility_controller_v4b_rankgroup_speed_lr5e4_rank2__k2_4_6_8,survival_utility_controller_v4b_rankgroup_speed_lr5e4_rank2__k2_4_6_8,survival_utility_controller_v4b_rankgroup_speed_lr5e4_rank2,k2_4_6_8
