pool,method,workload,n_blocks,draft_tokens,accepted_tokens,rejected_tokens,mean_k,mean_accepted_len,mean_rejected,full_accept_rate,wasted_token_rate,accepted_per_block,run_root,run_name,model_variant,candidate_set,wasted_token_pct
slow_fast,eagle3,code_gen,12337,46687,950,45737,3.78430736807976,0.077004133906136,3.707303234173624,0.0004863418983545,0.9796517231777584,0.077004133906136,results/apexp_block/config_large_500/evaluation/paper_cap50/apex_hot_runs/survival_utility_controller_v4_balanced__k1_2_4_6_8_10_12_14_16,survival_utility_controller_v4_balanced__k1_2_4_6_8_10_12_14_16,survival_utility_controller_v4_balanced,k1_2_4_6_8_10_12_14_16,97.96517231777584
slow_fast,eagle3,hardware_gen,2929,9440,138,9302,3.222942983953568,0.0471150563332195,3.175827927620348,0.0,0.9853813559322034,0.0471150563332195,results/apexp_block/config_large_500/evaluation/paper_cap50/apex_hot_runs/survival_utility_controller_v4_balanced__k1_2_4_6_8_10_12_14_16,survival_utility_controller_v4_balanced__k1_2_4_6_8_10_12_14_16,survival_utility_controller_v4_balanced,k1_2_4_6_8_10_12_14_16,98.53813559322035
slow_fast,ngram_sd,code_gen,3412,42510,6909,35601,12.45896834701055,2.024912075029308,10.434056271981245,0.0978898007033997,0.8374735356386732,2.024912075029308,results/apexp_block/config_large_500/evaluation/paper_cap50/apex_hot_runs/survival_utility_controller_v4_balanced__k1_2_4_6_8_10_12_14_16,survival_utility_controller_v4_balanced__k1_2_4_6_8_10_12_14_16,survival_utility_controller_v4_balanced,k1_2_4_6_8_10_12_14_16,83.74735356386732
slow_fast,ngram_sd,conversational_generation_gen_cap50,11646,145906,9756,136150,12.528421775716984,0.8377125193199382,11.690709256397046,0.0260175167439464,0.9331350321439832,0.8377125193199382,results/apexp_block/config_large_500/evaluation/paper_cap50/apex_hot_runs/survival_utility_controller_v4_balanced__k1_2_4_6_8_10_12_14_16,survival_utility_controller_v4_balanced__k1_2_4_6_8_10_12_14_16,survival_utility_controller_v4_balanced,k1_2_4_6_8_10_12_14_16,93.31350321439832
slow_fast,ngram_sd,conversational_generation_sft_cap50,12215,151226,9485,141741,12.3803520261973,0.7765042979942693,11.603847728203029,0.0201391731477691,0.9372793038234166,0.7765042979942693,results/apexp_block/config_large_500/evaluation/paper_cap50/apex_hot_runs/survival_utility_controller_v4_balanced__k1_2_4_6_8_10_12_14_16,survival_utility_controller_v4_balanced__k1_2_4_6_8_10_12_14_16,survival_utility_controller_v4_balanced,k1_2_4_6_8_10_12_14_16,93.72793038234167
slow_fast,ngram_sd,hardware_gen,8261,110156,11777,98379,13.334463140055684,1.425614332405278,11.908848807650406,0.053020215470282,0.8930879843131558,1.425614332405278,results/apexp_block/config_large_500/evaluation/paper_cap50/apex_hot_runs/survival_utility_controller_v4_balanced__k1_2_4_6_8_10_12_14_16,survival_utility_controller_v4_balanced__k1_2_4_6_8_10_12_14_16,survival_utility_controller_v4_balanced,k1_2_4_6_8_10_12_14_16,89.30879843131558
slow_fast,ngram_sd,long_chain_reasoning,17566,211216,27384,183832,12.024137538426508,1.5589206421496071,10.465216896276898,0.054537174086303,0.8703507310052269,1.5589206421496071,results/apexp_block/config_large_500/evaluation/paper_cap50/apex_hot_runs/survival_utility_controller_v4_balanced__k1_2_4_6_8_10_12_14_16,survival_utility_controller_v4_balanced__k1_2_4_6_8_10_12_14_16,survival_utility_controller_v4_balanced,k1_2_4_6_8_10_12_14_16,87.03507310052268
slow_fast,ngram_sd,long_context_completion,17692,260745,69894,190851,14.738017182907528,3.950599140854624,10.787418042052906,0.1907076644811214,0.7319450037392855,3.950599140854624,results/apexp_block/config_large_500/evaluation/paper_cap50/apex_hot_runs/survival_utility_controller_v4_balanced__k1_2_4_6_8_10_12_14_16,survival_utility_controller_v4_balanced__k1_2_4_6_8_10_12_14_16,survival_utility_controller_v4_balanced,k1_2_4_6_8_10_12_14_16,73.19450037392855
slow_fast,ngram_sd,long_horizon_swe,13614,193366,32497,160869,14.203467019244895,2.3870280593506683,11.816438959894226,0.1125312178639635,0.8319404652317367,2.3870280593506683,results/apexp_block/config_large_500/evaluation/paper_cap50/apex_hot_runs/survival_utility_controller_v4_balanced__k1_2_4_6_8_10_12_14_16,survival_utility_controller_v4_balanced__k1_2_4_6_8_10_12_14_16,survival_utility_controller_v4_balanced,k1_2_4_6_8_10_12_14_16,83.19404652317367
slow_fast,ngram_sd,mathematical_reasoning,10032,126962,10955,116007,12.655701754385966,1.092005582137161,11.563696172248804,0.0237240829346092,0.9137143397236968,1.092005582137161,results/apexp_block/config_large_500/evaluation/paper_cap50/apex_hot_runs/survival_utility_controller_v4_balanced__k1_2_4_6_8_10_12_14_16,survival_utility_controller_v4_balanced__k1_2_4_6_8_10_12_14_16,survival_utility_controller_v4_balanced,k1_2_4_6_8_10_12_14_16,91.37143397236967
slow_only,eagle3,code_gen,12335,152504,952,151552,12.363518443453588,0.0771787596270774,12.28633968382651,0.0009728415079043,0.9937575407858156,0.0771787596270774,results/apexp_block/config_large_500/evaluation/paper_cap50/apex_hot_runs/survival_utility_controller_v4_balanced__k1_2_4_6_8_10_12_14_16,survival_utility_controller_v4_balanced__k1_2_4_6_8_10_12_14_16,survival_utility_controller_v4_balanced,k1_2_4_6_8_10_12_14_16,99.37575407858155
slow_only,eagle3,hardware_gen,2929,21620,138,21482,7.381358825537726,0.0471150563332195,7.334243769204507,0.0,0.9936170212765958,0.0471150563332195,results/apexp_block/config_large_500/evaluation/paper_cap50/apex_hot_runs/survival_utility_controller_v4_balanced__k1_2_4_6_8_10_12_14_16,survival_utility_controller_v4_balanced__k1_2_4_6_8_10_12_14_16,survival_utility_controller_v4_balanced,k1_2_4_6_8_10_12_14_16,99.36170212765958
slow_only,ngram_sd,code_gen,3402,41469,6955,34514,12.189594356261022,2.0443856554967668,10.145208700764256,0.1011169900058789,0.8322843569895585,2.0443856554967668,results/apexp_block/config_large_500/evaluation/paper_cap50/apex_hot_runs/survival_utility_controller_v4_balanced__k1_2_4_6_8_10_12_14_16,survival_utility_controller_v4_balanced__k1_2_4_6_8_10_12_14_16,survival_utility_controller_v4_balanced,k1_2_4_6_8_10_12_14_16,83.22843569895585
slow_only,ngram_sd,conversational_generation_gen_cap50,11601,183302,9837,173465,15.800534436686492,0.847944142746315,14.952590293940178,0.0237910524954745,0.94633446443574,0.847944142746315,results/apexp_block/config_large_500/evaluation/paper_cap50/apex_hot_runs/survival_utility_controller_v4_balanced__k1_2_4_6_8_10_12_14_16,survival_utility_controller_v4_balanced__k1_2_4_6_8_10_12_14_16,survival_utility_controller_v4_balanced,k1_2_4_6_8_10_12_14_16,94.633446443574
slow_only,ngram_sd,conversational_generation_sft_cap50,12156,193694,9563,184131,15.93402435011517,0.7866897005593946,15.147334649555775,0.015876933201711,0.9506283106342994,0.7866897005593946,results/apexp_block/config_large_500/evaluation/paper_cap50/apex_hot_runs/survival_utility_controller_v4_balanced__k1_2_4_6_8_10_12_14_16,survival_utility_controller_v4_balanced__k1_2_4_6_8_10_12_14_16,survival_utility_controller_v4_balanced,k1_2_4_6_8_10_12_14_16,95.06283106342994
slow_only,ngram_sd,hardware_gen,8268,119869,11722,108147,14.497943880019353,1.4177552007740688,13.080188679245284,0.0550314465408805,0.9022099124877992,1.4177552007740688,results/apexp_block/config_large_500/evaluation/paper_cap50/apex_hot_runs/survival_utility_controller_v4_balanced__k1_2_4_6_8_10_12_14_16,survival_utility_controller_v4_balanced__k1_2_4_6_8_10_12_14_16,survival_utility_controller_v4_balanced,k1_2_4_6_8_10_12_14_16,90.22099124877992
slow_only,ngram_sd,long_chain_reasoning,17465,270900,27488,243412,15.511022044088175,1.5738906384196965,13.93713140566848,0.0480389350128829,0.898530823181986,1.5738906384196965,results/apexp_block/config_large_500/evaluation/paper_cap50/apex_hot_runs/survival_utility_controller_v4_balanced__k1_2_4_6_8_10_12_14_16,survival_utility_controller_v4_balanced__k1_2_4_6_8_10_12_14_16,survival_utility_controller_v4_balanced,k1_2_4_6_8_10_12_14_16,89.8530823181986
slow_only,ngram_sd,long_context_completion,17585,277586,70015,207571,15.785385271538242,3.981518339493887,11.803866932044356,0.1881717372760875,0.7477718616933131,3.981518339493887,results/apexp_block/config_large_500/evaluation/paper_cap50/apex_hot_runs/survival_utility_controller_v4_balanced__k1_2_4_6_8_10_12_14_16,survival_utility_controller_v4_balanced__k1_2_4_6_8_10_12_14_16,survival_utility_controller_v4_balanced,k1_2_4_6_8_10_12_14_16,74.77718616933132
slow_only,ngram_sd,long_horizon_swe,14071,212380,31948,180432,15.09345462298344,2.270485395494279,12.822969227489162,0.1235875204320943,0.8495715227422544,2.270485395494279,results/apexp_block/config_large_500/evaluation/paper_cap50/apex_hot_runs/survival_utility_controller_v4_balanced__k1_2_4_6_8_10_12_14_16,survival_utility_controller_v4_balanced__k1_2_4_6_8_10_12_14_16,survival_utility_controller_v4_balanced,k1_2_4_6_8_10_12_14_16,84.95715227422545
slow_only,ngram_sd,mathematical_reasoning,10038,154424,10982,143442,15.383941024108388,1.0940426379756925,14.289898386132696,0.0227136879856545,0.9288841112780396,1.0940426379756925,results/apexp_block/config_large_500/evaluation/paper_cap50/apex_hot_runs/survival_utility_controller_v4_balanced__k1_2_4_6_8_10_12_14_16,survival_utility_controller_v4_balanced__k1_2_4_6_8_10_12_14_16,survival_utility_controller_v4_balanced,k1_2_4_6_8_10_12_14_16,92.88841112780396
slow_fast,eagle3,code_gen,12337,46373,950,45423,3.758855475399206,0.077004133906136,3.68185134149307,0.0004863418983545,0.9795139413020508,0.077004133906136,results/apexp_block/config_large_500/evaluation/paper_cap50/apex_hot_runs/survival_utility_controller_v4_balanced__k1_2_4_8_16,survival_utility_controller_v4_balanced__k1_2_4_8_16,survival_utility_controller_v4_balanced,k1_2_4_8_16,97.95139413020509
slow_fast,eagle3,hardware_gen,2929,9440,138,9302,3.222942983953568,0.0471150563332195,3.175827927620348,0.0,0.9853813559322034,0.0471150563332195,results/apexp_block/config_large_500/evaluation/paper_cap50/apex_hot_runs/survival_utility_controller_v4_balanced__k1_2_4_8_16,survival_utility_controller_v4_balanced__k1_2_4_8_16,survival_utility_controller_v4_balanced,k1_2_4_8_16,98.53813559322035
slow_fast,ngram_sd,code_gen,3394,42661,6950,35711,12.569534472598704,2.047731290512669,10.521803182086034,0.0969357690041249,0.8370877382152317,2.047731290512669,results/apexp_block/config_large_500/evaluation/paper_cap50/apex_hot_runs/survival_utility_controller_v4_balanced__k1_2_4_8_16,survival_utility_controller_v4_balanced__k1_2_4_8_16,survival_utility_controller_v4_balanced,k1_2_4_8_16,83.70877382152318
slow_fast,ngram_sd,conversational_generation_gen_cap50,11643,148369,9797,138572,12.743193335051105,0.8414497981619857,11.901743536889118,0.0274843253457012,0.9339686861810756,0.8414497981619857,results/apexp_block/config_large_500/evaluation/paper_cap50/apex_hot_runs/survival_utility_controller_v4_balanced__k1_2_4_8_16,survival_utility_controller_v4_balanced__k1_2_4_8_16,survival_utility_controller_v4_balanced,k1_2_4_8_16,93.39686861810756
slow_fast,ngram_sd,conversational_generation_sft_cap50,12265,154007,9431,144576,12.556624541377904,0.7689359967386873,11.787688544639217,0.022013860578883,0.9387625237813866,0.7689359967386873,results/apexp_block/config_large_500/evaluation/paper_cap50/apex_hot_runs/survival_utility_controller_v4_balanced__k1_2_4_8_16,survival_utility_controller_v4_balanced__k1_2_4_8_16,survival_utility_controller_v4_balanced,k1_2_4_8_16,93.87625237813866
slow_fast,ngram_sd,hardware_gen,8258,113710,11744,101966,13.7696778881085,1.4221361104383627,12.347541777670138,0.055340276095907,0.8967197256177997,1.4221361104383627,results/apexp_block/config_large_500/evaluation/paper_cap50/apex_hot_runs/survival_utility_controller_v4_balanced__k1_2_4_8_16,survival_utility_controller_v4_balanced__k1_2_4_8_16,survival_utility_controller_v4_balanced,k1_2_4_8_16,89.67197256177997
slow_fast,ngram_sd,long_chain_reasoning,17630,212248,27315,184933,12.039024390243902,1.5493477027793534,10.489676687464549,0.0585933068633011,0.871306207832347,1.5493477027793534,results/apexp_block/config_large_500/evaluation/paper_cap50/apex_hot_runs/survival_utility_controller_v4_balanced__k1_2_4_8_16,survival_utility_controller_v4_balanced__k1_2_4_8_16,survival_utility_controller_v4_balanced,k1_2_4_8_16,87.1306207832347
slow_fast,ngram_sd,long_context_completion,17685,263516,69915,193601,14.900537178399771,3.953350296861747,10.947186881538029,0.1980209216850438,0.7346840419557067,3.953350296861747,results/apexp_block/config_large_500/evaluation/paper_cap50/apex_hot_runs/survival_utility_controller_v4_balanced__k1_2_4_8_16,survival_utility_controller_v4_balanced__k1_2_4_8_16,survival_utility_controller_v4_balanced,k1_2_4_8_16,73.46840419557067
slow_fast,ngram_sd,long_horizon_swe,13859,200596,32199,168397,14.474060177501984,2.3233278014286745,12.150732376073307,0.1096038675229093,0.8394833396478494,2.3233278014286745,results/apexp_block/config_large_500/evaluation/paper_cap50/apex_hot_runs/survival_utility_controller_v4_balanced__k1_2_4_8_16,survival_utility_controller_v4_balanced__k1_2_4_8_16,survival_utility_controller_v4_balanced,k1_2_4_8_16,83.94833396478494
slow_fast,ngram_sd,mathematical_reasoning,10080,130772,10940,119832,12.973412698412698,1.0853174603174602,11.888095238095238,0.0273809523809523,0.9163429480316888,1.0853174603174602,results/apexp_block/config_large_500/evaluation/paper_cap50/apex_hot_runs/survival_utility_controller_v4_balanced__k1_2_4_8_16,survival_utility_controller_v4_balanced__k1_2_4_8_16,survival_utility_controller_v4_balanced,k1_2_4_8_16,91.63429480316888
slow_only,eagle3,code_gen,12335,152504,952,151552,12.363518443453588,0.0771787596270774,12.28633968382651,0.0009728415079043,0.9937575407858156,0.0771787596270774,results/apexp_block/config_large_500/evaluation/paper_cap50/apex_hot_runs/survival_utility_controller_v4_balanced__k1_2_4_8_16,survival_utility_controller_v4_balanced__k1_2_4_8_16,survival_utility_controller_v4_balanced,k1_2_4_8_16,99.37575407858155
slow_only,eagle3,hardware_gen,2929,21620,138,21482,7.381358825537726,0.0471150563332195,7.334243769204507,0.0,0.9936170212765958,0.0471150563332195,results/apexp_block/config_large_500/evaluation/paper_cap50/apex_hot_runs/survival_utility_controller_v4_balanced__k1_2_4_8_16,survival_utility_controller_v4_balanced__k1_2_4_8_16,survival_utility_controller_v4_balanced,k1_2_4_8_16,99.36170212765958
slow_only,ngram_sd,code_gen,3402,41469,6955,34514,12.189594356261022,2.0443856554967668,10.145208700764256,0.1011169900058789,0.8322843569895585,2.0443856554967668,results/apexp_block/config_large_500/evaluation/paper_cap50/apex_hot_runs/survival_utility_controller_v4_balanced__k1_2_4_8_16,survival_utility_controller_v4_balanced__k1_2_4_8_16,survival_utility_controller_v4_balanced,k1_2_4_8_16,83.22843569895585
slow_only,ngram_sd,conversational_generation_gen_cap50,11601,183302,9837,173465,15.800534436686492,0.847944142746315,14.952590293940178,0.0237910524954745,0.94633446443574,0.847944142746315,results/apexp_block/config_large_500/evaluation/paper_cap50/apex_hot_runs/survival_utility_controller_v4_balanced__k1_2_4_8_16,survival_utility_controller_v4_balanced__k1_2_4_8_16,survival_utility_controller_v4_balanced,k1_2_4_8_16,94.633446443574
slow_only,ngram_sd,conversational_generation_sft_cap50,12156,193694,9563,184131,15.93402435011517,0.7866897005593946,15.147334649555775,0.015876933201711,0.9506283106342994,0.7866897005593946,results/apexp_block/config_large_500/evaluation/paper_cap50/apex_hot_runs/survival_utility_controller_v4_balanced__k1_2_4_8_16,survival_utility_controller_v4_balanced__k1_2_4_8_16,survival_utility_controller_v4_balanced,k1_2_4_8_16,95.06283106342994
slow_only,ngram_sd,hardware_gen,8268,119869,11722,108147,14.497943880019353,1.4177552007740688,13.080188679245284,0.0550314465408805,0.9022099124877992,1.4177552007740688,results/apexp_block/config_large_500/evaluation/paper_cap50/apex_hot_runs/survival_utility_controller_v4_balanced__k1_2_4_8_16,survival_utility_controller_v4_balanced__k1_2_4_8_16,survival_utility_controller_v4_balanced,k1_2_4_8_16,90.22099124877992
slow_only,ngram_sd,long_chain_reasoning,17465,270900,27488,243412,15.511022044088175,1.5738906384196965,13.93713140566848,0.0480389350128829,0.898530823181986,1.5738906384196965,results/apexp_block/config_large_500/evaluation/paper_cap50/apex_hot_runs/survival_utility_controller_v4_balanced__k1_2_4_8_16,survival_utility_controller_v4_balanced__k1_2_4_8_16,survival_utility_controller_v4_balanced,k1_2_4_8_16,89.8530823181986
slow_only,ngram_sd,long_context_completion,17585,277586,70015,207571,15.785385271538242,3.981518339493887,11.803866932044356,0.1881717372760875,0.7477718616933131,3.981518339493887,results/apexp_block/config_large_500/evaluation/paper_cap50/apex_hot_runs/survival_utility_controller_v4_balanced__k1_2_4_8_16,survival_utility_controller_v4_balanced__k1_2_4_8_16,survival_utility_controller_v4_balanced,k1_2_4_8_16,74.77718616933132
slow_only,ngram_sd,long_horizon_swe,14071,212380,31948,180432,15.09345462298344,2.270485395494279,12.822969227489162,0.1235875204320943,0.8495715227422544,2.270485395494279,results/apexp_block/config_large_500/evaluation/paper_cap50/apex_hot_runs/survival_utility_controller_v4_balanced__k1_2_4_8_16,survival_utility_controller_v4_balanced__k1_2_4_8_16,survival_utility_controller_v4_balanced,k1_2_4_8_16,84.95715227422545
slow_only,ngram_sd,mathematical_reasoning,10038,154424,10982,143442,15.383941024108388,1.0940426379756925,14.289898386132696,0.0227136879856545,0.9288841112780396,1.0940426379756925,results/apexp_block/config_large_500/evaluation/paper_cap50/apex_hot_runs/survival_utility_controller_v4_balanced__k1_2_4_8_16,survival_utility_controller_v4_balanced__k1_2_4_8_16,survival_utility_controller_v4_balanced,k1_2_4_8_16,92.88841112780396
slow_fast,eagle3,code_gen,12335,43941,952,42989,3.562302391568707,0.0771787596270774,3.485123631941629,0.0005674908796108,0.9783345850117202,0.0771787596270774,results/apexp_block/config_large_500/evaluation/paper_cap50/apex_hot_runs/survival_utility_controller_v4_balanced__k1_to_16,survival_utility_controller_v4_balanced__k1_to_16,survival_utility_controller_v4_balanced,k1_to_16,97.83345850117202
slow_fast,eagle3,hardware_gen,2929,9432,138,9294,3.220211676340048,0.0471150563332195,3.173096620006828,0.0,0.9853689567430024,0.0471150563332195,results/apexp_block/config_large_500/evaluation/paper_cap50/apex_hot_runs/survival_utility_controller_v4_balanced__k1_to_16,survival_utility_controller_v4_balanced__k1_to_16,survival_utility_controller_v4_balanced,k1_to_16,98.53689567430024
slow_fast,ngram_sd,code_gen,3393,42303,6946,35357,12.467727674624228,2.0471559092248746,10.420571765399352,0.0949012673150604,0.8358036073091742,2.0471559092248746,results/apexp_block/config_large_500/evaluation/paper_cap50/apex_hot_runs/survival_utility_controller_v4_balanced__k1_to_16,survival_utility_controller_v4_balanced__k1_to_16,survival_utility_controller_v4_balanced,k1_to_16,83.58036073091742
slow_fast,ngram_sd,conversational_generation_gen_cap50,11636,145670,9779,135891,12.518906840838776,0.8404090752836026,11.678497765555171,0.025867995874871,0.9328688130706392,0.8404090752836026,results/apexp_block/config_large_500/evaluation/paper_cap50/apex_hot_runs/survival_utility_controller_v4_balanced__k1_to_16,survival_utility_controller_v4_balanced__k1_to_16,survival_utility_controller_v4_balanced,k1_to_16,93.28688130706392
slow_fast,ngram_sd,conversational_generation_sft_cap50,12218,151422,9488,141934,12.393354067768865,0.776559174987723,11.616794892781142,0.0201342281879194,0.9373406770482492,0.776559174987723,results/apexp_block/config_large_500/evaluation/paper_cap50/apex_hot_runs/survival_utility_controller_v4_balanced__k1_to_16,survival_utility_controller_v4_balanced__k1_to_16,survival_utility_controller_v4_balanced,k1_to_16,93.73406770482492
slow_fast,ngram_sd,hardware_gen,8260,110201,11750,98451,13.341525423728813,1.4225181598062957,11.919007263922518,0.0527845036319612,0.8933766481247901,1.4225181598062957,results/apexp_block/config_large_500/evaluation/paper_cap50/apex_hot_runs/survival_utility_controller_v4_balanced__k1_to_16,survival_utility_controller_v4_balanced__k1_to_16,survival_utility_controller_v4_balanced,k1_to_16,89.337664812479
slow_fast,ngram_sd,long_chain_reasoning,17598,211688,27333,184355,12.029094215251734,1.5531878622570747,10.475906352994658,0.0561427434935788,0.8708807301311364,1.5531878622570747,results/apexp_block/config_large_500/evaluation/paper_cap50/apex_hot_runs/survival_utility_controller_v4_balanced__k1_to_16,survival_utility_controller_v4_balanced__k1_to_16,survival_utility_controller_v4_balanced,k1_to_16,87.08807301311364
slow_fast,ngram_sd,long_context_completion,17696,260953,69891,191062,14.74643987341772,3.949536618444846,10.796903254972875,0.1907775768535262,0.7321701609102023,3.949536618444846,results/apexp_block/config_large_500/evaluation/paper_cap50/apex_hot_runs/survival_utility_controller_v4_balanced__k1_to_16,survival_utility_controller_v4_balanced__k1_to_16,survival_utility_controller_v4_balanced,k1_to_16,73.21701609102023
slow_fast,ngram_sd,long_horizon_swe,13620,193260,32523,160737,14.189427312775331,2.387885462555066,11.801541850220264,0.1128487518355359,0.8317137534927042,2.387885462555066,results/apexp_block/config_large_500/evaluation/paper_cap50/apex_hot_runs/survival_utility_controller_v4_balanced__k1_to_16,survival_utility_controller_v4_balanced__k1_to_16,survival_utility_controller_v4_balanced,k1_to_16,83.17137534927042
slow_fast,ngram_sd,mathematical_reasoning,10043,127171,10955,116216,12.662650602409638,1.0908095190680076,11.571841083341631,0.0234989544956686,0.9138561464484828,1.0908095190680076,results/apexp_block/config_large_500/evaluation/paper_cap50/apex_hot_runs/survival_utility_controller_v4_balanced__k1_to_16,survival_utility_controller_v4_balanced__k1_to_16,survival_utility_controller_v4_balanced,k1_to_16,91.38561464484827
slow_only,eagle3,code_gen,12335,152504,952,151552,12.363518443453588,0.0771787596270774,12.28633968382651,0.0009728415079043,0.9937575407858156,0.0771787596270774,results/apexp_block/config_large_500/evaluation/paper_cap50/apex_hot_runs/survival_utility_controller_v4_balanced__k1_to_16,survival_utility_controller_v4_balanced__k1_to_16,survival_utility_controller_v4_balanced,k1_to_16,99.37575407858155
slow_only,eagle3,hardware_gen,2929,21620,138,21482,7.381358825537726,0.0471150563332195,7.334243769204507,0.0,0.9936170212765958,0.0471150563332195,results/apexp_block/config_large_500/evaluation/paper_cap50/apex_hot_runs/survival_utility_controller_v4_balanced__k1_to_16,survival_utility_controller_v4_balanced__k1_to_16,survival_utility_controller_v4_balanced,k1_to_16,99.36170212765958
slow_only,ngram_sd,code_gen,3402,41469,6955,34514,12.189594356261022,2.0443856554967668,10.145208700764256,0.1011169900058789,0.8322843569895585,2.0443856554967668,results/apexp_block/config_large_500/evaluation/paper_cap50/apex_hot_runs/survival_utility_controller_v4_balanced__k1_to_16,survival_utility_controller_v4_balanced__k1_to_16,survival_utility_controller_v4_balanced,k1_to_16,83.22843569895585
slow_only,ngram_sd,conversational_generation_gen_cap50,11601,183302,9837,173465,15.800534436686492,0.847944142746315,14.952590293940178,0.0237910524954745,0.94633446443574,0.847944142746315,results/apexp_block/config_large_500/evaluation/paper_cap50/apex_hot_runs/survival_utility_controller_v4_balanced__k1_to_16,survival_utility_controller_v4_balanced__k1_to_16,survival_utility_controller_v4_balanced,k1_to_16,94.633446443574
slow_only,ngram_sd,conversational_generation_sft_cap50,12156,193694,9563,184131,15.93402435011517,0.7866897005593946,15.147334649555775,0.015876933201711,0.9506283106342994,0.7866897005593946,results/apexp_block/config_large_500/evaluation/paper_cap50/apex_hot_runs/survival_utility_controller_v4_balanced__k1_to_16,survival_utility_controller_v4_balanced__k1_to_16,survival_utility_controller_v4_balanced,k1_to_16,95.06283106342994
slow_only,ngram_sd,hardware_gen,8268,119869,11722,108147,14.497943880019353,1.4177552007740688,13.080188679245284,0.0550314465408805,0.9022099124877992,1.4177552007740688,results/apexp_block/config_large_500/evaluation/paper_cap50/apex_hot_runs/survival_utility_controller_v4_balanced__k1_to_16,survival_utility_controller_v4_balanced__k1_to_16,survival_utility_controller_v4_balanced,k1_to_16,90.22099124877992
slow_only,ngram_sd,long_chain_reasoning,17465,270900,27488,243412,15.511022044088175,1.5738906384196965,13.93713140566848,0.0480389350128829,0.898530823181986,1.5738906384196965,results/apexp_block/config_large_500/evaluation/paper_cap50/apex_hot_runs/survival_utility_controller_v4_balanced__k1_to_16,survival_utility_controller_v4_balanced__k1_to_16,survival_utility_controller_v4_balanced,k1_to_16,89.8530823181986
slow_only,ngram_sd,long_context_completion,17585,277586,70015,207571,15.785385271538242,3.981518339493887,11.803866932044356,0.1881717372760875,0.7477718616933131,3.981518339493887,results/apexp_block/config_large_500/evaluation/paper_cap50/apex_hot_runs/survival_utility_controller_v4_balanced__k1_to_16,survival_utility_controller_v4_balanced__k1_to_16,survival_utility_controller_v4_balanced,k1_to_16,74.77718616933132
slow_only,ngram_sd,long_horizon_swe,14071,212380,31948,180432,15.09345462298344,2.270485395494279,12.822969227489162,0.1235875204320943,0.8495715227422544,2.270485395494279,results/apexp_block/config_large_500/evaluation/paper_cap50/apex_hot_runs/survival_utility_controller_v4_balanced__k1_to_16,survival_utility_controller_v4_balanced__k1_to_16,survival_utility_controller_v4_balanced,k1_to_16,84.95715227422545
slow_only,ngram_sd,mathematical_reasoning,10038,154424,10982,143442,15.383941024108388,1.0940426379756925,14.289898386132696,0.0227136879856545,0.9288841112780396,1.0940426379756925,results/apexp_block/config_large_500/evaluation/paper_cap50/apex_hot_runs/survival_utility_controller_v4_balanced__k1_to_16,survival_utility_controller_v4_balanced__k1_to_16,survival_utility_controller_v4_balanced,k1_to_16,92.88841112780396
slow_fast,eagle3,code_gen,12337,46448,950,45498,3.7649347491286376,0.077004133906136,3.6879306152225015,0.0004052849152954,0.9795470203238028,0.077004133906136,results/apexp_block/config_large_500/evaluation/paper_cap50/apex_hot_runs/survival_utility_controller_v4_balanced__k2_4_6_8,survival_utility_controller_v4_balanced__k2_4_6_8,survival_utility_controller_v4_balanced,k2_4_6_8,97.95470203238028
slow_fast,eagle3,hardware_gen,2929,9416,138,9278,3.214749061113008,0.0471150563332195,3.167634004779788,0.0,0.9853440951571792,0.0471150563332195,results/apexp_block/config_large_500/evaluation/paper_cap50/apex_hot_runs/survival_utility_controller_v4_balanced__k2_4_6_8,survival_utility_controller_v4_balanced__k2_4_6_8,survival_utility_controller_v4_balanced,k2_4_6_8,98.53440951571793
slow_fast,ngram_sd,code_gen,3650,28957,6658,22299,7.933424657534246,1.824109589041096,6.10931506849315,0.1534246575342465,0.7700728666643644,1.824109589041096,results/apexp_block/config_large_500/evaluation/paper_cap50/apex_hot_runs/survival_utility_controller_v4_balanced__k2_4_6_8,survival_utility_controller_v4_balanced__k2_4_6_8,survival_utility_controller_v4_balanced,k2_4_6_8,77.00728666643644
slow_fast,ngram_sd,conversational_generation_gen_cap50,11931,95285,9450,85835,7.986338110803788,0.7920543122957002,7.1942837985080885,0.0495348252451596,0.9008238442567036,0.7920543122957002,results/apexp_block/config_large_500/evaluation/paper_cap50/apex_hot_runs/survival_utility_controller_v4_balanced__k2_4_6_8,survival_utility_controller_v4_balanced__k2_4_6_8,survival_utility_controller_v4_balanced,k2_4_6_8,90.08238442567036
slow_fast,ngram_sd,conversational_generation_sft_cap50,12434,99353,9230,90123,7.99042946758887,0.7423194466784623,7.248110020910407,0.0398101978446195,0.907098930077602,0.7423194466784623,results/apexp_block/config_large_500/evaluation/paper_cap50/apex_hot_runs/survival_utility_controller_v4_balanced__k2_4_6_8,survival_utility_controller_v4_balanced__k2_4_6_8,survival_utility_controller_v4_balanced,k2_4_6_8,90.7098930077602
slow_fast,ngram_sd,hardware_gen,8721,69417,11209,58208,7.959752321981425,1.2852883843595917,6.674463937621832,0.0991858731796812,0.8385265857066713,1.2852883843595917,results/apexp_block/config_large_500/evaluation/paper_cap50/apex_hot_runs/survival_utility_controller_v4_balanced__k2_4_6_8,survival_utility_controller_v4_balanced__k2_4_6_8,survival_utility_controller_v4_balanced,k2_4_6_8,83.85265857066713
slow_fast,ngram_sd,long_chain_reasoning,18447,146863,26483,120380,7.961348728790589,1.4356263891147611,6.525722339675828,0.1020220089987531,0.8196754798689936,1.4356263891147611,results/apexp_block/config_large_500/evaluation/paper_cap50/apex_hot_runs/survival_utility_controller_v4_balanced__k2_4_6_8,survival_utility_controller_v4_balanced__k2_4_6_8,survival_utility_controller_v4_balanced,k2_4_6_8,81.96754798689936
slow_fast,ngram_sd,long_context_completion,21632,172390,65730,106660,7.969212278106509,3.0385539940828403,4.930658284023669,0.3094951923076923,0.6187133824467776,3.0385539940828403,results/apexp_block/config_large_500/evaluation/paper_cap50/apex_hot_runs/survival_utility_controller_v4_balanced__k2_4_6_8,survival_utility_controller_v4_balanced__k2_4_6_8,survival_utility_controller_v4_balanced,k2_4_6_8,61.871338244677766
slow_fast,ngram_sd,long_horizon_swe,15437,123177,30463,92714,7.979335363088683,1.9733756558916888,6.005959707196994,0.1894798212087841,0.7526892195783303,1.9733756558916888,results/apexp_block/config_large_500/evaluation/paper_cap50/apex_hot_runs/survival_utility_controller_v4_balanced__k2_4_6_8,survival_utility_controller_v4_balanced__k2_4_6_8,survival_utility_controller_v4_balanced,k2_4_6_8,75.26892195783303
slow_fast,ngram_sd,mathematical_reasoning,10309,81964,10655,71309,7.950722669512077,1.0335629061984677,6.9171597633136095,0.0468522650111553,0.8700039041530429,1.0335629061984677,results/apexp_block/config_large_500/evaluation/paper_cap50/apex_hot_runs/survival_utility_controller_v4_balanced__k2_4_6_8,survival_utility_controller_v4_balanced__k2_4_6_8,survival_utility_controller_v4_balanced,k2_4_6_8,87.00039041530428
slow_only,eagle3,code_gen,12335,152504,952,151552,12.363518443453588,0.0771787596270774,12.28633968382651,0.0009728415079043,0.9937575407858156,0.0771787596270774,results/apexp_block/config_large_500/evaluation/paper_cap50/apex_hot_runs/survival_utility_controller_v4_balanced__k2_4_6_8,survival_utility_controller_v4_balanced__k2_4_6_8,survival_utility_controller_v4_balanced,k2_4_6_8,99.37575407858155
slow_only,eagle3,hardware_gen,2929,21620,138,21482,7.381358825537726,0.0471150563332195,7.334243769204507,0.0,0.9936170212765958,0.0471150563332195,results/apexp_block/config_large_500/evaluation/paper_cap50/apex_hot_runs/survival_utility_controller_v4_balanced__k2_4_6_8,survival_utility_controller_v4_balanced__k2_4_6_8,survival_utility_controller_v4_balanced,k2_4_6_8,99.36170212765958
slow_only,ngram_sd,code_gen,3402,41469,6955,34514,12.189594356261022,2.0443856554967668,10.145208700764256,0.1011169900058789,0.8322843569895585,2.0443856554967668,results/apexp_block/config_large_500/evaluation/paper_cap50/apex_hot_runs/survival_utility_controller_v4_balanced__k2_4_6_8,survival_utility_controller_v4_balanced__k2_4_6_8,survival_utility_controller_v4_balanced,k2_4_6_8,83.22843569895585
slow_only,ngram_sd,conversational_generation_gen_cap50,11601,183302,9837,173465,15.800534436686492,0.847944142746315,14.952590293940178,0.0237910524954745,0.94633446443574,0.847944142746315,results/apexp_block/config_large_500/evaluation/paper_cap50/apex_hot_runs/survival_utility_controller_v4_balanced__k2_4_6_8,survival_utility_controller_v4_balanced__k2_4_6_8,survival_utility_controller_v4_balanced,k2_4_6_8,94.633446443574
slow_only,ngram_sd,conversational_generation_sft_cap50,12156,193694,9563,184131,15.93402435011517,0.7866897005593946,15.147334649555775,0.015876933201711,0.9506283106342994,0.7866897005593946,results/apexp_block/config_large_500/evaluation/paper_cap50/apex_hot_runs/survival_utility_controller_v4_balanced__k2_4_6_8,survival_utility_controller_v4_balanced__k2_4_6_8,survival_utility_controller_v4_balanced,k2_4_6_8,95.06283106342994
slow_only,ngram_sd,hardware_gen,8268,119869,11722,108147,14.497943880019353,1.4177552007740688,13.080188679245284,0.0550314465408805,0.9022099124877992,1.4177552007740688,results/apexp_block/config_large_500/evaluation/paper_cap50/apex_hot_runs/survival_utility_controller_v4_balanced__k2_4_6_8,survival_utility_controller_v4_balanced__k2_4_6_8,survival_utility_controller_v4_balanced,k2_4_6_8,90.22099124877992
slow_only,ngram_sd,long_chain_reasoning,17465,270900,27488,243412,15.511022044088175,1.5738906384196965,13.93713140566848,0.0480389350128829,0.898530823181986,1.5738906384196965,results/apexp_block/config_large_500/evaluation/paper_cap50/apex_hot_runs/survival_utility_controller_v4_balanced__k2_4_6_8,survival_utility_controller_v4_balanced__k2_4_6_8,survival_utility_controller_v4_balanced,k2_4_6_8,89.8530823181986
slow_only,ngram_sd,long_context_completion,17585,277586,70015,207571,15.785385271538242,3.981518339493887,11.803866932044356,0.1881717372760875,0.7477718616933131,3.981518339493887,results/apexp_block/config_large_500/evaluation/paper_cap50/apex_hot_runs/survival_utility_controller_v4_balanced__k2_4_6_8,survival_utility_controller_v4_balanced__k2_4_6_8,survival_utility_controller_v4_balanced,k2_4_6_8,74.77718616933132
slow_only,ngram_sd,long_horizon_swe,14071,212380,31948,180432,15.09345462298344,2.270485395494279,12.822969227489162,0.1235875204320943,0.8495715227422544,2.270485395494279,results/apexp_block/config_large_500/evaluation/paper_cap50/apex_hot_runs/survival_utility_controller_v4_balanced__k2_4_6_8,survival_utility_controller_v4_balanced__k2_4_6_8,survival_utility_controller_v4_balanced,k2_4_6_8,84.95715227422545
slow_only,ngram_sd,mathematical_reasoning,10038,154424,10982,143442,15.383941024108388,1.0940426379756925,14.289898386132696,0.0227136879856545,0.9288841112780396,1.0940426379756925,results/apexp_block/config_large_500/evaluation/paper_cap50/apex_hot_runs/survival_utility_controller_v4_balanced__k2_4_6_8,survival_utility_controller_v4_balanced__k2_4_6_8,survival_utility_controller_v4_balanced,k2_4_6_8,92.88841112780396
slow_fast,eagle3,code_gen,12345,25400,942,24458,2.057513163223977,0.0763061968408262,1.981206966383151,0.0054272985014175,0.9629133858267716,0.0763061968408262,results/apexp_block/config_large_500/evaluation/paper_cap50/apex_hot_runs/survival_utility_controller_v4_efficient__k1_2_4_6_8_10_12_14_16,survival_utility_controller_v4_efficient__k1_2_4_6_8_10_12_14_16,survival_utility_controller_v4_efficient,k1_2_4_6_8_10_12_14_16,96.29133858267716
slow_fast,eagle3,hardware_gen,2929,5941,138,5803,2.0283373164902696,0.0471150563332195,1.9812222601570504,0.0,0.9767715872748696,0.0471150563332195,results/apexp_block/config_large_500/evaluation/paper_cap50/apex_hot_runs/survival_utility_controller_v4_efficient__k1_2_4_6_8_10_12_14_16,survival_utility_controller_v4_efficient__k1_2_4_6_8_10_12_14_16,survival_utility_controller_v4_efficient,k1_2_4_6_8_10_12_14_16,97.67715872748695
slow_fast,ngram_sd,code_gen,3636,31596,6704,24892,8.689768976897689,1.843784378437844,6.845984598459846,0.154015401540154,0.7878212431953412,1.843784378437844,results/apexp_block/config_large_500/evaluation/paper_cap50/apex_hot_runs/survival_utility_controller_v4_efficient__k1_2_4_6_8_10_12_14_16,survival_utility_controller_v4_efficient__k1_2_4_6_8_10_12_14_16,survival_utility_controller_v4_efficient,k1_2_4_6_8_10_12_14_16,78.78212431953412
slow_fast,ngram_sd,conversational_generation_gen_cap50,11818,101076,9586,91490,8.55271619563378,0.8111355559316297,7.741580639702149,0.0440006769334912,0.9051604733072144,0.8111355559316297,results/apexp_block/config_large_500/evaluation/paper_cap50/apex_hot_runs/survival_utility_controller_v4_efficient__k1_2_4_6_8_10_12_14_16,survival_utility_controller_v4_efficient__k1_2_4_6_8_10_12_14_16,survival_utility_controller_v4_efficient,k1_2_4_6_8_10_12_14_16,90.51604733072143
slow_fast,ngram_sd,conversational_generation_sft_cap50,12427,105979,9224,96755,8.52812424559427,0.7422547678442102,7.785869477750061,0.0420857809608111,0.9129638890723634,0.7422547678442102,results/apexp_block/config_large_500/evaluation/paper_cap50/apex_hot_runs/survival_utility_controller_v4_efficient__k1_2_4_6_8_10_12_14_16,survival_utility_controller_v4_efficient__k1_2_4_6_8_10_12_14_16,survival_utility_controller_v4_efficient,k1_2_4_6_8_10_12_14_16,91.29638890723633
slow_fast,ngram_sd,hardware_gen,8579,79740,11415,68325,9.294789602517776,1.3305746590511716,7.9642149434666045,0.0832264832731087,0.8568472535741158,1.3305746590511716,results/apexp_block/config_large_500/evaluation/paper_cap50/apex_hot_runs/survival_utility_controller_v4_efficient__k1_2_4_6_8_10_12_14_16,survival_utility_controller_v4_efficient__k1_2_4_6_8_10_12_14_16,survival_utility_controller_v4_efficient,k1_2_4_6_8_10_12_14_16,85.68472535741158
slow_fast,ngram_sd,long_chain_reasoning,18296,150878,26640,124238,8.246501967643201,1.4560559685177088,6.790445999125492,0.0936270222999562,0.8234335025649863,1.4560559685177088,results/apexp_block/config_large_500/evaluation/paper_cap50/apex_hot_runs/survival_utility_controller_v4_efficient__k1_2_4_6_8_10_12_14_16,survival_utility_controller_v4_efficient__k1_2_4_6_8_10_12_14_16,survival_utility_controller_v4_efficient,k1_2_4_6_8_10_12_14_16,82.34335025649862
slow_fast,ngram_sd,long_context_completion,18937,200668,68597,132071,10.596609811480173,3.622379468764852,6.97423034271532,0.2364154829170407,0.6581567564335121,3.622379468764852,results/apexp_block/config_large_500/evaluation/paper_cap50/apex_hot_runs/survival_utility_controller_v4_efficient__k1_2_4_6_8_10_12_14_16,survival_utility_controller_v4_efficient__k1_2_4_6_8_10_12_14_16,survival_utility_controller_v4_efficient,k1_2_4_6_8_10_12_14_16,65.81567564335121
slow_fast,ngram_sd,long_horizon_swe,14451,140296,31556,108740,9.708393882776278,2.1836551103729844,7.524738772403293,0.1422046917168362,0.7750755545418259,2.1836551103729844,results/apexp_block/config_large_500/evaluation/paper_cap50/apex_hot_runs/survival_utility_controller_v4_efficient__k1_2_4_6_8_10_12_14_16,survival_utility_controller_v4_efficient__k1_2_4_6_8_10_12_14_16,survival_utility_controller_v4_efficient,k1_2_4_6_8_10_12_14_16,77.50755545418258
slow_fast,ngram_sd,mathematical_reasoning,10344,81397,10633,70764,7.86900618716164,1.027938901778809,6.841067285382831,0.0579079659706109,0.8693686499502439,1.027938901778809,results/apexp_block/config_large_500/evaluation/paper_cap50/apex_hot_runs/survival_utility_controller_v4_efficient__k1_2_4_6_8_10_12_14_16,survival_utility_controller_v4_efficient__k1_2_4_6_8_10_12_14_16,survival_utility_controller_v4_efficient,k1_2_4_6_8_10_12_14_16,86.9368649950244
slow_only,eagle3,code_gen,12335,152504,952,151552,12.363518443453588,0.0771787596270774,12.28633968382651,0.0009728415079043,0.9937575407858156,0.0771787596270774,results/apexp_block/config_large_500/evaluation/paper_cap50/apex_hot_runs/survival_utility_controller_v4_efficient__k1_2_4_6_8_10_12_14_16,survival_utility_controller_v4_efficient__k1_2_4_6_8_10_12_14_16,survival_utility_controller_v4_efficient,k1_2_4_6_8_10_12_14_16,99.37575407858155
slow_only,eagle3,hardware_gen,2929,21620,138,21482,7.381358825537726,0.0471150563332195,7.334243769204507,0.0,0.9936170212765958,0.0471150563332195,results/apexp_block/config_large_500/evaluation/paper_cap50/apex_hot_runs/survival_utility_controller_v4_efficient__k1_2_4_6_8_10_12_14_16,survival_utility_controller_v4_efficient__k1_2_4_6_8_10_12_14_16,survival_utility_controller_v4_efficient,k1_2_4_6_8_10_12_14_16,99.36170212765958
slow_only,ngram_sd,code_gen,3402,41469,6955,34514,12.189594356261022,2.0443856554967668,10.145208700764256,0.1011169900058789,0.8322843569895585,2.0443856554967668,results/apexp_block/config_large_500/evaluation/paper_cap50/apex_hot_runs/survival_utility_controller_v4_efficient__k1_2_4_6_8_10_12_14_16,survival_utility_controller_v4_efficient__k1_2_4_6_8_10_12_14_16,survival_utility_controller_v4_efficient,k1_2_4_6_8_10_12_14_16,83.22843569895585
slow_only,ngram_sd,conversational_generation_gen_cap50,11601,183302,9837,173465,15.800534436686492,0.847944142746315,14.952590293940178,0.0237910524954745,0.94633446443574,0.847944142746315,results/apexp_block/config_large_500/evaluation/paper_cap50/apex_hot_runs/survival_utility_controller_v4_efficient__k1_2_4_6_8_10_12_14_16,survival_utility_controller_v4_efficient__k1_2_4_6_8_10_12_14_16,survival_utility_controller_v4_efficient,k1_2_4_6_8_10_12_14_16,94.633446443574
slow_only,ngram_sd,conversational_generation_sft_cap50,12156,193694,9563,184131,15.93402435011517,0.7866897005593946,15.147334649555775,0.015876933201711,0.9506283106342994,0.7866897005593946,results/apexp_block/config_large_500/evaluation/paper_cap50/apex_hot_runs/survival_utility_controller_v4_efficient__k1_2_4_6_8_10_12_14_16,survival_utility_controller_v4_efficient__k1_2_4_6_8_10_12_14_16,survival_utility_controller_v4_efficient,k1_2_4_6_8_10_12_14_16,95.06283106342994
slow_only,ngram_sd,hardware_gen,8268,119869,11722,108147,14.497943880019353,1.4177552007740688,13.080188679245284,0.0550314465408805,0.9022099124877992,1.4177552007740688,results/apexp_block/config_large_500/evaluation/paper_cap50/apex_hot_runs/survival_utility_controller_v4_efficient__k1_2_4_6_8_10_12_14_16,survival_utility_controller_v4_efficient__k1_2_4_6_8_10_12_14_16,survival_utility_controller_v4_efficient,k1_2_4_6_8_10_12_14_16,90.22099124877992
slow_only,ngram_sd,long_chain_reasoning,17465,270900,27488,243412,15.511022044088175,1.5738906384196965,13.93713140566848,0.0480389350128829,0.898530823181986,1.5738906384196965,results/apexp_block/config_large_500/evaluation/paper_cap50/apex_hot_runs/survival_utility_controller_v4_efficient__k1_2_4_6_8_10_12_14_16,survival_utility_controller_v4_efficient__k1_2_4_6_8_10_12_14_16,survival_utility_controller_v4_efficient,k1_2_4_6_8_10_12_14_16,89.8530823181986
slow_only,ngram_sd,long_context_completion,17585,277586,70015,207571,15.785385271538242,3.981518339493887,11.803866932044356,0.1881717372760875,0.7477718616933131,3.981518339493887,results/apexp_block/config_large_500/evaluation/paper_cap50/apex_hot_runs/survival_utility_controller_v4_efficient__k1_2_4_6_8_10_12_14_16,survival_utility_controller_v4_efficient__k1_2_4_6_8_10_12_14_16,survival_utility_controller_v4_efficient,k1_2_4_6_8_10_12_14_16,74.77718616933132
slow_only,ngram_sd,long_horizon_swe,14071,212380,31948,180432,15.09345462298344,2.270485395494279,12.822969227489162,0.1235875204320943,0.8495715227422544,2.270485395494279,results/apexp_block/config_large_500/evaluation/paper_cap50/apex_hot_runs/survival_utility_controller_v4_efficient__k1_2_4_6_8_10_12_14_16,survival_utility_controller_v4_efficient__k1_2_4_6_8_10_12_14_16,survival_utility_controller_v4_efficient,k1_2_4_6_8_10_12_14_16,84.95715227422545
slow_only,ngram_sd,mathematical_reasoning,10038,154424,10982,143442,15.383941024108388,1.0940426379756925,14.289898386132696,0.0227136879856545,0.9288841112780396,1.0940426379756925,results/apexp_block/config_large_500/evaluation/paper_cap50/apex_hot_runs/survival_utility_controller_v4_efficient__k1_2_4_6_8_10_12_14_16,survival_utility_controller_v4_efficient__k1_2_4_6_8_10_12_14_16,survival_utility_controller_v4_efficient,k1_2_4_6_8_10_12_14_16,92.88841112780396
slow_fast,eagle3,code_gen,12345,25400,942,24458,2.057513163223977,0.0763061968408262,1.981206966383151,0.0054272985014175,0.9629133858267716,0.0763061968408262,results/apexp_block/config_large_500/evaluation/paper_cap50/apex_hot_runs/survival_utility_controller_v4_efficient__k1_2_4_8_16,survival_utility_controller_v4_efficient__k1_2_4_8_16,survival_utility_controller_v4_efficient,k1_2_4_8_16,96.29133858267716
slow_fast,eagle3,hardware_gen,2929,5941,138,5803,2.0283373164902696,0.0471150563332195,1.9812222601570504,0.0,0.9767715872748696,0.0471150563332195,results/apexp_block/config_large_500/evaluation/paper_cap50/apex_hot_runs/survival_utility_controller_v4_efficient__k1_2_4_8_16,survival_utility_controller_v4_efficient__k1_2_4_8_16,survival_utility_controller_v4_efficient,k1_2_4_8_16,97.67715872748695
slow_fast,ngram_sd,code_gen,3621,31303,6692,24611,8.644849489091412,1.848108257387462,6.796741231703949,0.1538249102457884,0.7862185732996837,1.848108257387462,results/apexp_block/config_large_500/evaluation/paper_cap50/apex_hot_runs/survival_utility_controller_v4_efficient__k1_2_4_8_16,survival_utility_controller_v4_efficient__k1_2_4_8_16,survival_utility_controller_v4_efficient,k1_2_4_8_16,78.62185732996836
slow_fast,ngram_sd,conversational_generation_gen_cap50,11864,97620,9544,88076,8.228253540121376,0.8044504383007417,7.423803101820634,0.0470330411328388,0.9022331489448884,0.8044504383007417,results/apexp_block/config_large_500/evaluation/paper_cap50/apex_hot_runs/survival_utility_controller_v4_efficient__k1_2_4_8_16,survival_utility_controller_v4_efficient__k1_2_4_8_16,survival_utility_controller_v4_efficient,k1_2_4_8_16,90.22331489448884
slow_fast,ngram_sd,conversational_generation_sft_cap50,12444,102317,9243,93074,8.222195435551269,0.7427675988428158,7.479427836708454,0.0445998071359691,0.9096631058377396,0.7427675988428158,results/apexp_block/config_large_500/evaluation/paper_cap50/apex_hot_runs/survival_utility_controller_v4_efficient__k1_2_4_8_16,survival_utility_controller_v4_efficient__k1_2_4_8_16,survival_utility_controller_v4_efficient,k1_2_4_8_16,90.96631058377396
slow_fast,ngram_sd,hardware_gen,8616,77121,11361,65760,8.950905292479108,1.3185933147632312,7.632311977715878,0.0860027855153203,0.8526860388221107,1.3185933147632312,results/apexp_block/config_large_500/evaluation/paper_cap50/apex_hot_runs/survival_utility_controller_v4_efficient__k1_2_4_8_16,survival_utility_controller_v4_efficient__k1_2_4_8_16,survival_utility_controller_v4_efficient,k1_2_4_8_16,85.26860388221107
slow_fast,ngram_sd,long_chain_reasoning,18205,149468,26717,122751,8.210271903323262,1.4675638560834936,6.742708047239769,0.093545729195276,0.8212527096100838,1.4675638560834936,results/apexp_block/config_large_500/evaluation/paper_cap50/apex_hot_runs/survival_utility_controller_v4_efficient__k1_2_4_8_16,survival_utility_controller_v4_efficient__k1_2_4_8_16,survival_utility_controller_v4_efficient,k1_2_4_8_16,82.12527096100838
slow_fast,ngram_sd,long_context_completion,18966,201129,68547,132582,10.604713698196774,3.614204365707055,6.990509332489719,0.2332595170304756,0.6591888787792909,3.614204365707055,results/apexp_block/config_large_500/evaluation/paper_cap50/apex_hot_runs/survival_utility_controller_v4_efficient__k1_2_4_8_16,survival_utility_controller_v4_efficient__k1_2_4_8_16,survival_utility_controller_v4_efficient,k1_2_4_8_16,65.9188878779291
slow_fast,ngram_sd,long_horizon_swe,14421,136976,31646,105330,9.498370432008876,2.194438665834547,7.303931766174329,0.1460370293322238,0.7689668263053382,2.194438665834547,results/apexp_block/config_large_500/evaluation/paper_cap50/apex_hot_runs/survival_utility_controller_v4_efficient__k1_2_4_8_16,survival_utility_controller_v4_efficient__k1_2_4_8_16,survival_utility_controller_v4_efficient,k1_2_4_8_16,76.89668263053382
slow_fast,ngram_sd,mathematical_reasoning,10406,80341,10603,69738,7.72064193734384,1.0189313857389968,6.701710551604843,0.0602536997885835,0.8680250432531336,1.0189313857389968,results/apexp_block/config_large_500/evaluation/paper_cap50/apex_hot_runs/survival_utility_controller_v4_efficient__k1_2_4_8_16,survival_utility_controller_v4_efficient__k1_2_4_8_16,survival_utility_controller_v4_efficient,k1_2_4_8_16,86.80250432531335
slow_only,eagle3,code_gen,12335,152504,952,151552,12.363518443453588,0.0771787596270774,12.28633968382651,0.0009728415079043,0.9937575407858156,0.0771787596270774,results/apexp_block/config_large_500/evaluation/paper_cap50/apex_hot_runs/survival_utility_controller_v4_efficient__k1_2_4_8_16,survival_utility_controller_v4_efficient__k1_2_4_8_16,survival_utility_controller_v4_efficient,k1_2_4_8_16,99.37575407858155
slow_only,eagle3,hardware_gen,2929,21620,138,21482,7.381358825537726,0.0471150563332195,7.334243769204507,0.0,0.9936170212765958,0.0471150563332195,results/apexp_block/config_large_500/evaluation/paper_cap50/apex_hot_runs/survival_utility_controller_v4_efficient__k1_2_4_8_16,survival_utility_controller_v4_efficient__k1_2_4_8_16,survival_utility_controller_v4_efficient,k1_2_4_8_16,99.36170212765958
slow_only,ngram_sd,code_gen,3402,41469,6955,34514,12.189594356261022,2.0443856554967668,10.145208700764256,0.1011169900058789,0.8322843569895585,2.0443856554967668,results/apexp_block/config_large_500/evaluation/paper_cap50/apex_hot_runs/survival_utility_controller_v4_efficient__k1_2_4_8_16,survival_utility_controller_v4_efficient__k1_2_4_8_16,survival_utility_controller_v4_efficient,k1_2_4_8_16,83.22843569895585
slow_only,ngram_sd,conversational_generation_gen_cap50,11601,183302,9837,173465,15.800534436686492,0.847944142746315,14.952590293940178,0.0237910524954745,0.94633446443574,0.847944142746315,results/apexp_block/config_large_500/evaluation/paper_cap50/apex_hot_runs/survival_utility_controller_v4_efficient__k1_2_4_8_16,survival_utility_controller_v4_efficient__k1_2_4_8_16,survival_utility_controller_v4_efficient,k1_2_4_8_16,94.633446443574
slow_only,ngram_sd,conversational_generation_sft_cap50,12156,193694,9563,184131,15.93402435011517,0.7866897005593946,15.147334649555775,0.015876933201711,0.9506283106342994,0.7866897005593946,results/apexp_block/config_large_500/evaluation/paper_cap50/apex_hot_runs/survival_utility_controller_v4_efficient__k1_2_4_8_16,survival_utility_controller_v4_efficient__k1_2_4_8_16,survival_utility_controller_v4_efficient,k1_2_4_8_16,95.06283106342994
slow_only,ngram_sd,hardware_gen,8268,119869,11722,108147,14.497943880019353,1.4177552007740688,13.080188679245284,0.0550314465408805,0.9022099124877992,1.4177552007740688,results/apexp_block/config_large_500/evaluation/paper_cap50/apex_hot_runs/survival_utility_controller_v4_efficient__k1_2_4_8_16,survival_utility_controller_v4_efficient__k1_2_4_8_16,survival_utility_controller_v4_efficient,k1_2_4_8_16,90.22099124877992
slow_only,ngram_sd,long_chain_reasoning,17465,270900,27488,243412,15.511022044088175,1.5738906384196965,13.93713140566848,0.0480389350128829,0.898530823181986,1.5738906384196965,results/apexp_block/config_large_500/evaluation/paper_cap50/apex_hot_runs/survival_utility_controller_v4_efficient__k1_2_4_8_16,survival_utility_controller_v4_efficient__k1_2_4_8_16,survival_utility_controller_v4_efficient,k1_2_4_8_16,89.8530823181986
slow_only,ngram_sd,long_context_completion,17585,277586,70015,207571,15.785385271538242,3.981518339493887,11.803866932044356,0.1881717372760875,0.7477718616933131,3.981518339493887,results/apexp_block/config_large_500/evaluation/paper_cap50/apex_hot_runs/survival_utility_controller_v4_efficient__k1_2_4_8_16,survival_utility_controller_v4_efficient__k1_2_4_8_16,survival_utility_controller_v4_efficient,k1_2_4_8_16,74.77718616933132
slow_only,ngram_sd,long_horizon_swe,14071,212380,31948,180432,15.09345462298344,2.270485395494279,12.822969227489162,0.1235875204320943,0.8495715227422544,2.270485395494279,results/apexp_block/config_large_500/evaluation/paper_cap50/apex_hot_runs/survival_utility_controller_v4_efficient__k1_2_4_8_16,survival_utility_controller_v4_efficient__k1_2_4_8_16,survival_utility_controller_v4_efficient,k1_2_4_8_16,84.95715227422545
slow_only,ngram_sd,mathematical_reasoning,10038,154424,10982,143442,15.383941024108388,1.0940426379756925,14.289898386132696,0.0227136879856545,0.9288841112780396,1.0940426379756925,results/apexp_block/config_large_500/evaluation/paper_cap50/apex_hot_runs/survival_utility_controller_v4_efficient__k1_2_4_8_16,survival_utility_controller_v4_efficient__k1_2_4_8_16,survival_utility_controller_v4_efficient,k1_2_4_8_16,92.88841112780396
slow_fast,eagle3,code_gen,12345,25406,942,24464,2.0579991899554475,0.0763061968408262,1.9816929931146208,0.0053462940461725,0.9629221443753444,0.0763061968408262,results/apexp_block/config_large_500/evaluation/paper_cap50/apex_hot_runs/survival_utility_controller_v4_efficient__k1_to_16,survival_utility_controller_v4_efficient__k1_to_16,survival_utility_controller_v4_efficient,k1_to_16,96.29221443753444
slow_fast,eagle3,hardware_gen,2929,5941,138,5803,2.0283373164902696,0.0471150563332195,1.9812222601570504,0.0,0.9767715872748696,0.0471150563332195,results/apexp_block/config_large_500/evaluation/paper_cap50/apex_hot_runs/survival_utility_controller_v4_efficient__k1_to_16,survival_utility_controller_v4_efficient__k1_to_16,survival_utility_controller_v4_efficient,k1_to_16,97.67715872748695
slow_fast,ngram_sd,code_gen,3673,31568,6656,24912,8.594609311189764,1.812142662673564,6.782466648516199,0.1562755240947454,0.7891535732387227,1.812142662673564,results/apexp_block/config_large_500/evaluation/paper_cap50/apex_hot_runs/survival_utility_controller_v4_efficient__k1_to_16,survival_utility_controller_v4_efficient__k1_to_16,survival_utility_controller_v4_efficient,k1_to_16,78.91535732387227
slow_fast,ngram_sd,conversational_generation_gen_cap50,11826,101151,9582,91569,8.553272450532724,0.8102486047691527,7.743023845763572,0.0445628276678504,0.905270338404959,0.8102486047691527,results/apexp_block/config_large_500/evaluation/paper_cap50/apex_hot_runs/survival_utility_controller_v4_efficient__k1_to_16,survival_utility_controller_v4_efficient__k1_to_16,survival_utility_controller_v4_efficient,k1_to_16,90.5270338404959
slow_fast,ngram_sd,conversational_generation_sft_cap50,12441,105961,9205,96756,8.517080620528896,0.7398922916164296,7.777188328912467,0.0426010770838357,0.9131284151716198,0.7398922916164296,results/apexp_block/config_large_500/evaluation/paper_cap50/apex_hot_runs/survival_utility_controller_v4_efficient__k1_to_16,survival_utility_controller_v4_efficient__k1_to_16,survival_utility_controller_v4_efficient,k1_to_16,91.31284151716198
slow_fast,ngram_sd,hardware_gen,8551,79577,11405,68172,9.306163021868787,1.3337621330838498,7.972400888784938,0.0829142790316922,0.8566796938813979,1.3337621330838498,results/apexp_block/config_large_500/evaluation/paper_cap50/apex_hot_runs/survival_utility_controller_v4_efficient__k1_to_16,survival_utility_controller_v4_efficient__k1_to_16,survival_utility_controller_v4_efficient,k1_to_16,85.66796938813978
slow_fast,ngram_sd,long_chain_reasoning,18227,150163,26696,123467,8.2384923465189,1.4646403686838207,6.77385197783508,0.0916771822022274,0.8222198544248583,1.4646403686838207,results/apexp_block/config_large_500/evaluation/paper_cap50/apex_hot_runs/survival_utility_controller_v4_efficient__k1_to_16,survival_utility_controller_v4_efficient__k1_to_16,survival_utility_controller_v4_efficient,k1_to_16,82.22198544248583
slow_fast,ngram_sd,long_context_completion,18989,200843,68553,132290,10.576807625467376,3.61014271420296,6.966664911264417,0.2379272210226973,0.6586736903949851,3.61014271420296,results/apexp_block/config_large_500/evaluation/paper_cap50/apex_hot_runs/survival_utility_controller_v4_efficient__k1_to_16,survival_utility_controller_v4_efficient__k1_to_16,survival_utility_controller_v4_efficient,k1_to_16,65.86736903949851
slow_fast,ngram_sd,long_horizon_swe,14380,139874,31656,108218,9.726981919332406,2.2013908205841446,7.525591098748261,0.1413073713490959,0.7736820281110142,2.2013908205841446,results/apexp_block/config_large_500/evaluation/paper_cap50/apex_hot_runs/survival_utility_controller_v4_efficient__k1_to_16,survival_utility_controller_v4_efficient__k1_to_16,survival_utility_controller_v4_efficient,k1_to_16,77.36820281110141
slow_fast,ngram_sd,mathematical_reasoning,10365,81409,10641,70768,7.854220935841775,1.0266280752532562,6.827592860588519,0.0577906415822479,0.8692896362810009,1.0266280752532562,results/apexp_block/config_large_500/evaluation/paper_cap50/apex_hot_runs/survival_utility_controller_v4_efficient__k1_to_16,survival_utility_controller_v4_efficient__k1_to_16,survival_utility_controller_v4_efficient,k1_to_16,86.92896362810009
slow_only,eagle3,code_gen,12335,152504,952,151552,12.363518443453588,0.0771787596270774,12.28633968382651,0.0009728415079043,0.9937575407858156,0.0771787596270774,results/apexp_block/config_large_500/evaluation/paper_cap50/apex_hot_runs/survival_utility_controller_v4_efficient__k1_to_16,survival_utility_controller_v4_efficient__k1_to_16,survival_utility_controller_v4_efficient,k1_to_16,99.37575407858155
slow_only,eagle3,hardware_gen,2929,21620,138,21482,7.381358825537726,0.0471150563332195,7.334243769204507,0.0,0.9936170212765958,0.0471150563332195,results/apexp_block/config_large_500/evaluation/paper_cap50/apex_hot_runs/survival_utility_controller_v4_efficient__k1_to_16,survival_utility_controller_v4_efficient__k1_to_16,survival_utility_controller_v4_efficient,k1_to_16,99.36170212765958
slow_only,ngram_sd,code_gen,3402,41469,6955,34514,12.189594356261022,2.0443856554967668,10.145208700764256,0.1011169900058789,0.8322843569895585,2.0443856554967668,results/apexp_block/config_large_500/evaluation/paper_cap50/apex_hot_runs/survival_utility_controller_v4_efficient__k1_to_16,survival_utility_controller_v4_efficient__k1_to_16,survival_utility_controller_v4_efficient,k1_to_16,83.22843569895585
slow_only,ngram_sd,conversational_generation_gen_cap50,11601,183302,9837,173465,15.800534436686492,0.847944142746315,14.952590293940178,0.0237910524954745,0.94633446443574,0.847944142746315,results/apexp_block/config_large_500/evaluation/paper_cap50/apex_hot_runs/survival_utility_controller_v4_efficient__k1_to_16,survival_utility_controller_v4_efficient__k1_to_16,survival_utility_controller_v4_efficient,k1_to_16,94.633446443574
slow_only,ngram_sd,conversational_generation_sft_cap50,12156,193694,9563,184131,15.93402435011517,0.7866897005593946,15.147334649555775,0.015876933201711,0.9506283106342994,0.7866897005593946,results/apexp_block/config_large_500/evaluation/paper_cap50/apex_hot_runs/survival_utility_controller_v4_efficient__k1_to_16,survival_utility_controller_v4_efficient__k1_to_16,survival_utility_controller_v4_efficient,k1_to_16,95.06283106342994
slow_only,ngram_sd,hardware_gen,8268,119869,11722,108147,14.497943880019353,1.4177552007740688,13.080188679245284,0.0550314465408805,0.9022099124877992,1.4177552007740688,results/apexp_block/config_large_500/evaluation/paper_cap50/apex_hot_runs/survival_utility_controller_v4_efficient__k1_to_16,survival_utility_controller_v4_efficient__k1_to_16,survival_utility_controller_v4_efficient,k1_to_16,90.22099124877992
slow_only,ngram_sd,long_chain_reasoning,17465,270900,27488,243412,15.511022044088175,1.5738906384196965,13.93713140566848,0.0480389350128829,0.898530823181986,1.5738906384196965,results/apexp_block/config_large_500/evaluation/paper_cap50/apex_hot_runs/survival_utility_controller_v4_efficient__k1_to_16,survival_utility_controller_v4_efficient__k1_to_16,survival_utility_controller_v4_efficient,k1_to_16,89.8530823181986
slow_only,ngram_sd,long_context_completion,17585,277586,70015,207571,15.785385271538242,3.981518339493887,11.803866932044356,0.1881717372760875,0.7477718616933131,3.981518339493887,results/apexp_block/config_large_500/evaluation/paper_cap50/apex_hot_runs/survival_utility_controller_v4_efficient__k1_to_16,survival_utility_controller_v4_efficient__k1_to_16,survival_utility_controller_v4_efficient,k1_to_16,74.77718616933132
slow_only,ngram_sd,long_horizon_swe,14071,212380,31948,180432,15.09345462298344,2.270485395494279,12.822969227489162,0.1235875204320943,0.8495715227422544,2.270485395494279,results/apexp_block/config_large_500/evaluation/paper_cap50/apex_hot_runs/survival_utility_controller_v4_efficient__k1_to_16,survival_utility_controller_v4_efficient__k1_to_16,survival_utility_controller_v4_efficient,k1_to_16,84.95715227422545
slow_only,ngram_sd,mathematical_reasoning,10038,154424,10982,143442,15.383941024108388,1.0940426379756925,14.289898386132696,0.0227136879856545,0.9288841112780396,1.0940426379756925,results/apexp_block/config_large_500/evaluation/paper_cap50/apex_hot_runs/survival_utility_controller_v4_efficient__k1_to_16,survival_utility_controller_v4_efficient__k1_to_16,survival_utility_controller_v4_efficient,k1_to_16,92.88841112780396
slow_fast,eagle3,code_gen,12345,25064,942,24122,2.0302956662616443,0.0763061968408262,1.9539894694208184,0.0049412717699473,0.9624162144909032,0.0763061968408262,results/apexp_block/config_large_500/evaluation/paper_cap50/apex_hot_runs/survival_utility_controller_v4_efficient__k2_4_6_8,survival_utility_controller_v4_efficient__k2_4_6_8,survival_utility_controller_v4_efficient,k2_4_6_8,96.24162144909032
slow_fast,eagle3,hardware_gen,2929,5906,138,5768,2.01638784568112,0.0471150563332195,1.9692727893479005,0.0,0.976633931594988,0.0471150563332195,results/apexp_block/config_large_500/evaluation/paper_cap50/apex_hot_runs/survival_utility_controller_v4_efficient__k2_4_6_8,survival_utility_controller_v4_efficient__k2_4_6_8,survival_utility_controller_v4_efficient,k2_4_6_8,97.6633931594988
slow_fast,ngram_sd,code_gen,3797,26980,6507,20473,7.105609691861996,1.713721358967606,5.39188833289439,0.18514616802739,0.7588213491475166,1.713721358967606,results/apexp_block/config_large_500/evaluation/paper_cap50/apex_hot_runs/survival_utility_controller_v4_efficient__k2_4_6_8,survival_utility_controller_v4_efficient__k2_4_6_8,survival_utility_controller_v4_efficient,k2_4_6_8,75.88213491475166
slow_fast,ngram_sd,conversational_generation_gen_cap50,12046,90442,9334,81108,7.5080524655487295,0.7748630250705628,6.733189440478167,0.0577785156898555,0.8967957364941067,0.7748630250705628,results/apexp_block/config_large_500/evaluation/paper_cap50/apex_hot_runs/survival_utility_controller_v4_efficient__k2_4_6_8,survival_utility_controller_v4_efficient__k2_4_6_8,survival_utility_controller_v4_efficient,k2_4_6_8,89.67957364941067
slow_fast,ngram_sd,conversational_generation_sft_cap50,12546,93315,9101,84214,7.437828790052606,0.7254104893990116,6.712418300653595,0.0508528614697911,0.9024701280608692,0.7254104893990116,results/apexp_block/config_large_500/evaluation/paper_cap50/apex_hot_runs/survival_utility_controller_v4_efficient__k2_4_6_8,survival_utility_controller_v4_efficient__k2_4_6_8,survival_utility_controller_v4_efficient,k2_4_6_8,90.24701280608693
slow_fast,ngram_sd,hardware_gen,8860,66695,11081,55614,7.52765237020316,1.2506772009029343,6.276975169300226,0.109706546275395,0.8338556113651698,1.2506772009029343,results/apexp_block/config_large_500/evaluation/paper_cap50/apex_hot_runs/survival_utility_controller_v4_efficient__k2_4_6_8,survival_utility_controller_v4_efficient__k2_4_6_8,survival_utility_controller_v4_efficient,k2_4_6_8,83.38556113651698
slow_fast,ngram_sd,long_chain_reasoning,18779,132683,26151,106532,7.06549869535119,1.3925661643324991,5.672932531018691,0.1189094200969167,0.8029061748679183,1.3925661643324991,results/apexp_block/config_large_500/evaluation/paper_cap50/apex_hot_runs/survival_utility_controller_v4_efficient__k2_4_6_8,survival_utility_controller_v4_efficient__k2_4_6_8,survival_utility_controller_v4_efficient,k2_4_6_8,80.29061748679183
slow_fast,ngram_sd,long_context_completion,22032,167569,65348,102221,7.60570987654321,2.966049382716049,4.639660493827161,0.3175381263616558,0.6100233336715025,2.966049382716049,results/apexp_block/config_large_500/evaluation/paper_cap50/apex_hot_runs/survival_utility_controller_v4_efficient__k2_4_6_8,survival_utility_controller_v4_efficient__k2_4_6_8,survival_utility_controller_v4_efficient,k2_4_6_8,61.00233336715025
slow_fast,ngram_sd,long_horizon_swe,15608,118160,30290,87870,7.5704766786263455,1.9406714505381852,5.62980522808816,0.1982957457713992,0.7436526743398781,1.9406714505381852,results/apexp_block/config_large_500/evaluation/paper_cap50/apex_hot_runs/survival_utility_controller_v4_efficient__k2_4_6_8,survival_utility_controller_v4_efficient__k2_4_6_8,survival_utility_controller_v4_efficient,k2_4_6_8,74.36526743398781
slow_fast,ngram_sd,mathematical_reasoning,10461,73477,10495,62982,7.023898288882516,1.003250167288022,6.020648121594494,0.0653857183825638,0.8571661880588484,1.003250167288022,results/apexp_block/config_large_500/evaluation/paper_cap50/apex_hot_runs/survival_utility_controller_v4_efficient__k2_4_6_8,survival_utility_controller_v4_efficient__k2_4_6_8,survival_utility_controller_v4_efficient,k2_4_6_8,85.71661880588483
slow_only,eagle3,code_gen,12335,152504,952,151552,12.363518443453588,0.0771787596270774,12.28633968382651,0.0009728415079043,0.9937575407858156,0.0771787596270774,results/apexp_block/config_large_500/evaluation/paper_cap50/apex_hot_runs/survival_utility_controller_v4_efficient__k2_4_6_8,survival_utility_controller_v4_efficient__k2_4_6_8,survival_utility_controller_v4_efficient,k2_4_6_8,99.37575407858155
slow_only,eagle3,hardware_gen,2929,21620,138,21482,7.381358825537726,0.0471150563332195,7.334243769204507,0.0,0.9936170212765958,0.0471150563332195,results/apexp_block/config_large_500/evaluation/paper_cap50/apex_hot_runs/survival_utility_controller_v4_efficient__k2_4_6_8,survival_utility_controller_v4_efficient__k2_4_6_8,survival_utility_controller_v4_efficient,k2_4_6_8,99.36170212765958
slow_only,ngram_sd,code_gen,3402,41469,6955,34514,12.189594356261022,2.0443856554967668,10.145208700764256,0.1011169900058789,0.8322843569895585,2.0443856554967668,results/apexp_block/config_large_500/evaluation/paper_cap50/apex_hot_runs/survival_utility_controller_v4_efficient__k2_4_6_8,survival_utility_controller_v4_efficient__k2_4_6_8,survival_utility_controller_v4_efficient,k2_4_6_8,83.22843569895585
slow_only,ngram_sd,conversational_generation_gen_cap50,11601,183302,9837,173465,15.800534436686492,0.847944142746315,14.952590293940178,0.0237910524954745,0.94633446443574,0.847944142746315,results/apexp_block/config_large_500/evaluation/paper_cap50/apex_hot_runs/survival_utility_controller_v4_efficient__k2_4_6_8,survival_utility_controller_v4_efficient__k2_4_6_8,survival_utility_controller_v4_efficient,k2_4_6_8,94.633446443574
slow_only,ngram_sd,conversational_generation_sft_cap50,12156,193694,9563,184131,15.93402435011517,0.7866897005593946,15.147334649555775,0.015876933201711,0.9506283106342994,0.7866897005593946,results/apexp_block/config_large_500/evaluation/paper_cap50/apex_hot_runs/survival_utility_controller_v4_efficient__k2_4_6_8,survival_utility_controller_v4_efficient__k2_4_6_8,survival_utility_controller_v4_efficient,k2_4_6_8,95.06283106342994
slow_only,ngram_sd,hardware_gen,8268,119869,11722,108147,14.497943880019353,1.4177552007740688,13.080188679245284,0.0550314465408805,0.9022099124877992,1.4177552007740688,results/apexp_block/config_large_500/evaluation/paper_cap50/apex_hot_runs/survival_utility_controller_v4_efficient__k2_4_6_8,survival_utility_controller_v4_efficient__k2_4_6_8,survival_utility_controller_v4_efficient,k2_4_6_8,90.22099124877992
slow_only,ngram_sd,long_chain_reasoning,17465,270900,27488,243412,15.511022044088175,1.5738906384196965,13.93713140566848,0.0480389350128829,0.898530823181986,1.5738906384196965,results/apexp_block/config_large_500/evaluation/paper_cap50/apex_hot_runs/survival_utility_controller_v4_efficient__k2_4_6_8,survival_utility_controller_v4_efficient__k2_4_6_8,survival_utility_controller_v4_efficient,k2_4_6_8,89.8530823181986
slow_only,ngram_sd,long_context_completion,17585,277586,70015,207571,15.785385271538242,3.981518339493887,11.803866932044356,0.1881717372760875,0.7477718616933131,3.981518339493887,results/apexp_block/config_large_500/evaluation/paper_cap50/apex_hot_runs/survival_utility_controller_v4_efficient__k2_4_6_8,survival_utility_controller_v4_efficient__k2_4_6_8,survival_utility_controller_v4_efficient,k2_4_6_8,74.77718616933132
slow_only,ngram_sd,long_horizon_swe,14071,212380,31948,180432,15.09345462298344,2.270485395494279,12.822969227489162,0.1235875204320943,0.8495715227422544,2.270485395494279,results/apexp_block/config_large_500/evaluation/paper_cap50/apex_hot_runs/survival_utility_controller_v4_efficient__k2_4_6_8,survival_utility_controller_v4_efficient__k2_4_6_8,survival_utility_controller_v4_efficient,k2_4_6_8,84.95715227422545
slow_only,ngram_sd,mathematical_reasoning,10038,154424,10982,143442,15.383941024108388,1.0940426379756925,14.289898386132696,0.0227136879856545,0.9288841112780396,1.0940426379756925,results/apexp_block/config_large_500/evaluation/paper_cap50/apex_hot_runs/survival_utility_controller_v4_efficient__k2_4_6_8,survival_utility_controller_v4_efficient__k2_4_6_8,survival_utility_controller_v4_efficient,k2_4_6_8,92.88841112780396
slow_fast,eagle3,code_gen,12336,46691,951,45740,3.784938391699092,0.0770914396887159,3.707846952010376,0.0006485084306095,0.9796320490030198,0.0770914396887159,results/apexp_block/config_large_500/evaluation/paper_cap50/apex_hot_runs/survival_utility_controller_v4_speed_first__k1_2_4_6_8_10_12_14_16,survival_utility_controller_v4_speed_first__k1_2_4_6_8_10_12_14_16,survival_utility_controller_v4_speed_first,k1_2_4_6_8_10_12_14_16,97.96320490030197
slow_fast,eagle3,hardware_gen,2929,8872,138,8734,3.02902014339365,0.0471150563332195,2.9819050870604302,0.0,0.9844454463480612,0.0471150563332195,results/apexp_block/config_large_500/evaluation/paper_cap50/apex_hot_runs/survival_utility_controller_v4_speed_first__k1_2_4_6_8_10_12_14_16,survival_utility_controller_v4_speed_first__k1_2_4_6_8_10_12_14_16,survival_utility_controller_v4_speed_first,k1_2_4_6_8_10_12_14_16,98.44454463480612
slow_fast,ngram_sd,code_gen,3364,46329,6988,39341,13.771997621878716,2.0772889417360285,11.694708680142687,0.0850178359096314,0.8491657493146841,2.0772889417360285,results/apexp_block/config_large_500/evaluation/paper_cap50/apex_hot_runs/survival_utility_controller_v4_speed_first__k1_2_4_6_8_10_12_14_16,survival_utility_controller_v4_speed_first__k1_2_4_6_8_10_12_14_16,survival_utility_controller_v4_speed_first,k1_2_4_6_8_10_12_14_16,84.91657493146842
slow_fast,ngram_sd,conversational_generation_gen_cap50,11612,159304,9811,149493,13.71891147089218,0.8449018256975542,12.874009645194626,0.0248880468480881,0.9384133480640788,0.8449018256975542,results/apexp_block/config_large_500/evaluation/paper_cap50/apex_hot_runs/survival_utility_controller_v4_speed_first__k1_2_4_6_8_10_12_14_16,survival_utility_controller_v4_speed_first__k1_2_4_6_8_10_12_14_16,survival_utility_controller_v4_speed_first,k1_2_4_6_8_10_12_14_16,93.84133480640789
slow_fast,ngram_sd,conversational_generation_sft_cap50,12188,165220,9484,155736,13.555956678700362,0.7781424351821463,12.777814243518216,0.0180505415162454,0.9425977484566032,0.7781424351821463,results/apexp_block/config_large_500/evaluation/paper_cap50/apex_hot_runs/survival_utility_controller_v4_speed_first__k1_2_4_6_8_10_12_14_16,survival_utility_controller_v4_speed_first__k1_2_4_6_8_10_12_14_16,survival_utility_controller_v4_speed_first,k1_2_4_6_8_10_12_14_16,94.25977484566032
slow_fast,ngram_sd,hardware_gen,8239,117832,11791,106041,14.30173564753004,1.4311202815875712,12.870615365942468,0.0509770603228547,0.8999338040600177,1.4311202815875712,results/apexp_block/config_large_500/evaluation/paper_cap50/apex_hot_runs/survival_utility_controller_v4_speed_first__k1_2_4_6_8_10_12_14_16,survival_utility_controller_v4_speed_first__k1_2_4_6_8_10_12_14_16,survival_utility_controller_v4_speed_first,k1_2_4_6_8_10_12_14_16,89.99338040600176
slow_fast,ngram_sd,long_chain_reasoning,17461,236088,27484,208604,13.520875093064545,1.5740221064085678,11.946852986655976,0.0503407594066777,0.8835857815729727,1.5740221064085678,results/apexp_block/config_large_500/evaluation/paper_cap50/apex_hot_runs/survival_utility_controller_v4_speed_first__k1_2_4_6_8_10_12_14_16,survival_utility_controller_v4_speed_first__k1_2_4_6_8_10_12_14_16,survival_utility_controller_v4_speed_first,k1_2_4_6_8_10_12_14_16,88.35857815729727
slow_fast,ngram_sd,long_context_completion,17653,265729,69905,195824,15.052908854019147,3.959950150116128,11.09295870390302,0.1889197303574463,0.7369312344531459,3.959950150116128,results/apexp_block/config_large_500/evaluation/paper_cap50/apex_hot_runs/survival_utility_controller_v4_speed_first__k1_2_4_6_8_10_12_14_16,survival_utility_controller_v4_speed_first__k1_2_4_6_8_10_12_14_16,survival_utility_controller_v4_speed_first,k1_2_4_6_8_10_12_14_16,73.69312344531458
slow_fast,ngram_sd,long_horizon_swe,13759,204299,32286,172013,14.848390144632605,2.346536812268333,12.50185333236427,0.1075659568282578,0.8419669210324083,2.346536812268333,results/apexp_block/config_large_500/evaluation/paper_cap50/apex_hot_runs/survival_utility_controller_v4_speed_first__k1_2_4_6_8_10_12_14_16,survival_utility_controller_v4_speed_first__k1_2_4_6_8_10_12_14_16,survival_utility_controller_v4_speed_first,k1_2_4_6_8_10_12_14_16,84.19669210324084
slow_fast,ngram_sd,mathematical_reasoning,10007,142623,11023,131600,14.252323373638452,1.1015289297491755,13.150794443889277,0.0214849605276306,0.922712325501497,1.1015289297491755,results/apexp_block/config_large_500/evaluation/paper_cap50/apex_hot_runs/survival_utility_controller_v4_speed_first__k1_2_4_6_8_10_12_14_16,survival_utility_controller_v4_speed_first__k1_2_4_6_8_10_12_14_16,survival_utility_controller_v4_speed_first,k1_2_4_6_8_10_12_14_16,92.27123255014969
slow_only,eagle3,code_gen,12335,152504,952,151552,12.363518443453588,0.0771787596270774,12.28633968382651,0.0009728415079043,0.9937575407858156,0.0771787596270774,results/apexp_block/config_large_500/evaluation/paper_cap50/apex_hot_runs/survival_utility_controller_v4_speed_first__k1_2_4_6_8_10_12_14_16,survival_utility_controller_v4_speed_first__k1_2_4_6_8_10_12_14_16,survival_utility_controller_v4_speed_first,k1_2_4_6_8_10_12_14_16,99.37575407858155
slow_only,eagle3,hardware_gen,2929,21620,138,21482,7.381358825537726,0.0471150563332195,7.334243769204507,0.0,0.9936170212765958,0.0471150563332195,results/apexp_block/config_large_500/evaluation/paper_cap50/apex_hot_runs/survival_utility_controller_v4_speed_first__k1_2_4_6_8_10_12_14_16,survival_utility_controller_v4_speed_first__k1_2_4_6_8_10_12_14_16,survival_utility_controller_v4_speed_first,k1_2_4_6_8_10_12_14_16,99.36170212765958
slow_only,ngram_sd,code_gen,3402,41469,6955,34514,12.189594356261022,2.0443856554967668,10.145208700764256,0.1011169900058789,0.8322843569895585,2.0443856554967668,results/apexp_block/config_large_500/evaluation/paper_cap50/apex_hot_runs/survival_utility_controller_v4_speed_first__k1_2_4_6_8_10_12_14_16,survival_utility_controller_v4_speed_first__k1_2_4_6_8_10_12_14_16,survival_utility_controller_v4_speed_first,k1_2_4_6_8_10_12_14_16,83.22843569895585
slow_only,ngram_sd,conversational_generation_gen_cap50,11601,183302,9837,173465,15.800534436686492,0.847944142746315,14.952590293940178,0.0237910524954745,0.94633446443574,0.847944142746315,results/apexp_block/config_large_500/evaluation/paper_cap50/apex_hot_runs/survival_utility_controller_v4_speed_first__k1_2_4_6_8_10_12_14_16,survival_utility_controller_v4_speed_first__k1_2_4_6_8_10_12_14_16,survival_utility_controller_v4_speed_first,k1_2_4_6_8_10_12_14_16,94.633446443574
slow_only,ngram_sd,conversational_generation_sft_cap50,12156,193694,9563,184131,15.93402435011517,0.7866897005593946,15.147334649555775,0.015876933201711,0.9506283106342994,0.7866897005593946,results/apexp_block/config_large_500/evaluation/paper_cap50/apex_hot_runs/survival_utility_controller_v4_speed_first__k1_2_4_6_8_10_12_14_16,survival_utility_controller_v4_speed_first__k1_2_4_6_8_10_12_14_16,survival_utility_controller_v4_speed_first,k1_2_4_6_8_10_12_14_16,95.06283106342994
slow_only,ngram_sd,hardware_gen,8268,119869,11722,108147,14.497943880019353,1.4177552007740688,13.080188679245284,0.0550314465408805,0.9022099124877992,1.4177552007740688,results/apexp_block/config_large_500/evaluation/paper_cap50/apex_hot_runs/survival_utility_controller_v4_speed_first__k1_2_4_6_8_10_12_14_16,survival_utility_controller_v4_speed_first__k1_2_4_6_8_10_12_14_16,survival_utility_controller_v4_speed_first,k1_2_4_6_8_10_12_14_16,90.22099124877992
slow_only,ngram_sd,long_chain_reasoning,17465,270900,27488,243412,15.511022044088175,1.5738906384196965,13.93713140566848,0.0480389350128829,0.898530823181986,1.5738906384196965,results/apexp_block/config_large_500/evaluation/paper_cap50/apex_hot_runs/survival_utility_controller_v4_speed_first__k1_2_4_6_8_10_12_14_16,survival_utility_controller_v4_speed_first__k1_2_4_6_8_10_12_14_16,survival_utility_controller_v4_speed_first,k1_2_4_6_8_10_12_14_16,89.8530823181986
slow_only,ngram_sd,long_context_completion,17585,277586,70015,207571,15.785385271538242,3.981518339493887,11.803866932044356,0.1881717372760875,0.7477718616933131,3.981518339493887,results/apexp_block/config_large_500/evaluation/paper_cap50/apex_hot_runs/survival_utility_controller_v4_speed_first__k1_2_4_6_8_10_12_14_16,survival_utility_controller_v4_speed_first__k1_2_4_6_8_10_12_14_16,survival_utility_controller_v4_speed_first,k1_2_4_6_8_10_12_14_16,74.77718616933132
slow_only,ngram_sd,long_horizon_swe,14071,212380,31948,180432,15.09345462298344,2.270485395494279,12.822969227489162,0.1235875204320943,0.8495715227422544,2.270485395494279,results/apexp_block/config_large_500/evaluation/paper_cap50/apex_hot_runs/survival_utility_controller_v4_speed_first__k1_2_4_6_8_10_12_14_16,survival_utility_controller_v4_speed_first__k1_2_4_6_8_10_12_14_16,survival_utility_controller_v4_speed_first,k1_2_4_6_8_10_12_14_16,84.95715227422545
slow_only,ngram_sd,mathematical_reasoning,10038,154424,10982,143442,15.383941024108388,1.0940426379756925,14.289898386132696,0.0227136879856545,0.9288841112780396,1.0940426379756925,results/apexp_block/config_large_500/evaluation/paper_cap50/apex_hot_runs/survival_utility_controller_v4_speed_first__k1_2_4_6_8_10_12_14_16,survival_utility_controller_v4_speed_first__k1_2_4_6_8_10_12_14_16,survival_utility_controller_v4_speed_first,k1_2_4_6_8_10_12_14_16,92.88841112780396
slow_fast,eagle3,code_gen,12336,46121,951,45170,3.738732166018158,0.0770914396887159,3.661640726329442,0.0006485084306095,0.9793803256650984,0.0770914396887159,results/apexp_block/config_large_500/evaluation/paper_cap50/apex_hot_runs/survival_utility_controller_v4_speed_first__k1_2_4_8_16,survival_utility_controller_v4_speed_first__k1_2_4_8_16,survival_utility_controller_v4_speed_first,k1_2_4_8_16,97.93803256650983
slow_fast,eagle3,hardware_gen,2929,8874,138,8736,3.0297029702970297,0.0471150563332195,2.98258791396381,0.0,0.9844489519945908,0.0471150563332195,results/apexp_block/config_large_500/evaluation/paper_cap50/apex_hot_runs/survival_utility_controller_v4_speed_first__k1_2_4_8_16,survival_utility_controller_v4_speed_first__k1_2_4_8_16,survival_utility_controller_v4_speed_first,k1_2_4_8_16,98.44489519945908
slow_fast,ngram_sd,code_gen,3347,47196,7020,40176,14.100985957573949,2.097400657305049,12.003585300268895,0.0857484314311323,0.851258581235698,2.097400657305049,results/apexp_block/config_large_500/evaluation/paper_cap50/apex_hot_runs/survival_utility_controller_v4_speed_first__k1_2_4_8_16,survival_utility_controller_v4_speed_first__k1_2_4_8_16,survival_utility_controller_v4_speed_first,k1_2_4_8_16,85.1258581235698
slow_fast,ngram_sd,conversational_generation_gen_cap50,11618,165202,9821,155381,14.219487002926494,0.8453262179376829,13.37416078498881,0.0253055603374074,0.9405515671723104,0.8453262179376829,results/apexp_block/config_large_500/evaluation/paper_cap50/apex_hot_runs/survival_utility_controller_v4_speed_first__k1_2_4_8_16,survival_utility_controller_v4_speed_first__k1_2_4_8_16,survival_utility_controller_v4_speed_first,k1_2_4_8_16,94.05515671723104
slow_fast,ngram_sd,conversational_generation_sft_cap50,12180,170481,9505,160976,13.99679802955665,0.7803776683087028,13.216420361247948,0.0198686371100164,0.9442459863562508,0.7803776683087028,results/apexp_block/config_large_500/evaluation/paper_cap50/apex_hot_runs/survival_utility_controller_v4_speed_first__k1_2_4_8_16,survival_utility_controller_v4_speed_first__k1_2_4_8_16,survival_utility_controller_v4_speed_first,k1_2_4_8_16,94.42459863562507
slow_fast,ngram_sd,hardware_gen,8235,121604,11761,109843,14.766727383120823,1.4281724347298117,13.338554948391014,0.0517304189435336,0.9032844314331764,1.4281724347298117,results/apexp_block/config_large_500/evaluation/paper_cap50/apex_hot_runs/survival_utility_controller_v4_speed_first__k1_2_4_8_16,survival_utility_controller_v4_speed_first__k1_2_4_8_16,survival_utility_controller_v4_speed_first,k1_2_4_8_16,90.32844314331764
slow_fast,ngram_sd,long_chain_reasoning,17514,241672,27436,214236,13.798789539796736,1.5665182140002285,12.232271325796503,0.0526435994061893,0.8864742295342447,1.5665182140002285,results/apexp_block/config_large_500/evaluation/paper_cap50/apex_hot_runs/survival_utility_controller_v4_speed_first__k1_2_4_8_16,survival_utility_controller_v4_speed_first__k1_2_4_8_16,survival_utility_controller_v4_speed_first,k1_2_4_8_16,88.64742295342447
slow_fast,ngram_sd,long_context_completion,17608,267975,69970,198005,15.218934575193094,3.973761926397092,11.245172648796002,0.1892321671967287,0.7388935535031252,3.973761926397092,results/apexp_block/config_large_500/evaluation/paper_cap50/apex_hot_runs/survival_utility_controller_v4_speed_first__k1_2_4_8_16,survival_utility_controller_v4_speed_first__k1_2_4_8_16,survival_utility_controller_v4_speed_first,k1_2_4_8_16,73.88935535031253
slow_fast,ngram_sd,long_horizon_swe,13804,208665,32271,176394,15.11627064618951,2.337800637496378,12.778470008693132,0.1064908722109533,0.8453454101071095,2.337800637496378,results/apexp_block/config_large_500/evaluation/paper_cap50/apex_hot_runs/survival_utility_controller_v4_speed_first__k1_2_4_8_16,survival_utility_controller_v4_speed_first__k1_2_4_8_16,survival_utility_controller_v4_speed_first,k1_2_4_8_16,84.53454101071095
slow_fast,ngram_sd,mathematical_reasoning,10035,146557,10981,135576,14.604583956153462,1.0942700548081714,13.510313901345292,0.0213253612356751,0.92507352088266,1.0942700548081714,results/apexp_block/config_large_500/evaluation/paper_cap50/apex_hot_runs/survival_utility_controller_v4_speed_first__k1_2_4_8_16,survival_utility_controller_v4_speed_first__k1_2_4_8_16,survival_utility_controller_v4_speed_first,k1_2_4_8_16,92.507352088266
slow_only,eagle3,code_gen,12335,152504,952,151552,12.363518443453588,0.0771787596270774,12.28633968382651,0.0009728415079043,0.9937575407858156,0.0771787596270774,results/apexp_block/config_large_500/evaluation/paper_cap50/apex_hot_runs/survival_utility_controller_v4_speed_first__k1_2_4_8_16,survival_utility_controller_v4_speed_first__k1_2_4_8_16,survival_utility_controller_v4_speed_first,k1_2_4_8_16,99.37575407858155
slow_only,eagle3,hardware_gen,2929,21620,138,21482,7.381358825537726,0.0471150563332195,7.334243769204507,0.0,0.9936170212765958,0.0471150563332195,results/apexp_block/config_large_500/evaluation/paper_cap50/apex_hot_runs/survival_utility_controller_v4_speed_first__k1_2_4_8_16,survival_utility_controller_v4_speed_first__k1_2_4_8_16,survival_utility_controller_v4_speed_first,k1_2_4_8_16,99.36170212765958
slow_only,ngram_sd,code_gen,3402,41469,6955,34514,12.189594356261022,2.0443856554967668,10.145208700764256,0.1011169900058789,0.8322843569895585,2.0443856554967668,results/apexp_block/config_large_500/evaluation/paper_cap50/apex_hot_runs/survival_utility_controller_v4_speed_first__k1_2_4_8_16,survival_utility_controller_v4_speed_first__k1_2_4_8_16,survival_utility_controller_v4_speed_first,k1_2_4_8_16,83.22843569895585
slow_only,ngram_sd,conversational_generation_gen_cap50,11601,183302,9837,173465,15.800534436686492,0.847944142746315,14.952590293940178,0.0237910524954745,0.94633446443574,0.847944142746315,results/apexp_block/config_large_500/evaluation/paper_cap50/apex_hot_runs/survival_utility_controller_v4_speed_first__k1_2_4_8_16,survival_utility_controller_v4_speed_first__k1_2_4_8_16,survival_utility_controller_v4_speed_first,k1_2_4_8_16,94.633446443574
slow_only,ngram_sd,conversational_generation_sft_cap50,12156,193694,9563,184131,15.93402435011517,0.7866897005593946,15.147334649555775,0.015876933201711,0.9506283106342994,0.7866897005593946,results/apexp_block/config_large_500/evaluation/paper_cap50/apex_hot_runs/survival_utility_controller_v4_speed_first__k1_2_4_8_16,survival_utility_controller_v4_speed_first__k1_2_4_8_16,survival_utility_controller_v4_speed_first,k1_2_4_8_16,95.06283106342994
slow_only,ngram_sd,hardware_gen,8268,119869,11722,108147,14.497943880019353,1.4177552007740688,13.080188679245284,0.0550314465408805,0.9022099124877992,1.4177552007740688,results/apexp_block/config_large_500/evaluation/paper_cap50/apex_hot_runs/survival_utility_controller_v4_speed_first__k1_2_4_8_16,survival_utility_controller_v4_speed_first__k1_2_4_8_16,survival_utility_controller_v4_speed_first,k1_2_4_8_16,90.22099124877992
slow_only,ngram_sd,long_chain_reasoning,17465,270900,27488,243412,15.511022044088175,1.5738906384196965,13.93713140566848,0.0480389350128829,0.898530823181986,1.5738906384196965,results/apexp_block/config_large_500/evaluation/paper_cap50/apex_hot_runs/survival_utility_controller_v4_speed_first__k1_2_4_8_16,survival_utility_controller_v4_speed_first__k1_2_4_8_16,survival_utility_controller_v4_speed_first,k1_2_4_8_16,89.8530823181986
slow_only,ngram_sd,long_context_completion,17585,277586,70015,207571,15.785385271538242,3.981518339493887,11.803866932044356,0.1881717372760875,0.7477718616933131,3.981518339493887,results/apexp_block/config_large_500/evaluation/paper_cap50/apex_hot_runs/survival_utility_controller_v4_speed_first__k1_2_4_8_16,survival_utility_controller_v4_speed_first__k1_2_4_8_16,survival_utility_controller_v4_speed_first,k1_2_4_8_16,74.77718616933132
slow_only,ngram_sd,long_horizon_swe,14071,212380,31948,180432,15.09345462298344,2.270485395494279,12.822969227489162,0.1235875204320943,0.8495715227422544,2.270485395494279,results/apexp_block/config_large_500/evaluation/paper_cap50/apex_hot_runs/survival_utility_controller_v4_speed_first__k1_2_4_8_16,survival_utility_controller_v4_speed_first__k1_2_4_8_16,survival_utility_controller_v4_speed_first,k1_2_4_8_16,84.95715227422545
slow_only,ngram_sd,mathematical_reasoning,10038,154424,10982,143442,15.383941024108388,1.0940426379756925,14.289898386132696,0.0227136879856545,0.9288841112780396,1.0940426379756925,results/apexp_block/config_large_500/evaluation/paper_cap50/apex_hot_runs/survival_utility_controller_v4_speed_first__k1_2_4_8_16,survival_utility_controller_v4_speed_first__k1_2_4_8_16,survival_utility_controller_v4_speed_first,k1_2_4_8_16,92.88841112780396
slow_fast,eagle3,code_gen,12335,44226,952,43274,3.585407377381435,0.0771787596270774,3.5082286177543573,0.0004053506282934,0.9784742006964228,0.0771787596270774,results/apexp_block/config_large_500/evaluation/paper_cap50/apex_hot_runs/survival_utility_controller_v4_speed_first__k1_to_16,survival_utility_controller_v4_speed_first__k1_to_16,survival_utility_controller_v4_speed_first,k1_to_16,97.84742006964228
slow_fast,eagle3,hardware_gen,2929,9099,138,8961,3.106520996927279,0.0471150563332195,3.0594059405940595,0.0,0.984833498186614,0.0471150563332195,results/apexp_block/config_large_500/evaluation/paper_cap50/apex_hot_runs/survival_utility_controller_v4_speed_first__k1_to_16,survival_utility_controller_v4_speed_first__k1_to_16,survival_utility_controller_v4_speed_first,k1_to_16,98.48334981866141
slow_fast,ngram_sd,code_gen,3361,46280,6997,39283,13.76971139541803,2.0818208866408807,11.68789050877715,0.0842011306158881,0.8488115816767502,2.0818208866408807,results/apexp_block/config_large_500/evaluation/paper_cap50/apex_hot_runs/survival_utility_controller_v4_speed_first__k1_to_16,survival_utility_controller_v4_speed_first__k1_to_16,survival_utility_controller_v4_speed_first,k1_to_16,84.88115816767503
slow_fast,ngram_sd,conversational_generation_gen_cap50,11621,159671,9807,149864,13.739867481283882,0.8439032785474572,12.895964202736426,0.0246106187075122,0.9385799550325356,0.8439032785474572,results/apexp_block/config_large_500/evaluation/paper_cap50/apex_hot_runs/survival_utility_controller_v4_speed_first__k1_to_16,survival_utility_controller_v4_speed_first__k1_to_16,survival_utility_controller_v4_speed_first,k1_to_16,93.85799550325356
slow_fast,ngram_sd,conversational_generation_sft_cap50,12190,165162,9495,155667,13.548974569319114,0.7789171452009844,12.77005742411813,0.0180475799835931,0.9425109892105932,0.7789171452009844,results/apexp_block/config_large_500/evaluation/paper_cap50/apex_hot_runs/survival_utility_controller_v4_speed_first__k1_to_16,survival_utility_controller_v4_speed_first__k1_to_16,survival_utility_controller_v4_speed_first,k1_to_16,94.25109892105932
slow_fast,ngram_sd,hardware_gen,8235,117656,11766,105890,14.287310261080751,1.4287795992714023,12.85853066180935,0.050394656952034,0.8999966002583804,1.4287795992714023,results/apexp_block/config_large_500/evaluation/paper_cap50/apex_hot_runs/survival_utility_controller_v4_speed_first__k1_to_16,survival_utility_controller_v4_speed_first__k1_to_16,survival_utility_controller_v4_speed_first,k1_to_16,89.99966002583804
slow_fast,ngram_sd,long_chain_reasoning,17489,236437,27451,208986,13.519183486763108,1.5696151866887758,11.949568300074333,0.0506604151180742,0.8838971903720653,1.5696151866887758,results/apexp_block/config_large_500/evaluation/paper_cap50/apex_hot_runs/survival_utility_controller_v4_speed_first__k1_to_16,survival_utility_controller_v4_speed_first__k1_to_16,survival_utility_controller_v4_speed_first,k1_to_16,88.38971903720653
slow_fast,ngram_sd,long_context_completion,17652,265680,69914,195766,15.05098572399728,3.960684341717653,11.090301382279629,0.1890437344210288,0.7368488407106293,3.960684341717653,results/apexp_block/config_large_500/evaluation/paper_cap50/apex_hot_runs/survival_utility_controller_v4_speed_first__k1_to_16,survival_utility_controller_v4_speed_first__k1_to_16,survival_utility_controller_v4_speed_first,k1_to_16,73.68488407106292
slow_fast,ngram_sd,long_horizon_swe,13610,202075,32506,169569,14.847538574577516,2.388390889052168,12.459147685525348,0.1102130786186627,0.8391389335642707,2.388390889052168,results/apexp_block/config_large_500/evaluation/paper_cap50/apex_hot_runs/survival_utility_controller_v4_speed_first__k1_to_16,survival_utility_controller_v4_speed_first__k1_to_16,survival_utility_controller_v4_speed_first,k1_to_16,83.91389335642707
slow_fast,ngram_sd,mathematical_reasoning,10013,142684,11028,131656,14.249875162289024,1.101368221312294,13.14850694097673,0.0214720862878258,0.9227103249137956,1.101368221312294,results/apexp_block/config_large_500/evaluation/paper_cap50/apex_hot_runs/survival_utility_controller_v4_speed_first__k1_to_16,survival_utility_controller_v4_speed_first__k1_to_16,survival_utility_controller_v4_speed_first,k1_to_16,92.27103249137956
slow_only,eagle3,code_gen,12335,152504,952,151552,12.363518443453588,0.0771787596270774,12.28633968382651,0.0009728415079043,0.9937575407858156,0.0771787596270774,results/apexp_block/config_large_500/evaluation/paper_cap50/apex_hot_runs/survival_utility_controller_v4_speed_first__k1_to_16,survival_utility_controller_v4_speed_first__k1_to_16,survival_utility_controller_v4_speed_first,k1_to_16,99.37575407858155
slow_only,eagle3,hardware_gen,2929,21620,138,21482,7.381358825537726,0.0471150563332195,7.334243769204507,0.0,0.9936170212765958,0.0471150563332195,results/apexp_block/config_large_500/evaluation/paper_cap50/apex_hot_runs/survival_utility_controller_v4_speed_first__k1_to_16,survival_utility_controller_v4_speed_first__k1_to_16,survival_utility_controller_v4_speed_first,k1_to_16,99.36170212765958
slow_only,ngram_sd,code_gen,3402,41469,6955,34514,12.189594356261022,2.0443856554967668,10.145208700764256,0.1011169900058789,0.8322843569895585,2.0443856554967668,results/apexp_block/config_large_500/evaluation/paper_cap50/apex_hot_runs/survival_utility_controller_v4_speed_first__k1_to_16,survival_utility_controller_v4_speed_first__k1_to_16,survival_utility_controller_v4_speed_first,k1_to_16,83.22843569895585
slow_only,ngram_sd,conversational_generation_gen_cap50,11601,183302,9837,173465,15.800534436686492,0.847944142746315,14.952590293940178,0.0237910524954745,0.94633446443574,0.847944142746315,results/apexp_block/config_large_500/evaluation/paper_cap50/apex_hot_runs/survival_utility_controller_v4_speed_first__k1_to_16,survival_utility_controller_v4_speed_first__k1_to_16,survival_utility_controller_v4_speed_first,k1_to_16,94.633446443574
slow_only,ngram_sd,conversational_generation_sft_cap50,12156,193694,9563,184131,15.93402435011517,0.7866897005593946,15.147334649555775,0.015876933201711,0.9506283106342994,0.7866897005593946,results/apexp_block/config_large_500/evaluation/paper_cap50/apex_hot_runs/survival_utility_controller_v4_speed_first__k1_to_16,survival_utility_controller_v4_speed_first__k1_to_16,survival_utility_controller_v4_speed_first,k1_to_16,95.06283106342994
slow_only,ngram_sd,hardware_gen,8268,119869,11722,108147,14.497943880019353,1.4177552007740688,13.080188679245284,0.0550314465408805,0.9022099124877992,1.4177552007740688,results/apexp_block/config_large_500/evaluation/paper_cap50/apex_hot_runs/survival_utility_controller_v4_speed_first__k1_to_16,survival_utility_controller_v4_speed_first__k1_to_16,survival_utility_controller_v4_speed_first,k1_to_16,90.22099124877992
slow_only,ngram_sd,long_chain_reasoning,17465,270900,27488,243412,15.511022044088175,1.5738906384196965,13.93713140566848,0.0480389350128829,0.898530823181986,1.5738906384196965,results/apexp_block/config_large_500/evaluation/paper_cap50/apex_hot_runs/survival_utility_controller_v4_speed_first__k1_to_16,survival_utility_controller_v4_speed_first__k1_to_16,survival_utility_controller_v4_speed_first,k1_to_16,89.8530823181986
slow_only,ngram_sd,long_context_completion,17585,277586,70015,207571,15.785385271538242,3.981518339493887,11.803866932044356,0.1881717372760875,0.7477718616933131,3.981518339493887,results/apexp_block/config_large_500/evaluation/paper_cap50/apex_hot_runs/survival_utility_controller_v4_speed_first__k1_to_16,survival_utility_controller_v4_speed_first__k1_to_16,survival_utility_controller_v4_speed_first,k1_to_16,74.77718616933132
slow_only,ngram_sd,long_horizon_swe,14071,212380,31948,180432,15.09345462298344,2.270485395494279,12.822969227489162,0.1235875204320943,0.8495715227422544,2.270485395494279,results/apexp_block/config_large_500/evaluation/paper_cap50/apex_hot_runs/survival_utility_controller_v4_speed_first__k1_to_16,survival_utility_controller_v4_speed_first__k1_to_16,survival_utility_controller_v4_speed_first,k1_to_16,84.95715227422545
slow_only,ngram_sd,mathematical_reasoning,10038,154424,10982,143442,15.383941024108388,1.0940426379756925,14.289898386132696,0.0227136879856545,0.9288841112780396,1.0940426379756925,results/apexp_block/config_large_500/evaluation/paper_cap50/apex_hot_runs/survival_utility_controller_v4_speed_first__k1_to_16,survival_utility_controller_v4_speed_first__k1_to_16,survival_utility_controller_v4_speed_first,k1_to_16,92.88841112780396
slow_fast,eagle3,code_gen,12336,46440,951,45489,3.764591439688716,0.0770914396887159,3.6875,0.0004053177691309,0.9795219638242894,0.0770914396887159,results/apexp_block/config_large_500/evaluation/paper_cap50/apex_hot_runs/survival_utility_controller_v4_speed_first__k2_4_6_8,survival_utility_controller_v4_speed_first__k2_4_6_8,survival_utility_controller_v4_speed_first,k2_4_6_8,97.95219638242894
slow_fast,eagle3,hardware_gen,2929,8848,138,8710,3.0208262205530896,0.0471150563332195,2.9737111642198704,0.0,0.9844032549728752,0.0471150563332195,results/apexp_block/config_large_500/evaluation/paper_cap50/apex_hot_runs/survival_utility_controller_v4_speed_first__k2_4_6_8,survival_utility_controller_v4_speed_first__k2_4_6_8,survival_utility_controller_v4_speed_first,k2_4_6_8,98.44032549728752
slow_fast,ngram_sd,code_gen,3650,28957,6658,22299,7.933424657534246,1.824109589041096,6.10931506849315,0.1534246575342465,0.7700728666643644,1.824109589041096,results/apexp_block/config_large_500/evaluation/paper_cap50/apex_hot_runs/survival_utility_controller_v4_speed_first__k2_4_6_8,survival_utility_controller_v4_speed_first__k2_4_6_8,survival_utility_controller_v4_speed_first,k2_4_6_8,77.00728666643644
slow_fast,ngram_sd,conversational_generation_gen_cap50,11931,95285,9450,85835,7.986338110803788,0.7920543122957002,7.1942837985080885,0.0495348252451596,0.9008238442567036,0.7920543122957002,results/apexp_block/config_large_500/evaluation/paper_cap50/apex_hot_runs/survival_utility_controller_v4_speed_first__k2_4_6_8,survival_utility_controller_v4_speed_first__k2_4_6_8,survival_utility_controller_v4_speed_first,k2_4_6_8,90.08238442567036
slow_fast,ngram_sd,conversational_generation_sft_cap50,12434,99353,9230,90123,7.99042946758887,0.7423194466784623,7.248110020910407,0.0398101978446195,0.907098930077602,0.7423194466784623,results/apexp_block/config_large_500/evaluation/paper_cap50/apex_hot_runs/survival_utility_controller_v4_speed_first__k2_4_6_8,survival_utility_controller_v4_speed_first__k2_4_6_8,survival_utility_controller_v4_speed_first,k2_4_6_8,90.7098930077602
slow_fast,ngram_sd,hardware_gen,8721,69419,11209,58210,7.959981653480106,1.2852883843595917,6.674693269120514,0.0991858731796812,0.8385312378455466,1.2852883843595917,results/apexp_block/config_large_500/evaluation/paper_cap50/apex_hot_runs/survival_utility_controller_v4_speed_first__k2_4_6_8,survival_utility_controller_v4_speed_first__k2_4_6_8,survival_utility_controller_v4_speed_first,k2_4_6_8,83.85312378455467
slow_fast,ngram_sd,long_chain_reasoning,18447,146863,26483,120380,7.961348728790589,1.4356263891147611,6.525722339675828,0.1020220089987531,0.8196754798689936,1.4356263891147611,results/apexp_block/config_large_500/evaluation/paper_cap50/apex_hot_runs/survival_utility_controller_v4_speed_first__k2_4_6_8,survival_utility_controller_v4_speed_first__k2_4_6_8,survival_utility_controller_v4_speed_first,k2_4_6_8,81.96754798689936
slow_fast,ngram_sd,long_context_completion,21632,172390,65730,106660,7.969212278106509,3.0385539940828403,4.930658284023669,0.3094951923076923,0.6187133824467776,3.0385539940828403,results/apexp_block/config_large_500/evaluation/paper_cap50/apex_hot_runs/survival_utility_controller_v4_speed_first__k2_4_6_8,survival_utility_controller_v4_speed_first__k2_4_6_8,survival_utility_controller_v4_speed_first,k2_4_6_8,61.871338244677766
slow_fast,ngram_sd,long_horizon_swe,15437,123177,30463,92714,7.979335363088683,1.9733756558916888,6.005959707196994,0.1894798212087841,0.7526892195783303,1.9733756558916888,results/apexp_block/config_large_500/evaluation/paper_cap50/apex_hot_runs/survival_utility_controller_v4_speed_first__k2_4_6_8,survival_utility_controller_v4_speed_first__k2_4_6_8,survival_utility_controller_v4_speed_first,k2_4_6_8,75.26892195783303
slow_fast,ngram_sd,mathematical_reasoning,10309,81968,10655,71313,7.95111067998836,1.0335629061984677,6.9175477737898925,0.0468522650111553,0.8700102479016202,1.0335629061984677,results/apexp_block/config_large_500/evaluation/paper_cap50/apex_hot_runs/survival_utility_controller_v4_speed_first__k2_4_6_8,survival_utility_controller_v4_speed_first__k2_4_6_8,survival_utility_controller_v4_speed_first,k2_4_6_8,87.00102479016202
slow_only,eagle3,code_gen,12335,152504,952,151552,12.363518443453588,0.0771787596270774,12.28633968382651,0.0009728415079043,0.9937575407858156,0.0771787596270774,results/apexp_block/config_large_500/evaluation/paper_cap50/apex_hot_runs/survival_utility_controller_v4_speed_first__k2_4_6_8,survival_utility_controller_v4_speed_first__k2_4_6_8,survival_utility_controller_v4_speed_first,k2_4_6_8,99.37575407858155
slow_only,eagle3,hardware_gen,2929,21620,138,21482,7.381358825537726,0.0471150563332195,7.334243769204507,0.0,0.9936170212765958,0.0471150563332195,results/apexp_block/config_large_500/evaluation/paper_cap50/apex_hot_runs/survival_utility_controller_v4_speed_first__k2_4_6_8,survival_utility_controller_v4_speed_first__k2_4_6_8,survival_utility_controller_v4_speed_first,k2_4_6_8,99.36170212765958
slow_only,ngram_sd,code_gen,3402,41469,6955,34514,12.189594356261022,2.0443856554967668,10.145208700764256,0.1011169900058789,0.8322843569895585,2.0443856554967668,results/apexp_block/config_large_500/evaluation/paper_cap50/apex_hot_runs/survival_utility_controller_v4_speed_first__k2_4_6_8,survival_utility_controller_v4_speed_first__k2_4_6_8,survival_utility_controller_v4_speed_first,k2_4_6_8,83.22843569895585
slow_only,ngram_sd,conversational_generation_gen_cap50,11601,183302,9837,173465,15.800534436686492,0.847944142746315,14.952590293940178,0.0237910524954745,0.94633446443574,0.847944142746315,results/apexp_block/config_large_500/evaluation/paper_cap50/apex_hot_runs/survival_utility_controller_v4_speed_first__k2_4_6_8,survival_utility_controller_v4_speed_first__k2_4_6_8,survival_utility_controller_v4_speed_first,k2_4_6_8,94.633446443574
slow_only,ngram_sd,conversational_generation_sft_cap50,12156,193694,9563,184131,15.93402435011517,0.7866897005593946,15.147334649555775,0.015876933201711,0.9506283106342994,0.7866897005593946,results/apexp_block/config_large_500/evaluation/paper_cap50/apex_hot_runs/survival_utility_controller_v4_speed_first__k2_4_6_8,survival_utility_controller_v4_speed_first__k2_4_6_8,survival_utility_controller_v4_speed_first,k2_4_6_8,95.06283106342994
slow_only,ngram_sd,hardware_gen,8268,119869,11722,108147,14.497943880019353,1.4177552007740688,13.080188679245284,0.0550314465408805,0.9022099124877992,1.4177552007740688,results/apexp_block/config_large_500/evaluation/paper_cap50/apex_hot_runs/survival_utility_controller_v4_speed_first__k2_4_6_8,survival_utility_controller_v4_speed_first__k2_4_6_8,survival_utility_controller_v4_speed_first,k2_4_6_8,90.22099124877992
slow_only,ngram_sd,long_chain_reasoning,17465,270900,27488,243412,15.511022044088175,1.5738906384196965,13.93713140566848,0.0480389350128829,0.898530823181986,1.5738906384196965,results/apexp_block/config_large_500/evaluation/paper_cap50/apex_hot_runs/survival_utility_controller_v4_speed_first__k2_4_6_8,survival_utility_controller_v4_speed_first__k2_4_6_8,survival_utility_controller_v4_speed_first,k2_4_6_8,89.8530823181986
slow_only,ngram_sd,long_context_completion,17585,277586,70015,207571,15.785385271538242,3.981518339493887,11.803866932044356,0.1881717372760875,0.7477718616933131,3.981518339493887,results/apexp_block/config_large_500/evaluation/paper_cap50/apex_hot_runs/survival_utility_controller_v4_speed_first__k2_4_6_8,survival_utility_controller_v4_speed_first__k2_4_6_8,survival_utility_controller_v4_speed_first,k2_4_6_8,74.77718616933132
slow_only,ngram_sd,long_horizon_swe,14071,212380,31948,180432,15.09345462298344,2.270485395494279,12.822969227489162,0.1235875204320943,0.8495715227422544,2.270485395494279,results/apexp_block/config_large_500/evaluation/paper_cap50/apex_hot_runs/survival_utility_controller_v4_speed_first__k2_4_6_8,survival_utility_controller_v4_speed_first__k2_4_6_8,survival_utility_controller_v4_speed_first,k2_4_6_8,84.95715227422545
slow_only,ngram_sd,mathematical_reasoning,10038,154424,10982,143442,15.383941024108388,1.0940426379756925,14.289898386132696,0.0227136879856545,0.9288841112780396,1.0940426379756925,results/apexp_block/config_large_500/evaluation/paper_cap50/apex_hot_runs/survival_utility_controller_v4_speed_first__k2_4_6_8,survival_utility_controller_v4_speed_first__k2_4_6_8,survival_utility_controller_v4_speed_first,k2_4_6_8,92.88841112780396
slow_fast,eagle3,code_gen,12350,25567,937,24630,2.0702024291497976,0.0758704453441295,1.994331983805668,0.0108502024291497,0.9633511948996754,0.0758704453441295,results/apexp_block/config_large_500/evaluation/paper_cap50/apex_hot_runs/survival_utility_controller_v4b_rankgroup_balanced_lr5e4_rank2__k1_2_4_6_8_10_12_14_16,survival_utility_controller_v4b_rankgroup_balanced_lr5e4_rank2__k1_2_4_6_8_10_12_14_16,survival_utility_controller_v4b_rankgroup_balanced_lr5e4_rank2,k1_2_4_6_8_10_12_14_16,96.33511948996754
slow_fast,eagle3,hardware_gen,2929,6604,138,6466,2.2546944349607374,0.0471150563332195,2.2075793786275177,0.0,0.9791035735917626,0.0471150563332195,results/apexp_block/config_large_500/evaluation/paper_cap50/apex_hot_runs/survival_utility_controller_v4b_rankgroup_balanced_lr5e4_rank2__k1_2_4_6_8_10_12_14_16,survival_utility_controller_v4b_rankgroup_balanced_lr5e4_rank2__k1_2_4_6_8_10_12_14_16,survival_utility_controller_v4b_rankgroup_balanced_lr5e4_rank2,k1_2_4_6_8_10_12_14_16,97.91035735917626
slow_fast,ngram_sd,code_gen,3474,27769,6885,20884,7.993379389752446,1.9818652849740928,6.011514104778353,0.1237766263672999,0.7520616514818683,1.9818652849740928,results/apexp_block/config_large_500/evaluation/paper_cap50/apex_hot_runs/survival_utility_controller_v4b_rankgroup_balanced_lr5e4_rank2__k1_2_4_6_8_10_12_14_16,survival_utility_controller_v4b_rankgroup_balanced_lr5e4_rank2__k1_2_4_6_8_10_12_14_16,survival_utility_controller_v4b_rankgroup_balanced_lr5e4_rank2,k1_2_4_6_8_10_12_14_16,75.20616514818683
slow_fast,ngram_sd,conversational_generation_gen_cap50,11711,101801,9708,92093,8.692767483562463,0.8289642216719324,7.86380326189053,0.0372299547434036,0.9046374790031532,0.8289642216719324,results/apexp_block/config_large_500/evaluation/paper_cap50/apex_hot_runs/survival_utility_controller_v4b_rankgroup_balanced_lr5e4_rank2__k1_2_4_6_8_10_12_14_16,survival_utility_controller_v4b_rankgroup_balanced_lr5e4_rank2__k1_2_4_6_8_10_12_14_16,survival_utility_controller_v4b_rankgroup_balanced_lr5e4_rank2,k1_2_4_6_8_10_12_14_16,90.46374790031531
slow_fast,ngram_sd,conversational_generation_sft_cap50,12347,94153,9334,84819,7.625577063254232,0.7559731108771361,6.869603952377096,0.0370940309386895,0.9008634881522628,0.7559731108771361,results/apexp_block/config_large_500/evaluation/paper_cap50/apex_hot_runs/survival_utility_controller_v4b_rankgroup_balanced_lr5e4_rank2__k1_2_4_6_8_10_12_14_16,survival_utility_controller_v4b_rankgroup_balanced_lr5e4_rank2__k1_2_4_6_8_10_12_14_16,survival_utility_controller_v4b_rankgroup_balanced_lr5e4_rank2,k1_2_4_6_8_10_12_14_16,90.08634881522627
slow_fast,ngram_sd,hardware_gen,8353,84767,11683,73084,10.148090506404884,1.3986591643720818,8.749431342032803,0.0668023464623488,0.8621751389101892,1.3986591643720818,results/apexp_block/config_large_500/evaluation/paper_cap50/apex_hot_runs/survival_utility_controller_v4b_rankgroup_balanced_lr5e4_rank2__k1_2_4_6_8_10_12_14_16,survival_utility_controller_v4b_rankgroup_balanced_lr5e4_rank2__k1_2_4_6_8_10_12_14_16,survival_utility_controller_v4b_rankgroup_balanced_lr5e4_rank2,k1_2_4_6_8_10_12_14_16,86.21751389101891
slow_fast,ngram_sd,long_chain_reasoning,17884,141385,27049,114336,7.9056698725117425,1.5124692462536344,6.393200626258108,0.0752068888391858,0.8086855041199561,1.5124692462536344,results/apexp_block/config_large_500/evaluation/paper_cap50/apex_hot_runs/survival_utility_controller_v4b_rankgroup_balanced_lr5e4_rank2__k1_2_4_6_8_10_12_14_16,survival_utility_controller_v4b_rankgroup_balanced_lr5e4_rank2__k1_2_4_6_8_10_12_14_16,survival_utility_controller_v4b_rankgroup_balanced_lr5e4_rank2,k1_2_4_6_8_10_12_14_16,80.86855041199561
slow_fast,ngram_sd,long_context_completion,18077,218685,69526,149159,12.097416606737845,3.846102782541351,8.251313824196492,0.1948332134756873,0.6820723872236322,3.846102782541351,results/apexp_block/config_large_500/evaluation/paper_cap50/apex_hot_runs/survival_utility_controller_v4b_rankgroup_balanced_lr5e4_rank2__k1_2_4_6_8_10_12_14_16,survival_utility_controller_v4b_rankgroup_balanced_lr5e4_rank2__k1_2_4_6_8_10_12_14_16,survival_utility_controller_v4b_rankgroup_balanced_lr5e4_rank2,k1_2_4_6_8_10_12_14_16,68.20723872236321
slow_fast,ngram_sd,long_horizon_swe,13713,150389,32428,117961,10.966892729526728,2.36476336323197,8.602129366294756,0.1165317581856632,0.7843725272460087,2.36476336323197,results/apexp_block/config_large_500/evaluation/paper_cap50/apex_hot_runs/survival_utility_controller_v4b_rankgroup_balanced_lr5e4_rank2__k1_2_4_6_8_10_12_14_16,survival_utility_controller_v4b_rankgroup_balanced_lr5e4_rank2__k1_2_4_6_8_10_12_14_16,survival_utility_controller_v4b_rankgroup_balanced_lr5e4_rank2,k1_2_4_6_8_10_12_14_16,78.43725272460087
slow_fast,ngram_sd,mathematical_reasoning,10238,92113,10764,81349,8.997167415510843,1.051377222113694,7.945790193397148,0.0484469622973237,0.883143530229175,1.051377222113694,results/apexp_block/config_large_500/evaluation/paper_cap50/apex_hot_runs/survival_utility_controller_v4b_rankgroup_balanced_lr5e4_rank2__k1_2_4_6_8_10_12_14_16,survival_utility_controller_v4b_rankgroup_balanced_lr5e4_rank2__k1_2_4_6_8_10_12_14_16,survival_utility_controller_v4b_rankgroup_balanced_lr5e4_rank2,k1_2_4_6_8_10_12_14_16,88.3143530229175
slow_only,eagle3,code_gen,12335,152504,952,151552,12.363518443453588,0.0771787596270774,12.28633968382651,0.0009728415079043,0.9937575407858156,0.0771787596270774,results/apexp_block/config_large_500/evaluation/paper_cap50/apex_hot_runs/survival_utility_controller_v4b_rankgroup_balanced_lr5e4_rank2__k1_2_4_6_8_10_12_14_16,survival_utility_controller_v4b_rankgroup_balanced_lr5e4_rank2__k1_2_4_6_8_10_12_14_16,survival_utility_controller_v4b_rankgroup_balanced_lr5e4_rank2,k1_2_4_6_8_10_12_14_16,99.37575407858155
slow_only,eagle3,hardware_gen,2929,21620,138,21482,7.381358825537726,0.0471150563332195,7.334243769204507,0.0,0.9936170212765958,0.0471150563332195,results/apexp_block/config_large_500/evaluation/paper_cap50/apex_hot_runs/survival_utility_controller_v4b_rankgroup_balanced_lr5e4_rank2__k1_2_4_6_8_10_12_14_16,survival_utility_controller_v4b_rankgroup_balanced_lr5e4_rank2__k1_2_4_6_8_10_12_14_16,survival_utility_controller_v4b_rankgroup_balanced_lr5e4_rank2,k1_2_4_6_8_10_12_14_16,99.36170212765958
slow_only,ngram_sd,code_gen,3402,41469,6955,34514,12.189594356261022,2.0443856554967668,10.145208700764256,0.1011169900058789,0.8322843569895585,2.0443856554967668,results/apexp_block/config_large_500/evaluation/paper_cap50/apex_hot_runs/survival_utility_controller_v4b_rankgroup_balanced_lr5e4_rank2__k1_2_4_6_8_10_12_14_16,survival_utility_controller_v4b_rankgroup_balanced_lr5e4_rank2__k1_2_4_6_8_10_12_14_16,survival_utility_controller_v4b_rankgroup_balanced_lr5e4_rank2,k1_2_4_6_8_10_12_14_16,83.22843569895585
slow_only,ngram_sd,conversational_generation_gen_cap50,11601,183302,9837,173465,15.800534436686492,0.847944142746315,14.952590293940178,0.0237910524954745,0.94633446443574,0.847944142746315,results/apexp_block/config_large_500/evaluation/paper_cap50/apex_hot_runs/survival_utility_controller_v4b_rankgroup_balanced_lr5e4_rank2__k1_2_4_6_8_10_12_14_16,survival_utility_controller_v4b_rankgroup_balanced_lr5e4_rank2__k1_2_4_6_8_10_12_14_16,survival_utility_controller_v4b_rankgroup_balanced_lr5e4_rank2,k1_2_4_6_8_10_12_14_16,94.633446443574
slow_only,ngram_sd,conversational_generation_sft_cap50,12156,193694,9563,184131,15.93402435011517,0.7866897005593946,15.147334649555775,0.015876933201711,0.9506283106342994,0.7866897005593946,results/apexp_block/config_large_500/evaluation/paper_cap50/apex_hot_runs/survival_utility_controller_v4b_rankgroup_balanced_lr5e4_rank2__k1_2_4_6_8_10_12_14_16,survival_utility_controller_v4b_rankgroup_balanced_lr5e4_rank2__k1_2_4_6_8_10_12_14_16,survival_utility_controller_v4b_rankgroup_balanced_lr5e4_rank2,k1_2_4_6_8_10_12_14_16,95.06283106342994
slow_only,ngram_sd,hardware_gen,8268,119869,11722,108147,14.497943880019353,1.4177552007740688,13.080188679245284,0.0550314465408805,0.9022099124877992,1.4177552007740688,results/apexp_block/config_large_500/evaluation/paper_cap50/apex_hot_runs/survival_utility_controller_v4b_rankgroup_balanced_lr5e4_rank2__k1_2_4_6_8_10_12_14_16,survival_utility_controller_v4b_rankgroup_balanced_lr5e4_rank2__k1_2_4_6_8_10_12_14_16,survival_utility_controller_v4b_rankgroup_balanced_lr5e4_rank2,k1_2_4_6_8_10_12_14_16,90.22099124877992
slow_only,ngram_sd,long_chain_reasoning,17465,270900,27488,243412,15.511022044088175,1.5738906384196965,13.93713140566848,0.0480389350128829,0.898530823181986,1.5738906384196965,results/apexp_block/config_large_500/evaluation/paper_cap50/apex_hot_runs/survival_utility_controller_v4b_rankgroup_balanced_lr5e4_rank2__k1_2_4_6_8_10_12_14_16,survival_utility_controller_v4b_rankgroup_balanced_lr5e4_rank2__k1_2_4_6_8_10_12_14_16,survival_utility_controller_v4b_rankgroup_balanced_lr5e4_rank2,k1_2_4_6_8_10_12_14_16,89.8530823181986
slow_only,ngram_sd,long_context_completion,17585,277586,70015,207571,15.785385271538242,3.981518339493887,11.803866932044356,0.1881717372760875,0.7477718616933131,3.981518339493887,results/apexp_block/config_large_500/evaluation/paper_cap50/apex_hot_runs/survival_utility_controller_v4b_rankgroup_balanced_lr5e4_rank2__k1_2_4_6_8_10_12_14_16,survival_utility_controller_v4b_rankgroup_balanced_lr5e4_rank2__k1_2_4_6_8_10_12_14_16,survival_utility_controller_v4b_rankgroup_balanced_lr5e4_rank2,k1_2_4_6_8_10_12_14_16,74.77718616933132
slow_only,ngram_sd,long_horizon_swe,14071,212380,31948,180432,15.09345462298344,2.270485395494279,12.822969227489162,0.1235875204320943,0.8495715227422544,2.270485395494279,results/apexp_block/config_large_500/evaluation/paper_cap50/apex_hot_runs/survival_utility_controller_v4b_rankgroup_balanced_lr5e4_rank2__k1_2_4_6_8_10_12_14_16,survival_utility_controller_v4b_rankgroup_balanced_lr5e4_rank2__k1_2_4_6_8_10_12_14_16,survival_utility_controller_v4b_rankgroup_balanced_lr5e4_rank2,k1_2_4_6_8_10_12_14_16,84.95715227422545
slow_only,ngram_sd,mathematical_reasoning,10038,154424,10982,143442,15.383941024108388,1.0940426379756925,14.289898386132696,0.0227136879856545,0.9288841112780396,1.0940426379756925,results/apexp_block/config_large_500/evaluation/paper_cap50/apex_hot_runs/survival_utility_controller_v4b_rankgroup_balanced_lr5e4_rank2__k1_2_4_6_8_10_12_14_16,survival_utility_controller_v4b_rankgroup_balanced_lr5e4_rank2__k1_2_4_6_8_10_12_14_16,survival_utility_controller_v4b_rankgroup_balanced_lr5e4_rank2,k1_2_4_6_8_10_12_14_16,92.88841112780396
slow_fast,eagle3,code_gen,12350,25567,937,24630,2.0702024291497976,0.0758704453441295,1.994331983805668,0.0108502024291497,0.9633511948996754,0.0758704453441295,results/apexp_block/config_large_500/evaluation/paper_cap50/apex_hot_runs/survival_utility_controller_v4b_rankgroup_balanced_lr5e4_rank2__k1_2_4_8_16,survival_utility_controller_v4b_rankgroup_balanced_lr5e4_rank2__k1_2_4_8_16,survival_utility_controller_v4b_rankgroup_balanced_lr5e4_rank2,k1_2_4_8_16,96.33511948996754
slow_fast,eagle3,hardware_gen,2929,6604,138,6466,2.2546944349607374,0.0471150563332195,2.2075793786275177,0.0,0.9791035735917626,0.0471150563332195,results/apexp_block/config_large_500/evaluation/paper_cap50/apex_hot_runs/survival_utility_controller_v4b_rankgroup_balanced_lr5e4_rank2__k1_2_4_8_16,survival_utility_controller_v4b_rankgroup_balanced_lr5e4_rank2__k1_2_4_8_16,survival_utility_controller_v4b_rankgroup_balanced_lr5e4_rank2,k1_2_4_8_16,97.91035735917626
slow_fast,ngram_sd,code_gen,3470,27461,6904,20557,7.913832853025936,1.989625360230548,5.924207492795389,0.1250720461095101,0.7485889079057573,1.989625360230548,results/apexp_block/config_large_500/evaluation/paper_cap50/apex_hot_runs/survival_utility_controller_v4b_rankgroup_balanced_lr5e4_rank2__k1_2_4_8_16,survival_utility_controller_v4b_rankgroup_balanced_lr5e4_rank2__k1_2_4_8_16,survival_utility_controller_v4b_rankgroup_balanced_lr5e4_rank2,k1_2_4_8_16,74.85889079057573
slow_fast,ngram_sd,conversational_generation_gen_cap50,11685,95236,9750,85486,8.15027813436029,0.834403080872914,7.315875053487377,0.0384253316217372,0.8976227477004494,0.834403080872914,results/apexp_block/config_large_500/evaluation/paper_cap50/apex_hot_runs/survival_utility_controller_v4b_rankgroup_balanced_lr5e4_rank2__k1_2_4_8_16,survival_utility_controller_v4b_rankgroup_balanced_lr5e4_rank2__k1_2_4_8_16,survival_utility_controller_v4b_rankgroup_balanced_lr5e4_rank2,k1_2_4_8_16,89.76227477004494
slow_fast,ngram_sd,conversational_generation_sft_cap50,12349,88639,9339,79300,7.177828164223824,0.7562555672524091,6.421572596971415,0.0382217183577617,0.8946400568598473,0.7562555672524091,results/apexp_block/config_large_500/evaluation/paper_cap50/apex_hot_runs/survival_utility_controller_v4b_rankgroup_balanced_lr5e4_rank2__k1_2_4_8_16,survival_utility_controller_v4b_rankgroup_balanced_lr5e4_rank2__k1_2_4_8_16,survival_utility_controller_v4b_rankgroup_balanced_lr5e4_rank2,k1_2_4_8_16,89.46400568598473
slow_fast,ngram_sd,hardware_gen,8364,79655,11662,67993,9.523553323768532,1.3943089430894309,8.1292443806791,0.0700621712099474,0.8535936224970184,1.3943089430894309,results/apexp_block/config_large_500/evaluation/paper_cap50/apex_hot_runs/survival_utility_controller_v4b_rankgroup_balanced_lr5e4_rank2__k1_2_4_8_16,survival_utility_controller_v4b_rankgroup_balanced_lr5e4_rank2__k1_2_4_8_16,survival_utility_controller_v4b_rankgroup_balanced_lr5e4_rank2,k1_2_4_8_16,85.35936224970185
slow_fast,ngram_sd,long_chain_reasoning,17940,138196,26989,111207,7.703232998885173,1.5044035674470455,6.198829431438127,0.0798216276477146,0.8047049118643087,1.5044035674470455,results/apexp_block/config_large_500/evaluation/paper_cap50/apex_hot_runs/survival_utility_controller_v4b_rankgroup_balanced_lr5e4_rank2__k1_2_4_8_16,survival_utility_controller_v4b_rankgroup_balanced_lr5e4_rank2__k1_2_4_8_16,survival_utility_controller_v4b_rankgroup_balanced_lr5e4_rank2,k1_2_4_8_16,80.47049118643088
slow_fast,ngram_sd,long_context_completion,18144,215104,69462,145642,11.855379188712522,3.828373015873016,8.027006172839506,0.1983575837742504,0.677077134781315,3.828373015873016,results/apexp_block/config_large_500/evaluation/paper_cap50/apex_hot_runs/survival_utility_controller_v4b_rankgroup_balanced_lr5e4_rank2__k1_2_4_8_16,survival_utility_controller_v4b_rankgroup_balanced_lr5e4_rank2__k1_2_4_8_16,survival_utility_controller_v4b_rankgroup_balanced_lr5e4_rank2,k1_2_4_8_16,67.70771347813151
slow_fast,ngram_sd,long_horizon_swe,13724,146888,32400,114488,10.70300204022151,2.3608277470125327,8.342174293208977,0.1186243077819877,0.779423778661293,2.3608277470125327,results/apexp_block/config_large_500/evaluation/paper_cap50/apex_hot_runs/survival_utility_controller_v4b_rankgroup_balanced_lr5e4_rank2__k1_2_4_8_16,survival_utility_controller_v4b_rankgroup_balanced_lr5e4_rank2__k1_2_4_8_16,survival_utility_controller_v4b_rankgroup_balanced_lr5e4_rank2,k1_2_4_8_16,77.94237786612929
slow_fast,ngram_sd,mathematical_reasoning,10294,88441,10692,77749,8.591509617252768,1.0386632990091316,7.552846318243637,0.0525548863415581,0.879105844574349,1.0386632990091316,results/apexp_block/config_large_500/evaluation/paper_cap50/apex_hot_runs/survival_utility_controller_v4b_rankgroup_balanced_lr5e4_rank2__k1_2_4_8_16,survival_utility_controller_v4b_rankgroup_balanced_lr5e4_rank2__k1_2_4_8_16,survival_utility_controller_v4b_rankgroup_balanced_lr5e4_rank2,k1_2_4_8_16,87.91058445743491
slow_only,eagle3,code_gen,12335,152504,952,151552,12.363518443453588,0.0771787596270774,12.28633968382651,0.0009728415079043,0.9937575407858156,0.0771787596270774,results/apexp_block/config_large_500/evaluation/paper_cap50/apex_hot_runs/survival_utility_controller_v4b_rankgroup_balanced_lr5e4_rank2__k1_2_4_8_16,survival_utility_controller_v4b_rankgroup_balanced_lr5e4_rank2__k1_2_4_8_16,survival_utility_controller_v4b_rankgroup_balanced_lr5e4_rank2,k1_2_4_8_16,99.37575407858155
slow_only,eagle3,hardware_gen,2929,21620,138,21482,7.381358825537726,0.0471150563332195,7.334243769204507,0.0,0.9936170212765958,0.0471150563332195,results/apexp_block/config_large_500/evaluation/paper_cap50/apex_hot_runs/survival_utility_controller_v4b_rankgroup_balanced_lr5e4_rank2__k1_2_4_8_16,survival_utility_controller_v4b_rankgroup_balanced_lr5e4_rank2__k1_2_4_8_16,survival_utility_controller_v4b_rankgroup_balanced_lr5e4_rank2,k1_2_4_8_16,99.36170212765958
slow_only,ngram_sd,code_gen,3402,41469,6955,34514,12.189594356261022,2.0443856554967668,10.145208700764256,0.1011169900058789,0.8322843569895585,2.0443856554967668,results/apexp_block/config_large_500/evaluation/paper_cap50/apex_hot_runs/survival_utility_controller_v4b_rankgroup_balanced_lr5e4_rank2__k1_2_4_8_16,survival_utility_controller_v4b_rankgroup_balanced_lr5e4_rank2__k1_2_4_8_16,survival_utility_controller_v4b_rankgroup_balanced_lr5e4_rank2,k1_2_4_8_16,83.22843569895585
slow_only,ngram_sd,conversational_generation_gen_cap50,11601,183302,9837,173465,15.800534436686492,0.847944142746315,14.952590293940178,0.0237910524954745,0.94633446443574,0.847944142746315,results/apexp_block/config_large_500/evaluation/paper_cap50/apex_hot_runs/survival_utility_controller_v4b_rankgroup_balanced_lr5e4_rank2__k1_2_4_8_16,survival_utility_controller_v4b_rankgroup_balanced_lr5e4_rank2__k1_2_4_8_16,survival_utility_controller_v4b_rankgroup_balanced_lr5e4_rank2,k1_2_4_8_16,94.633446443574
slow_only,ngram_sd,conversational_generation_sft_cap50,12156,193694,9563,184131,15.93402435011517,0.7866897005593946,15.147334649555775,0.015876933201711,0.9506283106342994,0.7866897005593946,results/apexp_block/config_large_500/evaluation/paper_cap50/apex_hot_runs/survival_utility_controller_v4b_rankgroup_balanced_lr5e4_rank2__k1_2_4_8_16,survival_utility_controller_v4b_rankgroup_balanced_lr5e4_rank2__k1_2_4_8_16,survival_utility_controller_v4b_rankgroup_balanced_lr5e4_rank2,k1_2_4_8_16,95.06283106342994
slow_only,ngram_sd,hardware_gen,8268,119869,11722,108147,14.497943880019353,1.4177552007740688,13.080188679245284,0.0550314465408805,0.9022099124877992,1.4177552007740688,results/apexp_block/config_large_500/evaluation/paper_cap50/apex_hot_runs/survival_utility_controller_v4b_rankgroup_balanced_lr5e4_rank2__k1_2_4_8_16,survival_utility_controller_v4b_rankgroup_balanced_lr5e4_rank2__k1_2_4_8_16,survival_utility_controller_v4b_rankgroup_balanced_lr5e4_rank2,k1_2_4_8_16,90.22099124877992
slow_only,ngram_sd,long_chain_reasoning,17465,270900,27488,243412,15.511022044088175,1.5738906384196965,13.93713140566848,0.0480389350128829,0.898530823181986,1.5738906384196965,results/apexp_block/config_large_500/evaluation/paper_cap50/apex_hot_runs/survival_utility_controller_v4b_rankgroup_balanced_lr5e4_rank2__k1_2_4_8_16,survival_utility_controller_v4b_rankgroup_balanced_lr5e4_rank2__k1_2_4_8_16,survival_utility_controller_v4b_rankgroup_balanced_lr5e4_rank2,k1_2_4_8_16,89.8530823181986
slow_only,ngram_sd,long_context_completion,17585,277586,70015,207571,15.785385271538242,3.981518339493887,11.803866932044356,0.1881717372760875,0.7477718616933131,3.981518339493887,results/apexp_block/config_large_500/evaluation/paper_cap50/apex_hot_runs/survival_utility_controller_v4b_rankgroup_balanced_lr5e4_rank2__k1_2_4_8_16,survival_utility_controller_v4b_rankgroup_balanced_lr5e4_rank2__k1_2_4_8_16,survival_utility_controller_v4b_rankgroup_balanced_lr5e4_rank2,k1_2_4_8_16,74.77718616933132
slow_only,ngram_sd,long_horizon_swe,14071,212380,31948,180432,15.09345462298344,2.270485395494279,12.822969227489162,0.1235875204320943,0.8495715227422544,2.270485395494279,results/apexp_block/config_large_500/evaluation/paper_cap50/apex_hot_runs/survival_utility_controller_v4b_rankgroup_balanced_lr5e4_rank2__k1_2_4_8_16,survival_utility_controller_v4b_rankgroup_balanced_lr5e4_rank2__k1_2_4_8_16,survival_utility_controller_v4b_rankgroup_balanced_lr5e4_rank2,k1_2_4_8_16,84.95715227422545
slow_only,ngram_sd,mathematical_reasoning,10038,154424,10982,143442,15.383941024108388,1.0940426379756925,14.289898386132696,0.0227136879856545,0.9288841112780396,1.0940426379756925,results/apexp_block/config_large_500/evaluation/paper_cap50/apex_hot_runs/survival_utility_controller_v4b_rankgroup_balanced_lr5e4_rank2__k1_2_4_8_16,survival_utility_controller_v4b_rankgroup_balanced_lr5e4_rank2__k1_2_4_8_16,survival_utility_controller_v4b_rankgroup_balanced_lr5e4_rank2,k1_2_4_8_16,92.88841112780396
slow_fast,eagle3,code_gen,12347,26508,940,25568,2.146918279744068,0.0761318538916336,2.0707864258524338,0.0102858994087632,0.9645390070921984,0.0761318538916336,results/apexp_block/config_large_500/evaluation/paper_cap50/apex_hot_runs/survival_utility_controller_v4b_rankgroup_balanced_lr5e4_rank2__k1_to_16,survival_utility_controller_v4b_rankgroup_balanced_lr5e4_rank2__k1_to_16,survival_utility_controller_v4b_rankgroup_balanced_lr5e4_rank2,k1_to_16,96.45390070921984
slow_fast,eagle3,hardware_gen,2929,7023,138,6885,2.397746671218846,0.0471150563332195,2.3506316148856263,0.0,0.98035027765912,0.0471150563332195,results/apexp_block/config_large_500/evaluation/paper_cap50/apex_hot_runs/survival_utility_controller_v4b_rankgroup_balanced_lr5e4_rank2__k1_to_16,survival_utility_controller_v4b_rankgroup_balanced_lr5e4_rank2__k1_to_16,survival_utility_controller_v4b_rankgroup_balanced_lr5e4_rank2,k1_to_16,98.03502776591199
slow_fast,ngram_sd,code_gen,3457,27786,6897,20889,8.037604859704947,1.9950824414231996,6.042522418281747,0.1226496962684408,0.7517814726840855,1.9950824414231996,results/apexp_block/config_large_500/evaluation/paper_cap50/apex_hot_runs/survival_utility_controller_v4b_rankgroup_balanced_lr5e4_rank2__k1_to_16,survival_utility_controller_v4b_rankgroup_balanced_lr5e4_rank2__k1_to_16,survival_utility_controller_v4b_rankgroup_balanced_lr5e4_rank2,k1_to_16,75.17814726840855
slow_fast,ngram_sd,conversational_generation_gen_cap50,11693,100740,9728,91012,8.61541092961601,0.83195073975883,7.78346018985718,0.0366886171213546,0.903434584077824,0.83195073975883,results/apexp_block/config_large_500/evaluation/paper_cap50/apex_hot_runs/survival_utility_controller_v4b_rankgroup_balanced_lr5e4_rank2__k1_to_16,survival_utility_controller_v4b_rankgroup_balanced_lr5e4_rank2__k1_to_16,survival_utility_controller_v4b_rankgroup_balanced_lr5e4_rank2,k1_to_16,90.34345840778239
slow_fast,ngram_sd,conversational_generation_sft_cap50,12331,93010,9349,83661,7.542778363474171,0.7581704646825075,6.784607898791664,0.0362501013705295,0.8994839264595205,0.7581704646825075,results/apexp_block/config_large_500/evaluation/paper_cap50/apex_hot_runs/survival_utility_controller_v4b_rankgroup_balanced_lr5e4_rank2__k1_to_16,survival_utility_controller_v4b_rankgroup_balanced_lr5e4_rank2__k1_to_16,survival_utility_controller_v4b_rankgroup_balanced_lr5e4_rank2,k1_to_16,89.94839264595204
slow_fast,ngram_sd,hardware_gen,8361,84773,11663,73110,10.139098193995933,1.3949288362636048,8.744169357732329,0.0656620021528525,0.8624208179491112,1.3949288362636048,results/apexp_block/config_large_500/evaluation/paper_cap50/apex_hot_runs/survival_utility_controller_v4b_rankgroup_balanced_lr5e4_rank2__k1_to_16,survival_utility_controller_v4b_rankgroup_balanced_lr5e4_rank2__k1_to_16,survival_utility_controller_v4b_rankgroup_balanced_lr5e4_rank2,k1_to_16,86.24208179491112
slow_fast,ngram_sd,long_chain_reasoning,17915,141158,27030,114128,7.879319006419202,1.508791515489813,6.370527490929389,0.0746301981579681,0.8085124470451551,1.508791515489813,results/apexp_block/config_large_500/evaluation/paper_cap50/apex_hot_runs/survival_utility_controller_v4b_rankgroup_balanced_lr5e4_rank2__k1_to_16,survival_utility_controller_v4b_rankgroup_balanced_lr5e4_rank2__k1_to_16,survival_utility_controller_v4b_rankgroup_balanced_lr5e4_rank2,k1_to_16,80.85124470451551
slow_fast,ngram_sd,long_context_completion,18065,219206,69536,149670,12.134292831442014,3.849211181843344,8.285081649598672,0.1947412122889565,0.6827824055910878,3.849211181843344,results/apexp_block/config_large_500/evaluation/paper_cap50/apex_hot_runs/survival_utility_controller_v4b_rankgroup_balanced_lr5e4_rank2__k1_to_16,survival_utility_controller_v4b_rankgroup_balanced_lr5e4_rank2__k1_to_16,survival_utility_controller_v4b_rankgroup_balanced_lr5e4_rank2,k1_to_16,68.27824055910878
slow_fast,ngram_sd,long_horizon_swe,13718,150853,32417,118436,10.99671963843126,2.3630995771978425,8.633620061233415,0.1163434903047091,0.78510868196191,2.3630995771978425,results/apexp_block/config_large_500/evaluation/paper_cap50/apex_hot_runs/survival_utility_controller_v4b_rankgroup_balanced_lr5e4_rank2__k1_to_16,survival_utility_controller_v4b_rankgroup_balanced_lr5e4_rank2__k1_to_16,survival_utility_controller_v4b_rankgroup_balanced_lr5e4_rank2,k1_to_16,78.510868196191
slow_fast,ngram_sd,mathematical_reasoning,10227,92095,10753,81342,9.005084580033245,1.0514324826439816,7.953652097389264,0.0482057299305759,0.883240132471904,1.0514324826439816,results/apexp_block/config_large_500/evaluation/paper_cap50/apex_hot_runs/survival_utility_controller_v4b_rankgroup_balanced_lr5e4_rank2__k1_to_16,survival_utility_controller_v4b_rankgroup_balanced_lr5e4_rank2__k1_to_16,survival_utility_controller_v4b_rankgroup_balanced_lr5e4_rank2,k1_to_16,88.32401324719041
slow_only,eagle3,code_gen,12335,152504,952,151552,12.363518443453588,0.0771787596270774,12.28633968382651,0.0009728415079043,0.9937575407858156,0.0771787596270774,results/apexp_block/config_large_500/evaluation/paper_cap50/apex_hot_runs/survival_utility_controller_v4b_rankgroup_balanced_lr5e4_rank2__k1_to_16,survival_utility_controller_v4b_rankgroup_balanced_lr5e4_rank2__k1_to_16,survival_utility_controller_v4b_rankgroup_balanced_lr5e4_rank2,k1_to_16,99.37575407858155
slow_only,eagle3,hardware_gen,2929,21620,138,21482,7.381358825537726,0.0471150563332195,7.334243769204507,0.0,0.9936170212765958,0.0471150563332195,results/apexp_block/config_large_500/evaluation/paper_cap50/apex_hot_runs/survival_utility_controller_v4b_rankgroup_balanced_lr5e4_rank2__k1_to_16,survival_utility_controller_v4b_rankgroup_balanced_lr5e4_rank2__k1_to_16,survival_utility_controller_v4b_rankgroup_balanced_lr5e4_rank2,k1_to_16,99.36170212765958
slow_only,ngram_sd,code_gen,3402,41469,6955,34514,12.189594356261022,2.0443856554967668,10.145208700764256,0.1011169900058789,0.8322843569895585,2.0443856554967668,results/apexp_block/config_large_500/evaluation/paper_cap50/apex_hot_runs/survival_utility_controller_v4b_rankgroup_balanced_lr5e4_rank2__k1_to_16,survival_utility_controller_v4b_rankgroup_balanced_lr5e4_rank2__k1_to_16,survival_utility_controller_v4b_rankgroup_balanced_lr5e4_rank2,k1_to_16,83.22843569895585
slow_only,ngram_sd,conversational_generation_gen_cap50,11601,183302,9837,173465,15.800534436686492,0.847944142746315,14.952590293940178,0.0237910524954745,0.94633446443574,0.847944142746315,results/apexp_block/config_large_500/evaluation/paper_cap50/apex_hot_runs/survival_utility_controller_v4b_rankgroup_balanced_lr5e4_rank2__k1_to_16,survival_utility_controller_v4b_rankgroup_balanced_lr5e4_rank2__k1_to_16,survival_utility_controller_v4b_rankgroup_balanced_lr5e4_rank2,k1_to_16,94.633446443574
slow_only,ngram_sd,conversational_generation_sft_cap50,12156,193694,9563,184131,15.93402435011517,0.7866897005593946,15.147334649555775,0.015876933201711,0.9506283106342994,0.7866897005593946,results/apexp_block/config_large_500/evaluation/paper_cap50/apex_hot_runs/survival_utility_controller_v4b_rankgroup_balanced_lr5e4_rank2__k1_to_16,survival_utility_controller_v4b_rankgroup_balanced_lr5e4_rank2__k1_to_16,survival_utility_controller_v4b_rankgroup_balanced_lr5e4_rank2,k1_to_16,95.06283106342994
slow_only,ngram_sd,hardware_gen,8268,119869,11722,108147,14.497943880019353,1.4177552007740688,13.080188679245284,0.0550314465408805,0.9022099124877992,1.4177552007740688,results/apexp_block/config_large_500/evaluation/paper_cap50/apex_hot_runs/survival_utility_controller_v4b_rankgroup_balanced_lr5e4_rank2__k1_to_16,survival_utility_controller_v4b_rankgroup_balanced_lr5e4_rank2__k1_to_16,survival_utility_controller_v4b_rankgroup_balanced_lr5e4_rank2,k1_to_16,90.22099124877992
slow_only,ngram_sd,long_chain_reasoning,17465,270900,27488,243412,15.511022044088175,1.5738906384196965,13.93713140566848,0.0480389350128829,0.898530823181986,1.5738906384196965,results/apexp_block/config_large_500/evaluation/paper_cap50/apex_hot_runs/survival_utility_controller_v4b_rankgroup_balanced_lr5e4_rank2__k1_to_16,survival_utility_controller_v4b_rankgroup_balanced_lr5e4_rank2__k1_to_16,survival_utility_controller_v4b_rankgroup_balanced_lr5e4_rank2,k1_to_16,89.8530823181986
slow_only,ngram_sd,long_context_completion,17585,277586,70015,207571,15.785385271538242,3.981518339493887,11.803866932044356,0.1881717372760875,0.7477718616933131,3.981518339493887,results/apexp_block/config_large_500/evaluation/paper_cap50/apex_hot_runs/survival_utility_controller_v4b_rankgroup_balanced_lr5e4_rank2__k1_to_16,survival_utility_controller_v4b_rankgroup_balanced_lr5e4_rank2__k1_to_16,survival_utility_controller_v4b_rankgroup_balanced_lr5e4_rank2,k1_to_16,74.77718616933132
slow_only,ngram_sd,long_horizon_swe,14071,212380,31948,180432,15.09345462298344,2.270485395494279,12.822969227489162,0.1235875204320943,0.8495715227422544,2.270485395494279,results/apexp_block/config_large_500/evaluation/paper_cap50/apex_hot_runs/survival_utility_controller_v4b_rankgroup_balanced_lr5e4_rank2__k1_to_16,survival_utility_controller_v4b_rankgroup_balanced_lr5e4_rank2__k1_to_16,survival_utility_controller_v4b_rankgroup_balanced_lr5e4_rank2,k1_to_16,84.95715227422545
slow_only,ngram_sd,mathematical_reasoning,10038,154424,10982,143442,15.383941024108388,1.0940426379756925,14.289898386132696,0.0227136879856545,0.9288841112780396,1.0940426379756925,results/apexp_block/config_large_500/evaluation/paper_cap50/apex_hot_runs/survival_utility_controller_v4b_rankgroup_balanced_lr5e4_rank2__k1_to_16,survival_utility_controller_v4b_rankgroup_balanced_lr5e4_rank2__k1_to_16,survival_utility_controller_v4b_rankgroup_balanced_lr5e4_rank2,k1_to_16,92.88841112780396
slow_fast,eagle3,code_gen,12345,26254,942,25312,2.12669096800324,0.0763061968408262,2.050384771162414,0.0047792628594572,0.9641197531804676,0.0763061968408262,results/apexp_block/config_large_500/evaluation/paper_cap50/apex_hot_runs/survival_utility_controller_v4b_rankgroup_balanced_lr5e4_rank2__k2_4_6_8,survival_utility_controller_v4b_rankgroup_balanced_lr5e4_rank2__k2_4_6_8,survival_utility_controller_v4b_rankgroup_balanced_lr5e4_rank2,k2_4_6_8,96.41197531804676
slow_fast,eagle3,hardware_gen,2929,6570,138,6432,2.243086377603277,0.0471150563332195,2.1959713212700582,0.0,0.9789954337899544,0.0471150563332195,results/apexp_block/config_large_500/evaluation/paper_cap50/apex_hot_runs/survival_utility_controller_v4b_rankgroup_balanced_lr5e4_rank2__k2_4_6_8,survival_utility_controller_v4b_rankgroup_balanced_lr5e4_rank2__k2_4_6_8,survival_utility_controller_v4b_rankgroup_balanced_lr5e4_rank2,k2_4_6_8,97.89954337899543
slow_fast,ngram_sd,code_gen,3724,22451,6574,15877,6.028732545649839,1.7653061224489797,4.263426423200859,0.1750805585392051,0.7071845352100129,1.7653061224489797,results/apexp_block/config_large_500/evaluation/paper_cap50/apex_hot_runs/survival_utility_controller_v4b_rankgroup_balanced_lr5e4_rank2__k2_4_6_8,survival_utility_controller_v4b_rankgroup_balanced_lr5e4_rank2__k2_4_6_8,survival_utility_controller_v4b_rankgroup_balanced_lr5e4_rank2,k2_4_6_8,70.7184535210013
slow_fast,ngram_sd,conversational_generation_gen_cap50,12002,79294,9377,69917,6.606732211298117,0.781286452257957,5.82544575904016,0.0589068488585235,0.8817438898277297,0.781286452257957,results/apexp_block/config_large_500/evaluation/paper_cap50/apex_hot_runs/survival_utility_controller_v4b_rankgroup_balanced_lr5e4_rank2__k2_4_6_8,survival_utility_controller_v4b_rankgroup_balanced_lr5e4_rank2__k2_4_6_8,survival_utility_controller_v4b_rankgroup_balanced_lr5e4_rank2,k2_4_6_8,88.17438898277297
slow_fast,ngram_sd,conversational_generation_sft_cap50,12558,76196,9099,67097,6.067526676222329,0.7245580506450071,5.342968625577321,0.054387641344163,0.8805842826395086,0.7245580506450071,results/apexp_block/config_large_500/evaluation/paper_cap50/apex_hot_runs/survival_utility_controller_v4b_rankgroup_balanced_lr5e4_rank2__k2_4_6_8,survival_utility_controller_v4b_rankgroup_balanced_lr5e4_rank2__k2_4_6_8,survival_utility_controller_v4b_rankgroup_balanced_lr5e4_rank2,k2_4_6_8,88.05842826395086
slow_fast,ngram_sd,hardware_gen,8867,58590,11065,47525,6.607646329085373,1.2478854178414345,5.359760911243939,0.1210104883275064,0.8111452466291176,1.2478854178414345,results/apexp_block/config_large_500/evaluation/paper_cap50/apex_hot_runs/survival_utility_controller_v4b_rankgroup_balanced_lr5e4_rank2__k2_4_6_8,survival_utility_controller_v4b_rankgroup_balanced_lr5e4_rank2__k2_4_6_8,survival_utility_controller_v4b_rankgroup_balanced_lr5e4_rank2,k2_4_6_8,81.11452466291176
slow_fast,ngram_sd,long_chain_reasoning,18635,124418,26291,98127,6.6765763348537694,1.410839817547625,5.265736517306144,0.1136570968607459,0.7886881319423235,1.410839817547625,results/apexp_block/config_large_500/evaluation/paper_cap50/apex_hot_runs/survival_utility_controller_v4b_rankgroup_balanced_lr5e4_rank2__k2_4_6_8,survival_utility_controller_v4b_rankgroup_balanced_lr5e4_rank2__k2_4_6_8,survival_utility_controller_v4b_rankgroup_balanced_lr5e4_rank2,k2_4_6_8,78.86881319423235
slow_fast,ngram_sd,long_context_completion,21918,156713,65472,91241,7.14996806277945,2.9871338625787023,4.162834200200749,0.3102472853362533,0.5822171740697963,2.9871338625787023,results/apexp_block/config_large_500/evaluation/paper_cap50/apex_hot_runs/survival_utility_controller_v4b_rankgroup_balanced_lr5e4_rank2__k2_4_6_8,survival_utility_controller_v4b_rankgroup_balanced_lr5e4_rank2__k2_4_6_8,survival_utility_controller_v4b_rankgroup_balanced_lr5e4_rank2,k2_4_6_8,58.221717406979636
slow_fast,ngram_sd,long_horizon_swe,15479,116801,30419,86382,7.545771690677692,1.965178629110408,5.580593061567285,0.1920020673170101,0.7395655859110796,1.965178629110408,results/apexp_block/config_large_500/evaluation/paper_cap50/apex_hot_runs/survival_utility_controller_v4b_rankgroup_balanced_lr5e4_rank2__k2_4_6_8,survival_utility_controller_v4b_rankgroup_balanced_lr5e4_rank2__k2_4_6_8,survival_utility_controller_v4b_rankgroup_balanced_lr5e4_rank2,k2_4_6_8,73.95655859110796
slow_fast,ngram_sd,mathematical_reasoning,10498,68360,10455,57905,6.511716517431892,0.995903981710802,5.51581253572109,0.0686797485235282,0.847059684025746,0.995903981710802,results/apexp_block/config_large_500/evaluation/paper_cap50/apex_hot_runs/survival_utility_controller_v4b_rankgroup_balanced_lr5e4_rank2__k2_4_6_8,survival_utility_controller_v4b_rankgroup_balanced_lr5e4_rank2__k2_4_6_8,survival_utility_controller_v4b_rankgroup_balanced_lr5e4_rank2,k2_4_6_8,84.7059684025746
slow_only,eagle3,code_gen,12335,152504,952,151552,12.363518443453588,0.0771787596270774,12.28633968382651,0.0009728415079043,0.9937575407858156,0.0771787596270774,results/apexp_block/config_large_500/evaluation/paper_cap50/apex_hot_runs/survival_utility_controller_v4b_rankgroup_balanced_lr5e4_rank2__k2_4_6_8,survival_utility_controller_v4b_rankgroup_balanced_lr5e4_rank2__k2_4_6_8,survival_utility_controller_v4b_rankgroup_balanced_lr5e4_rank2,k2_4_6_8,99.37575407858155
slow_only,eagle3,hardware_gen,2929,21620,138,21482,7.381358825537726,0.0471150563332195,7.334243769204507,0.0,0.9936170212765958,0.0471150563332195,results/apexp_block/config_large_500/evaluation/paper_cap50/apex_hot_runs/survival_utility_controller_v4b_rankgroup_balanced_lr5e4_rank2__k2_4_6_8,survival_utility_controller_v4b_rankgroup_balanced_lr5e4_rank2__k2_4_6_8,survival_utility_controller_v4b_rankgroup_balanced_lr5e4_rank2,k2_4_6_8,99.36170212765958
slow_only,ngram_sd,code_gen,3402,41469,6955,34514,12.189594356261022,2.0443856554967668,10.145208700764256,0.1011169900058789,0.8322843569895585,2.0443856554967668,results/apexp_block/config_large_500/evaluation/paper_cap50/apex_hot_runs/survival_utility_controller_v4b_rankgroup_balanced_lr5e4_rank2__k2_4_6_8,survival_utility_controller_v4b_rankgroup_balanced_lr5e4_rank2__k2_4_6_8,survival_utility_controller_v4b_rankgroup_balanced_lr5e4_rank2,k2_4_6_8,83.22843569895585
slow_only,ngram_sd,conversational_generation_gen_cap50,11601,183302,9837,173465,15.800534436686492,0.847944142746315,14.952590293940178,0.0237910524954745,0.94633446443574,0.847944142746315,results/apexp_block/config_large_500/evaluation/paper_cap50/apex_hot_runs/survival_utility_controller_v4b_rankgroup_balanced_lr5e4_rank2__k2_4_6_8,survival_utility_controller_v4b_rankgroup_balanced_lr5e4_rank2__k2_4_6_8,survival_utility_controller_v4b_rankgroup_balanced_lr5e4_rank2,k2_4_6_8,94.633446443574
slow_only,ngram_sd,conversational_generation_sft_cap50,12156,193694,9563,184131,15.93402435011517,0.7866897005593946,15.147334649555775,0.015876933201711,0.9506283106342994,0.7866897005593946,results/apexp_block/config_large_500/evaluation/paper_cap50/apex_hot_runs/survival_utility_controller_v4b_rankgroup_balanced_lr5e4_rank2__k2_4_6_8,survival_utility_controller_v4b_rankgroup_balanced_lr5e4_rank2__k2_4_6_8,survival_utility_controller_v4b_rankgroup_balanced_lr5e4_rank2,k2_4_6_8,95.06283106342994
slow_only,ngram_sd,hardware_gen,8268,119869,11722,108147,14.497943880019353,1.4177552007740688,13.080188679245284,0.0550314465408805,0.9022099124877992,1.4177552007740688,results/apexp_block/config_large_500/evaluation/paper_cap50/apex_hot_runs/survival_utility_controller_v4b_rankgroup_balanced_lr5e4_rank2__k2_4_6_8,survival_utility_controller_v4b_rankgroup_balanced_lr5e4_rank2__k2_4_6_8,survival_utility_controller_v4b_rankgroup_balanced_lr5e4_rank2,k2_4_6_8,90.22099124877992
slow_only,ngram_sd,long_chain_reasoning,17465,270900,27488,243412,15.511022044088175,1.5738906384196965,13.93713140566848,0.0480389350128829,0.898530823181986,1.5738906384196965,results/apexp_block/config_large_500/evaluation/paper_cap50/apex_hot_runs/survival_utility_controller_v4b_rankgroup_balanced_lr5e4_rank2__k2_4_6_8,survival_utility_controller_v4b_rankgroup_balanced_lr5e4_rank2__k2_4_6_8,survival_utility_controller_v4b_rankgroup_balanced_lr5e4_rank2,k2_4_6_8,89.8530823181986
slow_only,ngram_sd,long_context_completion,17585,277586,70015,207571,15.785385271538242,3.981518339493887,11.803866932044356,0.1881717372760875,0.7477718616933131,3.981518339493887,results/apexp_block/config_large_500/evaluation/paper_cap50/apex_hot_runs/survival_utility_controller_v4b_rankgroup_balanced_lr5e4_rank2__k2_4_6_8,survival_utility_controller_v4b_rankgroup_balanced_lr5e4_rank2__k2_4_6_8,survival_utility_controller_v4b_rankgroup_balanced_lr5e4_rank2,k2_4_6_8,74.77718616933132
slow_only,ngram_sd,long_horizon_swe,14071,212380,31948,180432,15.09345462298344,2.270485395494279,12.822969227489162,0.1235875204320943,0.8495715227422544,2.270485395494279,results/apexp_block/config_large_500/evaluation/paper_cap50/apex_hot_runs/survival_utility_controller_v4b_rankgroup_balanced_lr5e4_rank2__k2_4_6_8,survival_utility_controller_v4b_rankgroup_balanced_lr5e4_rank2__k2_4_6_8,survival_utility_controller_v4b_rankgroup_balanced_lr5e4_rank2,k2_4_6_8,84.95715227422545
slow_only,ngram_sd,mathematical_reasoning,10038,154424,10982,143442,15.383941024108388,1.0940426379756925,14.289898386132696,0.0227136879856545,0.9288841112780396,1.0940426379756925,results/apexp_block/config_large_500/evaluation/paper_cap50/apex_hot_runs/survival_utility_controller_v4b_rankgroup_balanced_lr5e4_rank2__k2_4_6_8,survival_utility_controller_v4b_rankgroup_balanced_lr5e4_rank2__k2_4_6_8,survival_utility_controller_v4b_rankgroup_balanced_lr5e4_rank2,k2_4_6_8,92.88841112780396
slow_fast,eagle3,code_gen,12343,31206,944,30262,2.528234626914041,0.0764805962893948,2.4517540306246457,0.0046990196872721,0.9697494071652888,0.0764805962893948,results/apexp_block/config_large_500/evaluation/paper_cap50/apex_hot_runs/survival_utility_controller_v4b_rankgroup_efficient_lr5e4_rank2__k1_2_4_6_8_10_12_14_16,survival_utility_controller_v4b_rankgroup_efficient_lr5e4_rank2__k1_2_4_6_8_10_12_14_16,survival_utility_controller_v4b_rankgroup_efficient_lr5e4_rank2,k1_2_4_6_8_10_12_14_16,96.97494071652888
slow_fast,eagle3,hardware_gen,2929,10064,138,9926,3.435984977808125,0.0471150563332195,3.3888699214749063,0.0,0.986287758346582,0.0471150563332195,results/apexp_block/config_large_500/evaluation/paper_cap50/apex_hot_runs/survival_utility_controller_v4b_rankgroup_efficient_lr5e4_rank2__k1_2_4_6_8_10_12_14_16,survival_utility_controller_v4b_rankgroup_efficient_lr5e4_rank2__k1_2_4_6_8_10_12_14_16,survival_utility_controller_v4b_rankgroup_efficient_lr5e4_rank2,k1_2_4_6_8_10_12_14_16,98.6287758346582
slow_fast,ngram_sd,code_gen,3450,33376,6901,26475,9.674202898550725,2.000289855072464,7.673913043478261,0.1226086956521739,0.7932346596356663,2.000289855072464,results/apexp_block/config_large_500/evaluation/paper_cap50/apex_hot_runs/survival_utility_controller_v4b_rankgroup_efficient_lr5e4_rank2__k1_2_4_6_8_10_12_14_16,survival_utility_controller_v4b_rankgroup_efficient_lr5e4_rank2__k1_2_4_6_8_10_12_14_16,survival_utility_controller_v4b_rankgroup_efficient_lr5e4_rank2,k1_2_4_6_8_10_12_14_16,79.32346596356663
slow_fast,ngram_sd,conversational_generation_gen_cap50,11739,120025,9692,110333,10.224465457023596,0.8256239884146861,9.39884146860891,0.0396967373711559,0.9192501562174548,0.8256239884146861,results/apexp_block/config_large_500/evaluation/paper_cap50/apex_hot_runs/survival_utility_controller_v4b_rankgroup_efficient_lr5e4_rank2__k1_2_4_6_8_10_12_14_16,survival_utility_controller_v4b_rankgroup_efficient_lr5e4_rank2__k1_2_4_6_8_10_12_14_16,survival_utility_controller_v4b_rankgroup_efficient_lr5e4_rank2,k1_2_4_6_8_10_12_14_16,91.92501562174547
slow_fast,ngram_sd,conversational_generation_sft_cap50,12381,116400,9327,107073,9.401502301914224,0.7533317179549309,8.648170583959292,0.0417575317018011,0.9198711340206186,0.7533317179549309,results/apexp_block/config_large_500/evaluation/paper_cap50/apex_hot_runs/survival_utility_controller_v4b_rankgroup_efficient_lr5e4_rank2__k1_2_4_6_8_10_12_14_16,survival_utility_controller_v4b_rankgroup_efficient_lr5e4_rank2__k1_2_4_6_8_10_12_14_16,survival_utility_controller_v4b_rankgroup_efficient_lr5e4_rank2,k1_2_4_6_8_10_12_14_16,91.98711340206187
slow_fast,ngram_sd,hardware_gen,8389,94707,11645,83062,11.28942663011086,1.3881273095720583,9.9012993205388,0.0704493980212182,0.8770418237300305,1.3881273095720583,results/apexp_block/config_large_500/evaluation/paper_cap50/apex_hot_runs/survival_utility_controller_v4b_rankgroup_efficient_lr5e4_rank2__k1_2_4_6_8_10_12_14_16,survival_utility_controller_v4b_rankgroup_efficient_lr5e4_rank2__k1_2_4_6_8_10_12_14_16,survival_utility_controller_v4b_rankgroup_efficient_lr5e4_rank2,k1_2_4_6_8_10_12_14_16,87.70418237300305
slow_fast,ngram_sd,long_chain_reasoning,17928,143930,27007,116923,8.02822400713967,1.5064145470771977,6.521809460062472,0.0799308344489067,0.8123601750851108,1.5064145470771977,results/apexp_block/config_large_500/evaluation/paper_cap50/apex_hot_runs/survival_utility_controller_v4b_rankgroup_efficient_lr5e4_rank2__k1_2_4_6_8_10_12_14_16,survival_utility_controller_v4b_rankgroup_efficient_lr5e4_rank2__k1_2_4_6_8_10_12_14_16,survival_utility_controller_v4b_rankgroup_efficient_lr5e4_rank2,k1_2_4_6_8_10_12_14_16,81.23601750851108
slow_fast,ngram_sd,long_context_completion,18062,259028,69522,189506,14.341047503045068,3.84907540693168,10.491972096113388,0.1910641125013841,0.7316043053260651,3.84907540693168,results/apexp_block/config_large_500/evaluation/paper_cap50/apex_hot_runs/survival_utility_controller_v4b_rankgroup_efficient_lr5e4_rank2__k1_2_4_6_8_10_12_14_16,survival_utility_controller_v4b_rankgroup_efficient_lr5e4_rank2__k1_2_4_6_8_10_12_14_16,survival_utility_controller_v4b_rankgroup_efficient_lr5e4_rank2,k1_2_4_6_8_10_12_14_16,73.16043053260651
slow_fast,ngram_sd,long_horizon_swe,13706,160171,32394,127777,11.686195826645266,2.3634904421421274,9.322705384503138,0.1177586458485334,0.7977536507857228,2.3634904421421274,results/apexp_block/config_large_500/evaluation/paper_cap50/apex_hot_runs/survival_utility_controller_v4b_rankgroup_efficient_lr5e4_rank2__k1_2_4_6_8_10_12_14_16,survival_utility_controller_v4b_rankgroup_efficient_lr5e4_rank2__k1_2_4_6_8_10_12_14_16,survival_utility_controller_v4b_rankgroup_efficient_lr5e4_rank2,k1_2_4_6_8_10_12_14_16,79.77536507857228
slow_fast,ngram_sd,mathematical_reasoning,10270,115081,10712,104369,11.205550146056476,1.0430379746835443,10.162512171372931,0.0505355404089581,0.906917736203196,1.0430379746835443,results/apexp_block/config_large_500/evaluation/paper_cap50/apex_hot_runs/survival_utility_controller_v4b_rankgroup_efficient_lr5e4_rank2__k1_2_4_6_8_10_12_14_16,survival_utility_controller_v4b_rankgroup_efficient_lr5e4_rank2__k1_2_4_6_8_10_12_14_16,survival_utility_controller_v4b_rankgroup_efficient_lr5e4_rank2,k1_2_4_6_8_10_12_14_16,90.69177362031961
slow_only,eagle3,code_gen,12335,152504,952,151552,12.363518443453588,0.0771787596270774,12.28633968382651,0.0009728415079043,0.9937575407858156,0.0771787596270774,results/apexp_block/config_large_500/evaluation/paper_cap50/apex_hot_runs/survival_utility_controller_v4b_rankgroup_efficient_lr5e4_rank2__k1_2_4_6_8_10_12_14_16,survival_utility_controller_v4b_rankgroup_efficient_lr5e4_rank2__k1_2_4_6_8_10_12_14_16,survival_utility_controller_v4b_rankgroup_efficient_lr5e4_rank2,k1_2_4_6_8_10_12_14_16,99.37575407858155
slow_only,eagle3,hardware_gen,2929,21620,138,21482,7.381358825537726,0.0471150563332195,7.334243769204507,0.0,0.9936170212765958,0.0471150563332195,results/apexp_block/config_large_500/evaluation/paper_cap50/apex_hot_runs/survival_utility_controller_v4b_rankgroup_efficient_lr5e4_rank2__k1_2_4_6_8_10_12_14_16,survival_utility_controller_v4b_rankgroup_efficient_lr5e4_rank2__k1_2_4_6_8_10_12_14_16,survival_utility_controller_v4b_rankgroup_efficient_lr5e4_rank2,k1_2_4_6_8_10_12_14_16,99.36170212765958
slow_only,ngram_sd,code_gen,3402,41469,6955,34514,12.189594356261022,2.0443856554967668,10.145208700764256,0.1011169900058789,0.8322843569895585,2.0443856554967668,results/apexp_block/config_large_500/evaluation/paper_cap50/apex_hot_runs/survival_utility_controller_v4b_rankgroup_efficient_lr5e4_rank2__k1_2_4_6_8_10_12_14_16,survival_utility_controller_v4b_rankgroup_efficient_lr5e4_rank2__k1_2_4_6_8_10_12_14_16,survival_utility_controller_v4b_rankgroup_efficient_lr5e4_rank2,k1_2_4_6_8_10_12_14_16,83.22843569895585
slow_only,ngram_sd,conversational_generation_gen_cap50,11601,183302,9837,173465,15.800534436686492,0.847944142746315,14.952590293940178,0.0237910524954745,0.94633446443574,0.847944142746315,results/apexp_block/config_large_500/evaluation/paper_cap50/apex_hot_runs/survival_utility_controller_v4b_rankgroup_efficient_lr5e4_rank2__k1_2_4_6_8_10_12_14_16,survival_utility_controller_v4b_rankgroup_efficient_lr5e4_rank2__k1_2_4_6_8_10_12_14_16,survival_utility_controller_v4b_rankgroup_efficient_lr5e4_rank2,k1_2_4_6_8_10_12_14_16,94.633446443574
slow_only,ngram_sd,conversational_generation_sft_cap50,12156,193694,9563,184131,15.93402435011517,0.7866897005593946,15.147334649555775,0.015876933201711,0.9506283106342994,0.7866897005593946,results/apexp_block/config_large_500/evaluation/paper_cap50/apex_hot_runs/survival_utility_controller_v4b_rankgroup_efficient_lr5e4_rank2__k1_2_4_6_8_10_12_14_16,survival_utility_controller_v4b_rankgroup_efficient_lr5e4_rank2__k1_2_4_6_8_10_12_14_16,survival_utility_controller_v4b_rankgroup_efficient_lr5e4_rank2,k1_2_4_6_8_10_12_14_16,95.06283106342994
slow_only,ngram_sd,hardware_gen,8268,119869,11722,108147,14.497943880019353,1.4177552007740688,13.080188679245284,0.0550314465408805,0.9022099124877992,1.4177552007740688,results/apexp_block/config_large_500/evaluation/paper_cap50/apex_hot_runs/survival_utility_controller_v4b_rankgroup_efficient_lr5e4_rank2__k1_2_4_6_8_10_12_14_16,survival_utility_controller_v4b_rankgroup_efficient_lr5e4_rank2__k1_2_4_6_8_10_12_14_16,survival_utility_controller_v4b_rankgroup_efficient_lr5e4_rank2,k1_2_4_6_8_10_12_14_16,90.22099124877992
slow_only,ngram_sd,long_chain_reasoning,17465,270900,27488,243412,15.511022044088175,1.5738906384196965,13.93713140566848,0.0480389350128829,0.898530823181986,1.5738906384196965,results/apexp_block/config_large_500/evaluation/paper_cap50/apex_hot_runs/survival_utility_controller_v4b_rankgroup_efficient_lr5e4_rank2__k1_2_4_6_8_10_12_14_16,survival_utility_controller_v4b_rankgroup_efficient_lr5e4_rank2__k1_2_4_6_8_10_12_14_16,survival_utility_controller_v4b_rankgroup_efficient_lr5e4_rank2,k1_2_4_6_8_10_12_14_16,89.8530823181986
slow_only,ngram_sd,long_context_completion,17585,277586,70015,207571,15.785385271538242,3.981518339493887,11.803866932044356,0.1881717372760875,0.7477718616933131,3.981518339493887,results/apexp_block/config_large_500/evaluation/paper_cap50/apex_hot_runs/survival_utility_controller_v4b_rankgroup_efficient_lr5e4_rank2__k1_2_4_6_8_10_12_14_16,survival_utility_controller_v4b_rankgroup_efficient_lr5e4_rank2__k1_2_4_6_8_10_12_14_16,survival_utility_controller_v4b_rankgroup_efficient_lr5e4_rank2,k1_2_4_6_8_10_12_14_16,74.77718616933132
slow_only,ngram_sd,long_horizon_swe,14071,212380,31948,180432,15.09345462298344,2.270485395494279,12.822969227489162,0.1235875204320943,0.8495715227422544,2.270485395494279,results/apexp_block/config_large_500/evaluation/paper_cap50/apex_hot_runs/survival_utility_controller_v4b_rankgroup_efficient_lr5e4_rank2__k1_2_4_6_8_10_12_14_16,survival_utility_controller_v4b_rankgroup_efficient_lr5e4_rank2__k1_2_4_6_8_10_12_14_16,survival_utility_controller_v4b_rankgroup_efficient_lr5e4_rank2,k1_2_4_6_8_10_12_14_16,84.95715227422545
slow_only,ngram_sd,mathematical_reasoning,10038,154424,10982,143442,15.383941024108388,1.0940426379756925,14.289898386132696,0.0227136879856545,0.9288841112780396,1.0940426379756925,results/apexp_block/config_large_500/evaluation/paper_cap50/apex_hot_runs/survival_utility_controller_v4b_rankgroup_efficient_lr5e4_rank2__k1_2_4_6_8_10_12_14_16,survival_utility_controller_v4b_rankgroup_efficient_lr5e4_rank2__k1_2_4_6_8_10_12_14_16,survival_utility_controller_v4b_rankgroup_efficient_lr5e4_rank2,k1_2_4_6_8_10_12_14_16,92.88841112780396
slow_fast,eagle3,code_gen,12343,31194,944,30250,2.52726241594426,0.0764805962893948,2.450781819654865,0.0046180021064571,0.9697377700839904,0.0764805962893948,results/apexp_block/config_large_500/evaluation/paper_cap50/apex_hot_runs/survival_utility_controller_v4b_rankgroup_efficient_lr5e4_rank2__k1_2_4_8_16,survival_utility_controller_v4b_rankgroup_efficient_lr5e4_rank2__k1_2_4_8_16,survival_utility_controller_v4b_rankgroup_efficient_lr5e4_rank2,k1_2_4_8_16,96.97377700839904
slow_fast,eagle3,hardware_gen,2929,10064,138,9926,3.435984977808125,0.0471150563332195,3.3888699214749063,0.0,0.986287758346582,0.0471150563332195,results/apexp_block/config_large_500/evaluation/paper_cap50/apex_hot_runs/survival_utility_controller_v4b_rankgroup_efficient_lr5e4_rank2__k1_2_4_8_16,survival_utility_controller_v4b_rankgroup_efficient_lr5e4_rank2__k1_2_4_8_16,survival_utility_controller_v4b_rankgroup_efficient_lr5e4_rank2,k1_2_4_8_16,98.6287758346582
slow_fast,ngram_sd,code_gen,3469,33116,6885,26231,9.546266935716345,1.9847218218506772,7.561545113865668,0.1236667627558374,0.7920944558521561,1.9847218218506772,results/apexp_block/config_large_500/evaluation/paper_cap50/apex_hot_runs/survival_utility_controller_v4b_rankgroup_efficient_lr5e4_rank2__k1_2_4_8_16,survival_utility_controller_v4b_rankgroup_efficient_lr5e4_rank2__k1_2_4_8_16,survival_utility_controller_v4b_rankgroup_efficient_lr5e4_rank2,k1_2_4_8_16,79.2094455852156
slow_fast,ngram_sd,conversational_generation_gen_cap50,11725,122658,9718,112940,10.461236673773987,0.8288272921108742,9.632409381663113,0.0411087420042643,0.92077157625267,0.8288272921108742,results/apexp_block/config_large_500/evaluation/paper_cap50/apex_hot_runs/survival_utility_controller_v4b_rankgroup_efficient_lr5e4_rank2__k1_2_4_8_16,survival_utility_controller_v4b_rankgroup_efficient_lr5e4_rank2__k1_2_4_8_16,survival_utility_controller_v4b_rankgroup_efficient_lr5e4_rank2,k1_2_4_8_16,92.077157625267
slow_fast,ngram_sd,conversational_generation_sft_cap50,12367,115187,9326,105861,9.314061615589877,0.7541036629740439,8.559957952615832,0.0422091048758793,0.9190360023266514,0.7541036629740439,results/apexp_block/config_large_500/evaluation/paper_cap50/apex_hot_runs/survival_utility_controller_v4b_rankgroup_efficient_lr5e4_rank2__k1_2_4_8_16,survival_utility_controller_v4b_rankgroup_efficient_lr5e4_rank2__k1_2_4_8_16,survival_utility_controller_v4b_rankgroup_efficient_lr5e4_rank2,k1_2_4_8_16,91.90360023266514
slow_fast,ngram_sd,hardware_gen,8382,95635,11639,83996,11.409568122166547,1.3885707468384634,10.020997375328085,0.0722977809591982,0.8782976943587598,1.3885707468384634,results/apexp_block/config_large_500/evaluation/paper_cap50/apex_hot_runs/survival_utility_controller_v4b_rankgroup_efficient_lr5e4_rank2__k1_2_4_8_16,survival_utility_controller_v4b_rankgroup_efficient_lr5e4_rank2__k1_2_4_8_16,survival_utility_controller_v4b_rankgroup_efficient_lr5e4_rank2,k1_2_4_8_16,87.82976943587599
slow_fast,ngram_sd,long_chain_reasoning,18013,143823,26931,116892,7.984400155443291,1.4950868816965526,6.489313273746738,0.085604840948204,0.8127490039840638,1.4950868816965526,results/apexp_block/config_large_500/evaluation/paper_cap50/apex_hot_runs/survival_utility_controller_v4b_rankgroup_efficient_lr5e4_rank2__k1_2_4_8_16,survival_utility_controller_v4b_rankgroup_efficient_lr5e4_rank2__k1_2_4_8_16,survival_utility_controller_v4b_rankgroup_efficient_lr5e4_rank2,k1_2_4_8_16,81.27490039840637
slow_fast,ngram_sd,long_context_completion,18204,261495,69297,192198,14.364700065919578,3.806690837178642,10.558009228740936,0.1884201274445177,0.7349968450639591,3.806690837178642,results/apexp_block/config_large_500/evaluation/paper_cap50/apex_hot_runs/survival_utility_controller_v4b_rankgroup_efficient_lr5e4_rank2__k1_2_4_8_16,survival_utility_controller_v4b_rankgroup_efficient_lr5e4_rank2__k1_2_4_8_16,survival_utility_controller_v4b_rankgroup_efficient_lr5e4_rank2,k1_2_4_8_16,73.49968450639591
slow_fast,ngram_sd,long_horizon_swe,13893,163949,32161,131788,11.800834952853956,2.314906787590873,9.485928165263084,0.1162455913049737,0.8038353390383595,2.314906787590873,results/apexp_block/config_large_500/evaluation/paper_cap50/apex_hot_runs/survival_utility_controller_v4b_rankgroup_efficient_lr5e4_rank2__k1_2_4_8_16,survival_utility_controller_v4b_rankgroup_efficient_lr5e4_rank2__k1_2_4_8_16,survival_utility_controller_v4b_rankgroup_efficient_lr5e4_rank2,k1_2_4_8_16,80.38353390383594
slow_fast,ngram_sd,mathematical_reasoning,10276,114752,10698,104054,11.16699104710004,1.041066562864928,10.12592448423511,0.0506033476060724,0.9067728667038484,1.041066562864928,results/apexp_block/config_large_500/evaluation/paper_cap50/apex_hot_runs/survival_utility_controller_v4b_rankgroup_efficient_lr5e4_rank2__k1_2_4_8_16,survival_utility_controller_v4b_rankgroup_efficient_lr5e4_rank2__k1_2_4_8_16,survival_utility_controller_v4b_rankgroup_efficient_lr5e4_rank2,k1_2_4_8_16,90.67728667038483
slow_only,eagle3,code_gen,12335,152504,952,151552,12.363518443453588,0.0771787596270774,12.28633968382651,0.0009728415079043,0.9937575407858156,0.0771787596270774,results/apexp_block/config_large_500/evaluation/paper_cap50/apex_hot_runs/survival_utility_controller_v4b_rankgroup_efficient_lr5e4_rank2__k1_2_4_8_16,survival_utility_controller_v4b_rankgroup_efficient_lr5e4_rank2__k1_2_4_8_16,survival_utility_controller_v4b_rankgroup_efficient_lr5e4_rank2,k1_2_4_8_16,99.37575407858155
slow_only,eagle3,hardware_gen,2929,21620,138,21482,7.381358825537726,0.0471150563332195,7.334243769204507,0.0,0.9936170212765958,0.0471150563332195,results/apexp_block/config_large_500/evaluation/paper_cap50/apex_hot_runs/survival_utility_controller_v4b_rankgroup_efficient_lr5e4_rank2__k1_2_4_8_16,survival_utility_controller_v4b_rankgroup_efficient_lr5e4_rank2__k1_2_4_8_16,survival_utility_controller_v4b_rankgroup_efficient_lr5e4_rank2,k1_2_4_8_16,99.36170212765958
slow_only,ngram_sd,code_gen,3402,41469,6955,34514,12.189594356261022,2.0443856554967668,10.145208700764256,0.1011169900058789,0.8322843569895585,2.0443856554967668,results/apexp_block/config_large_500/evaluation/paper_cap50/apex_hot_runs/survival_utility_controller_v4b_rankgroup_efficient_lr5e4_rank2__k1_2_4_8_16,survival_utility_controller_v4b_rankgroup_efficient_lr5e4_rank2__k1_2_4_8_16,survival_utility_controller_v4b_rankgroup_efficient_lr5e4_rank2,k1_2_4_8_16,83.22843569895585
slow_only,ngram_sd,conversational_generation_gen_cap50,11601,183302,9837,173465,15.800534436686492,0.847944142746315,14.952590293940178,0.0237910524954745,0.94633446443574,0.847944142746315,results/apexp_block/config_large_500/evaluation/paper_cap50/apex_hot_runs/survival_utility_controller_v4b_rankgroup_efficient_lr5e4_rank2__k1_2_4_8_16,survival_utility_controller_v4b_rankgroup_efficient_lr5e4_rank2__k1_2_4_8_16,survival_utility_controller_v4b_rankgroup_efficient_lr5e4_rank2,k1_2_4_8_16,94.633446443574
slow_only,ngram_sd,conversational_generation_sft_cap50,12156,193694,9563,184131,15.93402435011517,0.7866897005593946,15.147334649555775,0.015876933201711,0.9506283106342994,0.7866897005593946,results/apexp_block/config_large_500/evaluation/paper_cap50/apex_hot_runs/survival_utility_controller_v4b_rankgroup_efficient_lr5e4_rank2__k1_2_4_8_16,survival_utility_controller_v4b_rankgroup_efficient_lr5e4_rank2__k1_2_4_8_16,survival_utility_controller_v4b_rankgroup_efficient_lr5e4_rank2,k1_2_4_8_16,95.06283106342994
slow_only,ngram_sd,hardware_gen,8268,119869,11722,108147,14.497943880019353,1.4177552007740688,13.080188679245284,0.0550314465408805,0.9022099124877992,1.4177552007740688,results/apexp_block/config_large_500/evaluation/paper_cap50/apex_hot_runs/survival_utility_controller_v4b_rankgroup_efficient_lr5e4_rank2__k1_2_4_8_16,survival_utility_controller_v4b_rankgroup_efficient_lr5e4_rank2__k1_2_4_8_16,survival_utility_controller_v4b_rankgroup_efficient_lr5e4_rank2,k1_2_4_8_16,90.22099124877992
slow_only,ngram_sd,long_chain_reasoning,17465,270900,27488,243412,15.511022044088175,1.5738906384196965,13.93713140566848,0.0480389350128829,0.898530823181986,1.5738906384196965,results/apexp_block/config_large_500/evaluation/paper_cap50/apex_hot_runs/survival_utility_controller_v4b_rankgroup_efficient_lr5e4_rank2__k1_2_4_8_16,survival_utility_controller_v4b_rankgroup_efficient_lr5e4_rank2__k1_2_4_8_16,survival_utility_controller_v4b_rankgroup_efficient_lr5e4_rank2,k1_2_4_8_16,89.8530823181986
slow_only,ngram_sd,long_context_completion,17585,277586,70015,207571,15.785385271538242,3.981518339493887,11.803866932044356,0.1881717372760875,0.7477718616933131,3.981518339493887,results/apexp_block/config_large_500/evaluation/paper_cap50/apex_hot_runs/survival_utility_controller_v4b_rankgroup_efficient_lr5e4_rank2__k1_2_4_8_16,survival_utility_controller_v4b_rankgroup_efficient_lr5e4_rank2__k1_2_4_8_16,survival_utility_controller_v4b_rankgroup_efficient_lr5e4_rank2,k1_2_4_8_16,74.77718616933132
slow_only,ngram_sd,long_horizon_swe,14071,212380,31948,180432,15.09345462298344,2.270485395494279,12.822969227489162,0.1235875204320943,0.8495715227422544,2.270485395494279,results/apexp_block/config_large_500/evaluation/paper_cap50/apex_hot_runs/survival_utility_controller_v4b_rankgroup_efficient_lr5e4_rank2__k1_2_4_8_16,survival_utility_controller_v4b_rankgroup_efficient_lr5e4_rank2__k1_2_4_8_16,survival_utility_controller_v4b_rankgroup_efficient_lr5e4_rank2,k1_2_4_8_16,84.95715227422545
slow_only,ngram_sd,mathematical_reasoning,10038,154424,10982,143442,15.383941024108388,1.0940426379756925,14.289898386132696,0.0227136879856545,0.9288841112780396,1.0940426379756925,results/apexp_block/config_large_500/evaluation/paper_cap50/apex_hot_runs/survival_utility_controller_v4b_rankgroup_efficient_lr5e4_rank2__k1_2_4_8_16,survival_utility_controller_v4b_rankgroup_efficient_lr5e4_rank2__k1_2_4_8_16,survival_utility_controller_v4b_rankgroup_efficient_lr5e4_rank2,k1_2_4_8_16,92.88841112780396
slow_fast,eagle3,code_gen,12340,32087,947,31140,2.600243111831442,0.0767423014586709,2.5235008103727714,0.0037277147487844,0.9704864898557048,0.0767423014586709,results/apexp_block/config_large_500/evaluation/paper_cap50/apex_hot_runs/survival_utility_controller_v4b_rankgroup_efficient_lr5e4_rank2__k1_to_16,survival_utility_controller_v4b_rankgroup_efficient_lr5e4_rank2__k1_to_16,survival_utility_controller_v4b_rankgroup_efficient_lr5e4_rank2,k1_to_16,97.04864898557048
slow_fast,eagle3,hardware_gen,2929,9552,138,9414,3.261181290542847,0.0471150563332195,3.214066234209628,0.0,0.9855527638190956,0.0471150563332195,results/apexp_block/config_large_500/evaluation/paper_cap50/apex_hot_runs/survival_utility_controller_v4b_rankgroup_efficient_lr5e4_rank2__k1_to_16,survival_utility_controller_v4b_rankgroup_efficient_lr5e4_rank2__k1_to_16,survival_utility_controller_v4b_rankgroup_efficient_lr5e4_rank2,k1_to_16,98.55527638190956
slow_fast,ngram_sd,code_gen,3461,32941,6905,26036,9.517769430800346,1.9950881248194163,7.522681305980931,0.1213522103438312,0.790382805622173,1.9950881248194163,results/apexp_block/config_large_500/evaluation/paper_cap50/apex_hot_runs/survival_utility_controller_v4b_rankgroup_efficient_lr5e4_rank2__k1_to_16,survival_utility_controller_v4b_rankgroup_efficient_lr5e4_rank2__k1_to_16,survival_utility_controller_v4b_rankgroup_efficient_lr5e4_rank2,k1_to_16,79.0382805622173
slow_fast,ngram_sd,conversational_generation_gen_cap50,11730,117987,9704,108283,10.058567774936062,0.8272804774083546,9.231287297527707,0.0393009377664109,0.9177536508259384,0.8272804774083546,results/apexp_block/config_large_500/evaluation/paper_cap50/apex_hot_runs/survival_utility_controller_v4b_rankgroup_efficient_lr5e4_rank2__k1_to_16,survival_utility_controller_v4b_rankgroup_efficient_lr5e4_rank2__k1_to_16,survival_utility_controller_v4b_rankgroup_efficient_lr5e4_rank2,k1_to_16,91.77536508259384
slow_fast,ngram_sd,conversational_generation_sft_cap50,12392,114212,9296,104916,9.216591349257586,0.750161394448031,8.466429954809554,0.0418011620400258,0.918607501838686,0.750161394448031,results/apexp_block/config_large_500/evaluation/paper_cap50/apex_hot_runs/survival_utility_controller_v4b_rankgroup_efficient_lr5e4_rank2__k1_to_16,survival_utility_controller_v4b_rankgroup_efficient_lr5e4_rank2__k1_to_16,survival_utility_controller_v4b_rankgroup_efficient_lr5e4_rank2,k1_to_16,91.8607501838686
slow_fast,ngram_sd,hardware_gen,8384,94817,11642,83175,11.30927958015267,1.3885973282442747,9.920682251908396,0.0706106870229007,0.877216111034941,1.3885973282442747,results/apexp_block/config_large_500/evaluation/paper_cap50/apex_hot_runs/survival_utility_controller_v4b_rankgroup_efficient_lr5e4_rank2__k1_to_16,survival_utility_controller_v4b_rankgroup_efficient_lr5e4_rank2__k1_to_16,survival_utility_controller_v4b_rankgroup_efficient_lr5e4_rank2,k1_to_16,87.7216111034941
slow_fast,ngram_sd,long_chain_reasoning,17939,143199,26989,116210,7.982551981715814,1.50448742962261,6.478064552093205,0.0795473549250237,0.8115280134637811,1.50448742962261,results/apexp_block/config_large_500/evaluation/paper_cap50/apex_hot_runs/survival_utility_controller_v4b_rankgroup_efficient_lr5e4_rank2__k1_to_16,survival_utility_controller_v4b_rankgroup_efficient_lr5e4_rank2__k1_to_16,survival_utility_controller_v4b_rankgroup_efficient_lr5e4_rank2,k1_to_16,81.15280134637811
slow_fast,ngram_sd,long_context_completion,18156,260140,69391,190749,14.328045825071602,3.8219321436439744,10.506113681427626,0.18842256003525,0.7332551702929192,3.8219321436439744,results/apexp_block/config_large_500/evaluation/paper_cap50/apex_hot_runs/survival_utility_controller_v4b_rankgroup_efficient_lr5e4_rank2__k1_to_16,survival_utility_controller_v4b_rankgroup_efficient_lr5e4_rank2__k1_to_16,survival_utility_controller_v4b_rankgroup_efficient_lr5e4_rank2,k1_to_16,73.32551702929192
slow_fast,ngram_sd,long_horizon_swe,13889,161645,32137,129508,11.638346893224854,2.313845489236086,9.324501403988767,0.1143350853193174,0.8011877880540691,2.313845489236086,results/apexp_block/config_large_500/evaluation/paper_cap50/apex_hot_runs/survival_utility_controller_v4b_rankgroup_efficient_lr5e4_rank2__k1_to_16,survival_utility_controller_v4b_rankgroup_efficient_lr5e4_rank2__k1_to_16,survival_utility_controller_v4b_rankgroup_efficient_lr5e4_rank2,k1_to_16,80.1187788054069
slow_fast,ngram_sd,mathematical_reasoning,10267,114463,10713,103750,11.14863153793708,1.0434401480471414,10.10519138988994,0.0490893152819713,0.9064064370145812,1.0434401480471414,results/apexp_block/config_large_500/evaluation/paper_cap50/apex_hot_runs/survival_utility_controller_v4b_rankgroup_efficient_lr5e4_rank2__k1_to_16,survival_utility_controller_v4b_rankgroup_efficient_lr5e4_rank2__k1_to_16,survival_utility_controller_v4b_rankgroup_efficient_lr5e4_rank2,k1_to_16,90.64064370145812
slow_only,eagle3,code_gen,12335,152504,952,151552,12.363518443453588,0.0771787596270774,12.28633968382651,0.0009728415079043,0.9937575407858156,0.0771787596270774,results/apexp_block/config_large_500/evaluation/paper_cap50/apex_hot_runs/survival_utility_controller_v4b_rankgroup_efficient_lr5e4_rank2__k1_to_16,survival_utility_controller_v4b_rankgroup_efficient_lr5e4_rank2__k1_to_16,survival_utility_controller_v4b_rankgroup_efficient_lr5e4_rank2,k1_to_16,99.37575407858155
slow_only,eagle3,hardware_gen,2929,21620,138,21482,7.381358825537726,0.0471150563332195,7.334243769204507,0.0,0.9936170212765958,0.0471150563332195,results/apexp_block/config_large_500/evaluation/paper_cap50/apex_hot_runs/survival_utility_controller_v4b_rankgroup_efficient_lr5e4_rank2__k1_to_16,survival_utility_controller_v4b_rankgroup_efficient_lr5e4_rank2__k1_to_16,survival_utility_controller_v4b_rankgroup_efficient_lr5e4_rank2,k1_to_16,99.36170212765958
slow_only,ngram_sd,code_gen,3402,41469,6955,34514,12.189594356261022,2.0443856554967668,10.145208700764256,0.1011169900058789,0.8322843569895585,2.0443856554967668,results/apexp_block/config_large_500/evaluation/paper_cap50/apex_hot_runs/survival_utility_controller_v4b_rankgroup_efficient_lr5e4_rank2__k1_to_16,survival_utility_controller_v4b_rankgroup_efficient_lr5e4_rank2__k1_to_16,survival_utility_controller_v4b_rankgroup_efficient_lr5e4_rank2,k1_to_16,83.22843569895585
slow_only,ngram_sd,conversational_generation_gen_cap50,11601,183302,9837,173465,15.800534436686492,0.847944142746315,14.952590293940178,0.0237910524954745,0.94633446443574,0.847944142746315,results/apexp_block/config_large_500/evaluation/paper_cap50/apex_hot_runs/survival_utility_controller_v4b_rankgroup_efficient_lr5e4_rank2__k1_to_16,survival_utility_controller_v4b_rankgroup_efficient_lr5e4_rank2__k1_to_16,survival_utility_controller_v4b_rankgroup_efficient_lr5e4_rank2,k1_to_16,94.633446443574
slow_only,ngram_sd,conversational_generation_sft_cap50,12156,193694,9563,184131,15.93402435011517,0.7866897005593946,15.147334649555775,0.015876933201711,0.9506283106342994,0.7866897005593946,results/apexp_block/config_large_500/evaluation/paper_cap50/apex_hot_runs/survival_utility_controller_v4b_rankgroup_efficient_lr5e4_rank2__k1_to_16,survival_utility_controller_v4b_rankgroup_efficient_lr5e4_rank2__k1_to_16,survival_utility_controller_v4b_rankgroup_efficient_lr5e4_rank2,k1_to_16,95.06283106342994
slow_only,ngram_sd,hardware_gen,8268,119869,11722,108147,14.497943880019353,1.4177552007740688,13.080188679245284,0.0550314465408805,0.9022099124877992,1.4177552007740688,results/apexp_block/config_large_500/evaluation/paper_cap50/apex_hot_runs/survival_utility_controller_v4b_rankgroup_efficient_lr5e4_rank2__k1_to_16,survival_utility_controller_v4b_rankgroup_efficient_lr5e4_rank2__k1_to_16,survival_utility_controller_v4b_rankgroup_efficient_lr5e4_rank2,k1_to_16,90.22099124877992
slow_only,ngram_sd,long_chain_reasoning,17465,270900,27488,243412,15.511022044088175,1.5738906384196965,13.93713140566848,0.0480389350128829,0.898530823181986,1.5738906384196965,results/apexp_block/config_large_500/evaluation/paper_cap50/apex_hot_runs/survival_utility_controller_v4b_rankgroup_efficient_lr5e4_rank2__k1_to_16,survival_utility_controller_v4b_rankgroup_efficient_lr5e4_rank2__k1_to_16,survival_utility_controller_v4b_rankgroup_efficient_lr5e4_rank2,k1_to_16,89.8530823181986
slow_only,ngram_sd,long_context_completion,17585,277586,70015,207571,15.785385271538242,3.981518339493887,11.803866932044356,0.1881717372760875,0.7477718616933131,3.981518339493887,results/apexp_block/config_large_500/evaluation/paper_cap50/apex_hot_runs/survival_utility_controller_v4b_rankgroup_efficient_lr5e4_rank2__k1_to_16,survival_utility_controller_v4b_rankgroup_efficient_lr5e4_rank2__k1_to_16,survival_utility_controller_v4b_rankgroup_efficient_lr5e4_rank2,k1_to_16,74.77718616933132
slow_only,ngram_sd,long_horizon_swe,14071,212380,31948,180432,15.09345462298344,2.270485395494279,12.822969227489162,0.1235875204320943,0.8495715227422544,2.270485395494279,results/apexp_block/config_large_500/evaluation/paper_cap50/apex_hot_runs/survival_utility_controller_v4b_rankgroup_efficient_lr5e4_rank2__k1_to_16,survival_utility_controller_v4b_rankgroup_efficient_lr5e4_rank2__k1_to_16,survival_utility_controller_v4b_rankgroup_efficient_lr5e4_rank2,k1_to_16,84.95715227422545
slow_only,ngram_sd,mathematical_reasoning,10038,154424,10982,143442,15.383941024108388,1.0940426379756925,14.289898386132696,0.0227136879856545,0.9288841112780396,1.0940426379756925,results/apexp_block/config_large_500/evaluation/paper_cap50/apex_hot_runs/survival_utility_controller_v4b_rankgroup_efficient_lr5e4_rank2__k1_to_16,survival_utility_controller_v4b_rankgroup_efficient_lr5e4_rank2__k1_to_16,survival_utility_controller_v4b_rankgroup_efficient_lr5e4_rank2,k1_to_16,92.88841112780396
slow_fast,eagle3,code_gen,12341,31008,946,30062,2.512600275504416,0.0766550522648083,2.435945223239608,0.0034843205574912,0.9694917440660474,0.0766550522648083,results/apexp_block/config_large_500/evaluation/paper_cap50/apex_hot_runs/survival_utility_controller_v4b_rankgroup_efficient_lr5e4_rank2__k2_4_6_8,survival_utility_controller_v4b_rankgroup_efficient_lr5e4_rank2__k2_4_6_8,survival_utility_controller_v4b_rankgroup_efficient_lr5e4_rank2,k2_4_6_8,96.94917440660474
slow_fast,eagle3,hardware_gen,2929,10046,138,9908,3.4298395356777056,0.0471150563332195,3.3827244793444864,0.0,0.9862631893290862,0.0471150563332195,results/apexp_block/config_large_500/evaluation/paper_cap50/apex_hot_runs/survival_utility_controller_v4b_rankgroup_efficient_lr5e4_rank2__k2_4_6_8,survival_utility_controller_v4b_rankgroup_efficient_lr5e4_rank2__k2_4_6_8,survival_utility_controller_v4b_rankgroup_efficient_lr5e4_rank2,k2_4_6_8,98.62631893290862
slow_fast,ngram_sd,code_gen,3762,22383,6550,15833,5.94976076555024,1.7410951621477937,4.208665603402445,0.1820839978734715,0.7073671983201537,1.7410951621477937,results/apexp_block/config_large_500/evaluation/paper_cap50/apex_hot_runs/survival_utility_controller_v4b_rankgroup_efficient_lr5e4_rank2__k2_4_6_8,survival_utility_controller_v4b_rankgroup_efficient_lr5e4_rank2__k2_4_6_8,survival_utility_controller_v4b_rankgroup_efficient_lr5e4_rank2,k2_4_6_8,70.73671983201537
slow_fast,ngram_sd,conversational_generation_gen_cap50,12053,67329,9324,58005,5.586078154816228,0.7735833402472414,4.8124948145689865,0.0657927486932713,0.861515840128325,0.7735833402472414,results/apexp_block/config_large_500/evaluation/paper_cap50/apex_hot_runs/survival_utility_controller_v4b_rankgroup_efficient_lr5e4_rank2__k2_4_6_8,survival_utility_controller_v4b_rankgroup_efficient_lr5e4_rank2__k2_4_6_8,survival_utility_controller_v4b_rankgroup_efficient_lr5e4_rank2,k2_4_6_8,86.1515840128325
slow_fast,ngram_sd,conversational_generation_sft_cap50,12635,65231,9015,56216,5.162722595963594,0.7134942619707163,4.449228333992877,0.0641076375148397,0.861798837975809,0.7134942619707163,results/apexp_block/config_large_500/evaluation/paper_cap50/apex_hot_runs/survival_utility_controller_v4b_rankgroup_efficient_lr5e4_rank2__k2_4_6_8,survival_utility_controller_v4b_rankgroup_efficient_lr5e4_rank2__k2_4_6_8,survival_utility_controller_v4b_rankgroup_efficient_lr5e4_rank2,k2_4_6_8,86.1798837975809
slow_fast,ngram_sd,hardware_gen,8960,47094,10989,36105,5.256026785714286,1.226450892857143,4.029575892857143,0.1299107142857143,0.7666581730156707,1.226450892857143,results/apexp_block/config_large_500/evaluation/paper_cap50/apex_hot_runs/survival_utility_controller_v4b_rankgroup_efficient_lr5e4_rank2__k2_4_6_8,survival_utility_controller_v4b_rankgroup_efficient_lr5e4_rank2__k2_4_6_8,survival_utility_controller_v4b_rankgroup_efficient_lr5e4_rank2,k2_4_6_8,76.66581730156707
slow_fast,ngram_sd,long_chain_reasoning,18815,120244,26109,94135,6.39085835769333,1.3876694127026308,5.003188944990699,0.1200637788998139,0.782866504773627,1.3876694127026308,results/apexp_block/config_large_500/evaluation/paper_cap50/apex_hot_runs/survival_utility_controller_v4b_rankgroup_efficient_lr5e4_rank2__k2_4_6_8,survival_utility_controller_v4b_rankgroup_efficient_lr5e4_rank2__k2_4_6_8,survival_utility_controller_v4b_rankgroup_efficient_lr5e4_rank2,k2_4_6_8,78.2866504773627
slow_fast,ngram_sd,long_context_completion,22005,153516,65391,88125,6.976414451261077,2.9716428084526245,4.0047716428084525,0.3096568961599636,0.5740443992808567,2.9716428084526245,results/apexp_block/config_large_500/evaluation/paper_cap50/apex_hot_runs/survival_utility_controller_v4b_rankgroup_efficient_lr5e4_rank2__k2_4_6_8,survival_utility_controller_v4b_rankgroup_efficient_lr5e4_rank2__k2_4_6_8,survival_utility_controller_v4b_rankgroup_efficient_lr5e4_rank2,k2_4_6_8,57.40443992808567
slow_fast,ngram_sd,long_horizon_swe,15530,112410,30380,82030,7.238248551191242,1.9562137797810688,5.282034771410174,0.1950418544752092,0.7297393470331821,1.9562137797810688,results/apexp_block/config_large_500/evaluation/paper_cap50/apex_hot_runs/survival_utility_controller_v4b_rankgroup_efficient_lr5e4_rank2__k2_4_6_8,survival_utility_controller_v4b_rankgroup_efficient_lr5e4_rank2__k2_4_6_8,survival_utility_controller_v4b_rankgroup_efficient_lr5e4_rank2,k2_4_6_8,72.9739347033182
slow_fast,ngram_sd,mathematical_reasoning,10577,61766,10382,51384,5.839652075257635,0.9815637704453058,4.858088304812329,0.0813084995745485,0.831913997992423,0.9815637704453058,results/apexp_block/config_large_500/evaluation/paper_cap50/apex_hot_runs/survival_utility_controller_v4b_rankgroup_efficient_lr5e4_rank2__k2_4_6_8,survival_utility_controller_v4b_rankgroup_efficient_lr5e4_rank2__k2_4_6_8,survival_utility_controller_v4b_rankgroup_efficient_lr5e4_rank2,k2_4_6_8,83.1913997992423
slow_only,eagle3,code_gen,12335,152504,952,151552,12.363518443453588,0.0771787596270774,12.28633968382651,0.0009728415079043,0.9937575407858156,0.0771787596270774,results/apexp_block/config_large_500/evaluation/paper_cap50/apex_hot_runs/survival_utility_controller_v4b_rankgroup_efficient_lr5e4_rank2__k2_4_6_8,survival_utility_controller_v4b_rankgroup_efficient_lr5e4_rank2__k2_4_6_8,survival_utility_controller_v4b_rankgroup_efficient_lr5e4_rank2,k2_4_6_8,99.37575407858155
slow_only,eagle3,hardware_gen,2929,21620,138,21482,7.381358825537726,0.0471150563332195,7.334243769204507,0.0,0.9936170212765958,0.0471150563332195,results/apexp_block/config_large_500/evaluation/paper_cap50/apex_hot_runs/survival_utility_controller_v4b_rankgroup_efficient_lr5e4_rank2__k2_4_6_8,survival_utility_controller_v4b_rankgroup_efficient_lr5e4_rank2__k2_4_6_8,survival_utility_controller_v4b_rankgroup_efficient_lr5e4_rank2,k2_4_6_8,99.36170212765958
slow_only,ngram_sd,code_gen,3402,41469,6955,34514,12.189594356261022,2.0443856554967668,10.145208700764256,0.1011169900058789,0.8322843569895585,2.0443856554967668,results/apexp_block/config_large_500/evaluation/paper_cap50/apex_hot_runs/survival_utility_controller_v4b_rankgroup_efficient_lr5e4_rank2__k2_4_6_8,survival_utility_controller_v4b_rankgroup_efficient_lr5e4_rank2__k2_4_6_8,survival_utility_controller_v4b_rankgroup_efficient_lr5e4_rank2,k2_4_6_8,83.22843569895585
slow_only,ngram_sd,conversational_generation_gen_cap50,11601,183302,9837,173465,15.800534436686492,0.847944142746315,14.952590293940178,0.0237910524954745,0.94633446443574,0.847944142746315,results/apexp_block/config_large_500/evaluation/paper_cap50/apex_hot_runs/survival_utility_controller_v4b_rankgroup_efficient_lr5e4_rank2__k2_4_6_8,survival_utility_controller_v4b_rankgroup_efficient_lr5e4_rank2__k2_4_6_8,survival_utility_controller_v4b_rankgroup_efficient_lr5e4_rank2,k2_4_6_8,94.633446443574
slow_only,ngram_sd,conversational_generation_sft_cap50,12156,193694,9563,184131,15.93402435011517,0.7866897005593946,15.147334649555775,0.015876933201711,0.9506283106342994,0.7866897005593946,results/apexp_block/config_large_500/evaluation/paper_cap50/apex_hot_runs/survival_utility_controller_v4b_rankgroup_efficient_lr5e4_rank2__k2_4_6_8,survival_utility_controller_v4b_rankgroup_efficient_lr5e4_rank2__k2_4_6_8,survival_utility_controller_v4b_rankgroup_efficient_lr5e4_rank2,k2_4_6_8,95.06283106342994
slow_only,ngram_sd,hardware_gen,8268,119869,11722,108147,14.497943880019353,1.4177552007740688,13.080188679245284,0.0550314465408805,0.9022099124877992,1.4177552007740688,results/apexp_block/config_large_500/evaluation/paper_cap50/apex_hot_runs/survival_utility_controller_v4b_rankgroup_efficient_lr5e4_rank2__k2_4_6_8,survival_utility_controller_v4b_rankgroup_efficient_lr5e4_rank2__k2_4_6_8,survival_utility_controller_v4b_rankgroup_efficient_lr5e4_rank2,k2_4_6_8,90.22099124877992
slow_only,ngram_sd,long_chain_reasoning,17465,270900,27488,243412,15.511022044088175,1.5738906384196965,13.93713140566848,0.0480389350128829,0.898530823181986,1.5738906384196965,results/apexp_block/config_large_500/evaluation/paper_cap50/apex_hot_runs/survival_utility_controller_v4b_rankgroup_efficient_lr5e4_rank2__k2_4_6_8,survival_utility_controller_v4b_rankgroup_efficient_lr5e4_rank2__k2_4_6_8,survival_utility_controller_v4b_rankgroup_efficient_lr5e4_rank2,k2_4_6_8,89.8530823181986
slow_only,ngram_sd,long_context_completion,17585,277586,70015,207571,15.785385271538242,3.981518339493887,11.803866932044356,0.1881717372760875,0.7477718616933131,3.981518339493887,results/apexp_block/config_large_500/evaluation/paper_cap50/apex_hot_runs/survival_utility_controller_v4b_rankgroup_efficient_lr5e4_rank2__k2_4_6_8,survival_utility_controller_v4b_rankgroup_efficient_lr5e4_rank2__k2_4_6_8,survival_utility_controller_v4b_rankgroup_efficient_lr5e4_rank2,k2_4_6_8,74.77718616933132
slow_only,ngram_sd,long_horizon_swe,14071,212380,31948,180432,15.09345462298344,2.270485395494279,12.822969227489162,0.1235875204320943,0.8495715227422544,2.270485395494279,results/apexp_block/config_large_500/evaluation/paper_cap50/apex_hot_runs/survival_utility_controller_v4b_rankgroup_efficient_lr5e4_rank2__k2_4_6_8,survival_utility_controller_v4b_rankgroup_efficient_lr5e4_rank2__k2_4_6_8,survival_utility_controller_v4b_rankgroup_efficient_lr5e4_rank2,k2_4_6_8,84.95715227422545
slow_only,ngram_sd,mathematical_reasoning,10038,154424,10982,143442,15.383941024108388,1.0940426379756925,14.289898386132696,0.0227136879856545,0.9288841112780396,1.0940426379756925,results/apexp_block/config_large_500/evaluation/paper_cap50/apex_hot_runs/survival_utility_controller_v4b_rankgroup_efficient_lr5e4_rank2__k2_4_6_8,survival_utility_controller_v4b_rankgroup_efficient_lr5e4_rank2__k2_4_6_8,survival_utility_controller_v4b_rankgroup_efficient_lr5e4_rank2,k2_4_6_8,92.88841112780396
slow_fast,eagle3,code_gen,12358,22520,929,21591,1.822301343259427,0.0751739763715811,1.747127366887846,0.0211199223175271,0.9587477797513322,0.0751739763715811,results/apexp_block/config_large_500/evaluation/paper_cap50/apex_hot_runs/survival_utility_controller_v4b_rankgroup_speed_lr3e4_rank3__k1_2_4_6_8_10_12_14_16,survival_utility_controller_v4b_rankgroup_speed_lr3e4_rank3__k1_2_4_6_8_10_12_14_16,survival_utility_controller_v4b_rankgroup_speed_lr3e4_rank3,k1_2_4_6_8_10_12_14_16,95.87477797513321
slow_fast,eagle3,hardware_gen,2929,5919,138,5781,2.0208262205530896,0.0471150563332195,1.9737111642198704,0.0,0.976685250886974,0.0471150563332195,results/apexp_block/config_large_500/evaluation/paper_cap50/apex_hot_runs/survival_utility_controller_v4b_rankgroup_speed_lr3e4_rank3__k1_2_4_6_8_10_12_14_16,survival_utility_controller_v4b_rankgroup_speed_lr3e4_rank3__k1_2_4_6_8_10_12_14_16,survival_utility_controller_v4b_rankgroup_speed_lr3e4_rank3,k1_2_4_6_8_10_12_14_16,97.6685250886974
slow_fast,ngram_sd,code_gen,3541,24553,6812,17741,6.9339169726066086,1.923750353007625,5.010166619598984,0.1330132730866986,0.7225593613815012,1.923750353007625,results/apexp_block/config_large_500/evaluation/paper_cap50/apex_hot_runs/survival_utility_controller_v4b_rankgroup_speed_lr3e4_rank3__k1_2_4_6_8_10_12_14_16,survival_utility_controller_v4b_rankgroup_speed_lr3e4_rank3__k1_2_4_6_8_10_12_14_16,survival_utility_controller_v4b_rankgroup_speed_lr3e4_rank3,k1_2_4_6_8_10_12_14_16,72.25593613815012
slow_fast,ngram_sd,conversational_generation_gen_cap50,11757,89492,9651,79841,7.611805732754955,0.820872671599898,6.790933061155057,0.0406566300927107,0.8921579582532517,0.820872671599898,results/apexp_block/config_large_500/evaluation/paper_cap50/apex_hot_runs/survival_utility_controller_v4b_rankgroup_speed_lr3e4_rank3__k1_2_4_6_8_10_12_14_16,survival_utility_controller_v4b_rankgroup_speed_lr3e4_rank3__k1_2_4_6_8_10_12_14_16,survival_utility_controller_v4b_rankgroup_speed_lr3e4_rank3,k1_2_4_6_8_10_12_14_16,89.21579582532517
slow_fast,ngram_sd,conversational_generation_sft_cap50,12450,83265,9212,74053,6.687951807228916,0.7399196787148594,5.948032128514056,0.0459437751004016,0.889365279529214,0.7399196787148594,results/apexp_block/config_large_500/evaluation/paper_cap50/apex_hot_runs/survival_utility_controller_v4b_rankgroup_speed_lr3e4_rank3__k1_2_4_6_8_10_12_14_16,survival_utility_controller_v4b_rankgroup_speed_lr3e4_rank3__k1_2_4_6_8_10_12_14_16,survival_utility_controller_v4b_rankgroup_speed_lr3e4_rank3,k1_2_4_6_8_10_12_14_16,88.9365279529214
slow_fast,ngram_sd,hardware_gen,8455,68481,11535,56946,8.099467770549971,1.36428149024246,6.73518628030751,0.0835008870490833,0.8315591185876374,1.36428149024246,results/apexp_block/config_large_500/evaluation/paper_cap50/apex_hot_runs/survival_utility_controller_v4b_rankgroup_speed_lr3e4_rank3__k1_2_4_6_8_10_12_14_16,survival_utility_controller_v4b_rankgroup_speed_lr3e4_rank3__k1_2_4_6_8_10_12_14_16,survival_utility_controller_v4b_rankgroup_speed_lr3e4_rank3,k1_2_4_6_8_10_12_14_16,83.15591185876374
slow_fast,ngram_sd,long_chain_reasoning,18068,133526,26842,106684,7.390192605711755,1.485609918087226,5.904582687624529,0.0818020810272304,0.7989754804307775,1.485609918087226,results/apexp_block/config_large_500/evaluation/paper_cap50/apex_hot_runs/survival_utility_controller_v4b_rankgroup_speed_lr3e4_rank3__k1_2_4_6_8_10_12_14_16,survival_utility_controller_v4b_rankgroup_speed_lr3e4_rank3__k1_2_4_6_8_10_12_14_16,survival_utility_controller_v4b_rankgroup_speed_lr3e4_rank3,k1_2_4_6_8_10_12_14_16,79.89754804307775
slow_fast,ngram_sd,long_context_completion,18215,197953,69367,128586,10.867581663464176,3.8082349711776007,7.059346692286577,0.2090584682953609,0.6495784352851435,3.8082349711776007,results/apexp_block/config_large_500/evaluation/paper_cap50/apex_hot_runs/survival_utility_controller_v4b_rankgroup_speed_lr3e4_rank3__k1_2_4_6_8_10_12_14_16,survival_utility_controller_v4b_rankgroup_speed_lr3e4_rank3__k1_2_4_6_8_10_12_14_16,survival_utility_controller_v4b_rankgroup_speed_lr3e4_rank3,k1_2_4_6_8_10_12_14_16,64.95784352851435
slow_fast,ngram_sd,long_horizon_swe,14005,128543,32052,96491,9.178364869689396,2.288611210282042,6.889753659407354,0.1271688682613352,0.7506515329500634,2.288611210282042,results/apexp_block/config_large_500/evaluation/paper_cap50/apex_hot_runs/survival_utility_controller_v4b_rankgroup_speed_lr3e4_rank3__k1_2_4_6_8_10_12_14_16,survival_utility_controller_v4b_rankgroup_speed_lr3e4_rank3__k1_2_4_6_8_10_12_14_16,survival_utility_controller_v4b_rankgroup_speed_lr3e4_rank3,k1_2_4_6_8_10_12_14_16,75.06515329500634
slow_fast,ngram_sd,mathematical_reasoning,10306,76931,10679,66252,7.464680768484378,1.0361925092179314,6.428488259266446,0.0555016495245488,0.861187297708336,1.0361925092179314,results/apexp_block/config_large_500/evaluation/paper_cap50/apex_hot_runs/survival_utility_controller_v4b_rankgroup_speed_lr3e4_rank3__k1_2_4_6_8_10_12_14_16,survival_utility_controller_v4b_rankgroup_speed_lr3e4_rank3__k1_2_4_6_8_10_12_14_16,survival_utility_controller_v4b_rankgroup_speed_lr3e4_rank3,k1_2_4_6_8_10_12_14_16,86.1187297708336
slow_only,eagle3,code_gen,12335,152504,952,151552,12.363518443453588,0.0771787596270774,12.28633968382651,0.0009728415079043,0.9937575407858156,0.0771787596270774,results/apexp_block/config_large_500/evaluation/paper_cap50/apex_hot_runs/survival_utility_controller_v4b_rankgroup_speed_lr3e4_rank3__k1_2_4_6_8_10_12_14_16,survival_utility_controller_v4b_rankgroup_speed_lr3e4_rank3__k1_2_4_6_8_10_12_14_16,survival_utility_controller_v4b_rankgroup_speed_lr3e4_rank3,k1_2_4_6_8_10_12_14_16,99.37575407858155
slow_only,eagle3,hardware_gen,2929,21620,138,21482,7.381358825537726,0.0471150563332195,7.334243769204507,0.0,0.9936170212765958,0.0471150563332195,results/apexp_block/config_large_500/evaluation/paper_cap50/apex_hot_runs/survival_utility_controller_v4b_rankgroup_speed_lr3e4_rank3__k1_2_4_6_8_10_12_14_16,survival_utility_controller_v4b_rankgroup_speed_lr3e4_rank3__k1_2_4_6_8_10_12_14_16,survival_utility_controller_v4b_rankgroup_speed_lr3e4_rank3,k1_2_4_6_8_10_12_14_16,99.36170212765958
slow_only,ngram_sd,code_gen,3402,41469,6955,34514,12.189594356261022,2.0443856554967668,10.145208700764256,0.1011169900058789,0.8322843569895585,2.0443856554967668,results/apexp_block/config_large_500/evaluation/paper_cap50/apex_hot_runs/survival_utility_controller_v4b_rankgroup_speed_lr3e4_rank3__k1_2_4_6_8_10_12_14_16,survival_utility_controller_v4b_rankgroup_speed_lr3e4_rank3__k1_2_4_6_8_10_12_14_16,survival_utility_controller_v4b_rankgroup_speed_lr3e4_rank3,k1_2_4_6_8_10_12_14_16,83.22843569895585
slow_only,ngram_sd,conversational_generation_gen_cap50,11601,183302,9837,173465,15.800534436686492,0.847944142746315,14.952590293940178,0.0237910524954745,0.94633446443574,0.847944142746315,results/apexp_block/config_large_500/evaluation/paper_cap50/apex_hot_runs/survival_utility_controller_v4b_rankgroup_speed_lr3e4_rank3__k1_2_4_6_8_10_12_14_16,survival_utility_controller_v4b_rankgroup_speed_lr3e4_rank3__k1_2_4_6_8_10_12_14_16,survival_utility_controller_v4b_rankgroup_speed_lr3e4_rank3,k1_2_4_6_8_10_12_14_16,94.633446443574
slow_only,ngram_sd,conversational_generation_sft_cap50,12156,193694,9563,184131,15.93402435011517,0.7866897005593946,15.147334649555775,0.015876933201711,0.9506283106342994,0.7866897005593946,results/apexp_block/config_large_500/evaluation/paper_cap50/apex_hot_runs/survival_utility_controller_v4b_rankgroup_speed_lr3e4_rank3__k1_2_4_6_8_10_12_14_16,survival_utility_controller_v4b_rankgroup_speed_lr3e4_rank3__k1_2_4_6_8_10_12_14_16,survival_utility_controller_v4b_rankgroup_speed_lr3e4_rank3,k1_2_4_6_8_10_12_14_16,95.06283106342994
slow_only,ngram_sd,hardware_gen,8268,119869,11722,108147,14.497943880019353,1.4177552007740688,13.080188679245284,0.0550314465408805,0.9022099124877992,1.4177552007740688,results/apexp_block/config_large_500/evaluation/paper_cap50/apex_hot_runs/survival_utility_controller_v4b_rankgroup_speed_lr3e4_rank3__k1_2_4_6_8_10_12_14_16,survival_utility_controller_v4b_rankgroup_speed_lr3e4_rank3__k1_2_4_6_8_10_12_14_16,survival_utility_controller_v4b_rankgroup_speed_lr3e4_rank3,k1_2_4_6_8_10_12_14_16,90.22099124877992
slow_only,ngram_sd,long_chain_reasoning,17465,270900,27488,243412,15.511022044088175,1.5738906384196965,13.93713140566848,0.0480389350128829,0.898530823181986,1.5738906384196965,results/apexp_block/config_large_500/evaluation/paper_cap50/apex_hot_runs/survival_utility_controller_v4b_rankgroup_speed_lr3e4_rank3__k1_2_4_6_8_10_12_14_16,survival_utility_controller_v4b_rankgroup_speed_lr3e4_rank3__k1_2_4_6_8_10_12_14_16,survival_utility_controller_v4b_rankgroup_speed_lr3e4_rank3,k1_2_4_6_8_10_12_14_16,89.8530823181986
slow_only,ngram_sd,long_context_completion,17585,277586,70015,207571,15.785385271538242,3.981518339493887,11.803866932044356,0.1881717372760875,0.7477718616933131,3.981518339493887,results/apexp_block/config_large_500/evaluation/paper_cap50/apex_hot_runs/survival_utility_controller_v4b_rankgroup_speed_lr3e4_rank3__k1_2_4_6_8_10_12_14_16,survival_utility_controller_v4b_rankgroup_speed_lr3e4_rank3__k1_2_4_6_8_10_12_14_16,survival_utility_controller_v4b_rankgroup_speed_lr3e4_rank3,k1_2_4_6_8_10_12_14_16,74.77718616933132
slow_only,ngram_sd,long_horizon_swe,14071,212380,31948,180432,15.09345462298344,2.270485395494279,12.822969227489162,0.1235875204320943,0.8495715227422544,2.270485395494279,results/apexp_block/config_large_500/evaluation/paper_cap50/apex_hot_runs/survival_utility_controller_v4b_rankgroup_speed_lr3e4_rank3__k1_2_4_6_8_10_12_14_16,survival_utility_controller_v4b_rankgroup_speed_lr3e4_rank3__k1_2_4_6_8_10_12_14_16,survival_utility_controller_v4b_rankgroup_speed_lr3e4_rank3,k1_2_4_6_8_10_12_14_16,84.95715227422545
slow_only,ngram_sd,mathematical_reasoning,10038,154424,10982,143442,15.383941024108388,1.0940426379756925,14.289898386132696,0.0227136879856545,0.9288841112780396,1.0940426379756925,results/apexp_block/config_large_500/evaluation/paper_cap50/apex_hot_runs/survival_utility_controller_v4b_rankgroup_speed_lr3e4_rank3__k1_2_4_6_8_10_12_14_16,survival_utility_controller_v4b_rankgroup_speed_lr3e4_rank3__k1_2_4_6_8_10_12_14_16,survival_utility_controller_v4b_rankgroup_speed_lr3e4_rank3,k1_2_4_6_8_10_12_14_16,92.88841112780396
slow_fast,eagle3,code_gen,12358,22520,929,21591,1.822301343259427,0.0751739763715811,1.747127366887846,0.0211199223175271,0.9587477797513322,0.0751739763715811,results/apexp_block/config_large_500/evaluation/paper_cap50/apex_hot_runs/survival_utility_controller_v4b_rankgroup_speed_lr3e4_rank3__k1_2_4_8_16,survival_utility_controller_v4b_rankgroup_speed_lr3e4_rank3__k1_2_4_8_16,survival_utility_controller_v4b_rankgroup_speed_lr3e4_rank3,k1_2_4_8_16,95.87477797513321
slow_fast,eagle3,hardware_gen,2929,5919,138,5781,2.0208262205530896,0.0471150563332195,1.9737111642198704,0.0,0.976685250886974,0.0471150563332195,results/apexp_block/config_large_500/evaluation/paper_cap50/apex_hot_runs/survival_utility_controller_v4b_rankgroup_speed_lr3e4_rank3__k1_2_4_8_16,survival_utility_controller_v4b_rankgroup_speed_lr3e4_rank3__k1_2_4_8_16,survival_utility_controller_v4b_rankgroup_speed_lr3e4_rank3,k1_2_4_8_16,97.6685250886974
slow_fast,ngram_sd,code_gen,3502,23554,6868,16686,6.725870930896631,1.9611650485436891,4.764705882352941,0.1313535122786978,0.70841470663157,1.9611650485436891,results/apexp_block/config_large_500/evaluation/paper_cap50/apex_hot_runs/survival_utility_controller_v4b_rankgroup_speed_lr3e4_rank3__k1_2_4_8_16,survival_utility_controller_v4b_rankgroup_speed_lr3e4_rank3__k1_2_4_8_16,survival_utility_controller_v4b_rankgroup_speed_lr3e4_rank3,k1_2_4_8_16,70.841470663157
slow_fast,ngram_sd,conversational_generation_gen_cap50,11764,83281,9650,73631,7.079309758585515,0.8202992179530771,6.259010540632438,0.0422475348520911,0.8841272319016342,0.8202992179530771,results/apexp_block/config_large_500/evaluation/paper_cap50/apex_hot_runs/survival_utility_controller_v4b_rankgroup_speed_lr3e4_rank3__k1_2_4_8_16,survival_utility_controller_v4b_rankgroup_speed_lr3e4_rank3__k1_2_4_8_16,survival_utility_controller_v4b_rankgroup_speed_lr3e4_rank3,k1_2_4_8_16,88.41272319016342
slow_fast,ngram_sd,conversational_generation_sft_cap50,12429,78844,9241,69603,6.3435513717917775,0.7435030975943359,5.600048274197442,0.0485960254244106,0.8827938714423419,0.7435030975943359,results/apexp_block/config_large_500/evaluation/paper_cap50/apex_hot_runs/survival_utility_controller_v4b_rankgroup_speed_lr3e4_rank3__k1_2_4_8_16,survival_utility_controller_v4b_rankgroup_speed_lr3e4_rank3__k1_2_4_8_16,survival_utility_controller_v4b_rankgroup_speed_lr3e4_rank3,k1_2_4_8_16,88.27938714423419
slow_fast,ngram_sd,hardware_gen,8495,64206,11537,52669,7.558092995879929,1.3580929958799293,6.2,0.0885226603884638,0.8203127433573186,1.3580929958799293,results/apexp_block/config_large_500/evaluation/paper_cap50/apex_hot_runs/survival_utility_controller_v4b_rankgroup_speed_lr3e4_rank3__k1_2_4_8_16,survival_utility_controller_v4b_rankgroup_speed_lr3e4_rank3__k1_2_4_8_16,survival_utility_controller_v4b_rankgroup_speed_lr3e4_rank3,k1_2_4_8_16,82.03127433573187
slow_fast,ngram_sd,long_chain_reasoning,18084,130651,26839,103812,7.224673744746737,1.484129617341296,5.740544127405442,0.0877571333775713,0.7945748597408363,1.484129617341296,results/apexp_block/config_large_500/evaluation/paper_cap50/apex_hot_runs/survival_utility_controller_v4b_rankgroup_speed_lr3e4_rank3__k1_2_4_8_16,survival_utility_controller_v4b_rankgroup_speed_lr3e4_rank3__k1_2_4_8_16,survival_utility_controller_v4b_rankgroup_speed_lr3e4_rank3,k1_2_4_8_16,79.45748597408362
slow_fast,ngram_sd,long_context_completion,18281,191974,69303,122671,10.501285487664788,3.7909851758656528,6.710300311799136,0.2137738635742027,0.6389979893110526,3.7909851758656528,results/apexp_block/config_large_500/evaluation/paper_cap50/apex_hot_runs/survival_utility_controller_v4b_rankgroup_speed_lr3e4_rank3__k1_2_4_8_16,survival_utility_controller_v4b_rankgroup_speed_lr3e4_rank3__k1_2_4_8_16,survival_utility_controller_v4b_rankgroup_speed_lr3e4_rank3,k1_2_4_8_16,63.89979893110526
slow_fast,ngram_sd,long_horizon_swe,14077,123770,32007,91763,8.792356325921716,2.273708886836684,6.518647439085032,0.1281523051786602,0.7413993697988204,2.273708886836684,results/apexp_block/config_large_500/evaluation/paper_cap50/apex_hot_runs/survival_utility_controller_v4b_rankgroup_speed_lr3e4_rank3__k1_2_4_8_16,survival_utility_controller_v4b_rankgroup_speed_lr3e4_rank3__k1_2_4_8_16,survival_utility_controller_v4b_rankgroup_speed_lr3e4_rank3,k1_2_4_8_16,74.13993697988204
slow_fast,ngram_sd,mathematical_reasoning,10322,71821,10668,61153,6.958050765355552,1.033520635535749,5.924530129819803,0.0591939546599496,0.8514640564737334,1.033520635535749,results/apexp_block/config_large_500/evaluation/paper_cap50/apex_hot_runs/survival_utility_controller_v4b_rankgroup_speed_lr3e4_rank3__k1_2_4_8_16,survival_utility_controller_v4b_rankgroup_speed_lr3e4_rank3__k1_2_4_8_16,survival_utility_controller_v4b_rankgroup_speed_lr3e4_rank3,k1_2_4_8_16,85.14640564737334
slow_only,eagle3,code_gen,12335,152504,952,151552,12.363518443453588,0.0771787596270774,12.28633968382651,0.0009728415079043,0.9937575407858156,0.0771787596270774,results/apexp_block/config_large_500/evaluation/paper_cap50/apex_hot_runs/survival_utility_controller_v4b_rankgroup_speed_lr3e4_rank3__k1_2_4_8_16,survival_utility_controller_v4b_rankgroup_speed_lr3e4_rank3__k1_2_4_8_16,survival_utility_controller_v4b_rankgroup_speed_lr3e4_rank3,k1_2_4_8_16,99.37575407858155
slow_only,eagle3,hardware_gen,2929,21620,138,21482,7.381358825537726,0.0471150563332195,7.334243769204507,0.0,0.9936170212765958,0.0471150563332195,results/apexp_block/config_large_500/evaluation/paper_cap50/apex_hot_runs/survival_utility_controller_v4b_rankgroup_speed_lr3e4_rank3__k1_2_4_8_16,survival_utility_controller_v4b_rankgroup_speed_lr3e4_rank3__k1_2_4_8_16,survival_utility_controller_v4b_rankgroup_speed_lr3e4_rank3,k1_2_4_8_16,99.36170212765958
slow_only,ngram_sd,code_gen,3402,41469,6955,34514,12.189594356261022,2.0443856554967668,10.145208700764256,0.1011169900058789,0.8322843569895585,2.0443856554967668,results/apexp_block/config_large_500/evaluation/paper_cap50/apex_hot_runs/survival_utility_controller_v4b_rankgroup_speed_lr3e4_rank3__k1_2_4_8_16,survival_utility_controller_v4b_rankgroup_speed_lr3e4_rank3__k1_2_4_8_16,survival_utility_controller_v4b_rankgroup_speed_lr3e4_rank3,k1_2_4_8_16,83.22843569895585
slow_only,ngram_sd,conversational_generation_gen_cap50,11601,183302,9837,173465,15.800534436686492,0.847944142746315,14.952590293940178,0.0237910524954745,0.94633446443574,0.847944142746315,results/apexp_block/config_large_500/evaluation/paper_cap50/apex_hot_runs/survival_utility_controller_v4b_rankgroup_speed_lr3e4_rank3__k1_2_4_8_16,survival_utility_controller_v4b_rankgroup_speed_lr3e4_rank3__k1_2_4_8_16,survival_utility_controller_v4b_rankgroup_speed_lr3e4_rank3,k1_2_4_8_16,94.633446443574
slow_only,ngram_sd,conversational_generation_sft_cap50,12156,193694,9563,184131,15.93402435011517,0.7866897005593946,15.147334649555775,0.015876933201711,0.9506283106342994,0.7866897005593946,results/apexp_block/config_large_500/evaluation/paper_cap50/apex_hot_runs/survival_utility_controller_v4b_rankgroup_speed_lr3e4_rank3__k1_2_4_8_16,survival_utility_controller_v4b_rankgroup_speed_lr3e4_rank3__k1_2_4_8_16,survival_utility_controller_v4b_rankgroup_speed_lr3e4_rank3,k1_2_4_8_16,95.06283106342994
slow_only,ngram_sd,hardware_gen,8268,119869,11722,108147,14.497943880019353,1.4177552007740688,13.080188679245284,0.0550314465408805,0.9022099124877992,1.4177552007740688,results/apexp_block/config_large_500/evaluation/paper_cap50/apex_hot_runs/survival_utility_controller_v4b_rankgroup_speed_lr3e4_rank3__k1_2_4_8_16,survival_utility_controller_v4b_rankgroup_speed_lr3e4_rank3__k1_2_4_8_16,survival_utility_controller_v4b_rankgroup_speed_lr3e4_rank3,k1_2_4_8_16,90.22099124877992
slow_only,ngram_sd,long_chain_reasoning,17465,270900,27488,243412,15.511022044088175,1.5738906384196965,13.93713140566848,0.0480389350128829,0.898530823181986,1.5738906384196965,results/apexp_block/config_large_500/evaluation/paper_cap50/apex_hot_runs/survival_utility_controller_v4b_rankgroup_speed_lr3e4_rank3__k1_2_4_8_16,survival_utility_controller_v4b_rankgroup_speed_lr3e4_rank3__k1_2_4_8_16,survival_utility_controller_v4b_rankgroup_speed_lr3e4_rank3,k1_2_4_8_16,89.8530823181986
slow_only,ngram_sd,long_context_completion,17585,277586,70015,207571,15.785385271538242,3.981518339493887,11.803866932044356,0.1881717372760875,0.7477718616933131,3.981518339493887,results/apexp_block/config_large_500/evaluation/paper_cap50/apex_hot_runs/survival_utility_controller_v4b_rankgroup_speed_lr3e4_rank3__k1_2_4_8_16,survival_utility_controller_v4b_rankgroup_speed_lr3e4_rank3__k1_2_4_8_16,survival_utility_controller_v4b_rankgroup_speed_lr3e4_rank3,k1_2_4_8_16,74.77718616933132
slow_only,ngram_sd,long_horizon_swe,14071,212380,31948,180432,15.09345462298344,2.270485395494279,12.822969227489162,0.1235875204320943,0.8495715227422544,2.270485395494279,results/apexp_block/config_large_500/evaluation/paper_cap50/apex_hot_runs/survival_utility_controller_v4b_rankgroup_speed_lr3e4_rank3__k1_2_4_8_16,survival_utility_controller_v4b_rankgroup_speed_lr3e4_rank3__k1_2_4_8_16,survival_utility_controller_v4b_rankgroup_speed_lr3e4_rank3,k1_2_4_8_16,84.95715227422545
slow_only,ngram_sd,mathematical_reasoning,10038,154424,10982,143442,15.383941024108388,1.0940426379756925,14.289898386132696,0.0227136879856545,0.9288841112780396,1.0940426379756925,results/apexp_block/config_large_500/evaluation/paper_cap50/apex_hot_runs/survival_utility_controller_v4b_rankgroup_speed_lr3e4_rank3__k1_2_4_8_16,survival_utility_controller_v4b_rankgroup_speed_lr3e4_rank3__k1_2_4_8_16,survival_utility_controller_v4b_rankgroup_speed_lr3e4_rank3,k1_2_4_8_16,92.88841112780396
slow_fast,eagle3,code_gen,12356,22898,931,21967,1.8531887342181936,0.0753480090644221,1.7778407251537711,0.0209614762058918,0.959341427198882,0.0753480090644221,results/apexp_block/config_large_500/evaluation/paper_cap50/apex_hot_runs/survival_utility_controller_v4b_rankgroup_speed_lr3e4_rank3__k1_to_16,survival_utility_controller_v4b_rankgroup_speed_lr3e4_rank3__k1_to_16,survival_utility_controller_v4b_rankgroup_speed_lr3e4_rank3,k1_to_16,95.9341427198882
slow_fast,eagle3,hardware_gen,2929,6294,138,6156,2.1488562649368386,0.0471150563332195,2.101741208603619,0.0,0.9780743565300286,0.0471150563332195,results/apexp_block/config_large_500/evaluation/paper_cap50/apex_hot_runs/survival_utility_controller_v4b_rankgroup_speed_lr3e4_rank3__k1_to_16,survival_utility_controller_v4b_rankgroup_speed_lr3e4_rank3__k1_to_16,survival_utility_controller_v4b_rankgroup_speed_lr3e4_rank3,k1_to_16,97.80743565300286
slow_fast,ngram_sd,code_gen,3516,24088,6818,17270,6.850967007963595,1.9391353811149032,4.911831626848692,0.1339590443686006,0.7169545001660578,1.9391353811149032,results/apexp_block/config_large_500/evaluation/paper_cap50/apex_hot_runs/survival_utility_controller_v4b_rankgroup_speed_lr3e4_rank3__k1_to_16,survival_utility_controller_v4b_rankgroup_speed_lr3e4_rank3__k1_to_16,survival_utility_controller_v4b_rankgroup_speed_lr3e4_rank3,k1_to_16,71.69545001660578
slow_fast,ngram_sd,conversational_generation_gen_cap50,11753,89506,9658,79848,7.615587509572024,0.8217476389007062,6.793839870671318,0.0402450438185995,0.8920966192210578,0.8217476389007062,results/apexp_block/config_large_500/evaluation/paper_cap50/apex_hot_runs/survival_utility_controller_v4b_rankgroup_speed_lr3e4_rank3__k1_to_16,survival_utility_controller_v4b_rankgroup_speed_lr3e4_rank3__k1_to_16,survival_utility_controller_v4b_rankgroup_speed_lr3e4_rank3,k1_to_16,89.20966192210578
slow_fast,ngram_sd,conversational_generation_sft_cap50,12441,82674,9233,73441,6.645285748734024,0.7421429145567077,5.903142834177317,0.0457358733220802,0.8883203909330624,0.7421429145567077,results/apexp_block/config_large_500/evaluation/paper_cap50/apex_hot_runs/survival_utility_controller_v4b_rankgroup_speed_lr3e4_rank3__k1_to_16,survival_utility_controller_v4b_rankgroup_speed_lr3e4_rank3__k1_to_16,survival_utility_controller_v4b_rankgroup_speed_lr3e4_rank3,k1_to_16,88.83203909330624
slow_fast,ngram_sd,hardware_gen,8475,68437,11540,56897,8.075162241887906,1.3616519174041295,6.713510324483776,0.0836578171091445,0.8313777634905095,1.3616519174041295,results/apexp_block/config_large_500/evaluation/paper_cap50/apex_hot_runs/survival_utility_controller_v4b_rankgroup_speed_lr3e4_rank3__k1_to_16,survival_utility_controller_v4b_rankgroup_speed_lr3e4_rank3__k1_to_16,survival_utility_controller_v4b_rankgroup_speed_lr3e4_rank3,k1_to_16,83.13777634905095
slow_fast,ngram_sd,long_chain_reasoning,18029,133127,26875,106252,7.384047922791058,1.490653946419657,5.893393976371402,0.0823118309390426,0.7981250985900681,1.490653946419657,results/apexp_block/config_large_500/evaluation/paper_cap50/apex_hot_runs/survival_utility_controller_v4b_rankgroup_speed_lr3e4_rank3__k1_to_16,survival_utility_controller_v4b_rankgroup_speed_lr3e4_rank3__k1_to_16,survival_utility_controller_v4b_rankgroup_speed_lr3e4_rank3,k1_to_16,79.81250985900681
slow_fast,ngram_sd,long_context_completion,17899,195836,69130,126706,10.941169897759652,3.862226940052517,7.078942957707135,0.2109056371864349,0.6470005514818522,3.862226940052517,results/apexp_block/config_large_500/evaluation/paper_cap50/apex_hot_runs/survival_utility_controller_v4b_rankgroup_speed_lr3e4_rank3__k1_to_16,survival_utility_controller_v4b_rankgroup_speed_lr3e4_rank3__k1_to_16,survival_utility_controller_v4b_rankgroup_speed_lr3e4_rank3,k1_to_16,64.70005514818521
slow_fast,ngram_sd,long_horizon_swe,14003,128345,32038,96307,9.165535956580731,2.2879382989359422,6.877597657644791,0.1271156180818396,0.750375939849624,2.2879382989359422,results/apexp_block/config_large_500/evaluation/paper_cap50/apex_hot_runs/survival_utility_controller_v4b_rankgroup_speed_lr3e4_rank3__k1_to_16,survival_utility_controller_v4b_rankgroup_speed_lr3e4_rank3__k1_to_16,survival_utility_controller_v4b_rankgroup_speed_lr3e4_rank3,k1_to_16,75.0375939849624
slow_fast,ngram_sd,mathematical_reasoning,10303,76656,10669,65987,7.440163059303115,1.035523633893041,6.404639425410075,0.0552266330195088,0.8608197662283448,1.035523633893041,results/apexp_block/config_large_500/evaluation/paper_cap50/apex_hot_runs/survival_utility_controller_v4b_rankgroup_speed_lr3e4_rank3__k1_to_16,survival_utility_controller_v4b_rankgroup_speed_lr3e4_rank3__k1_to_16,survival_utility_controller_v4b_rankgroup_speed_lr3e4_rank3,k1_to_16,86.08197662283447
slow_only,eagle3,code_gen,12335,152504,952,151552,12.363518443453588,0.0771787596270774,12.28633968382651,0.0009728415079043,0.9937575407858156,0.0771787596270774,results/apexp_block/config_large_500/evaluation/paper_cap50/apex_hot_runs/survival_utility_controller_v4b_rankgroup_speed_lr3e4_rank3__k1_to_16,survival_utility_controller_v4b_rankgroup_speed_lr3e4_rank3__k1_to_16,survival_utility_controller_v4b_rankgroup_speed_lr3e4_rank3,k1_to_16,99.37575407858155
slow_only,eagle3,hardware_gen,2929,21620,138,21482,7.381358825537726,0.0471150563332195,7.334243769204507,0.0,0.9936170212765958,0.0471150563332195,results/apexp_block/config_large_500/evaluation/paper_cap50/apex_hot_runs/survival_utility_controller_v4b_rankgroup_speed_lr3e4_rank3__k1_to_16,survival_utility_controller_v4b_rankgroup_speed_lr3e4_rank3__k1_to_16,survival_utility_controller_v4b_rankgroup_speed_lr3e4_rank3,k1_to_16,99.36170212765958
slow_only,ngram_sd,code_gen,3402,41469,6955,34514,12.189594356261022,2.0443856554967668,10.145208700764256,0.1011169900058789,0.8322843569895585,2.0443856554967668,results/apexp_block/config_large_500/evaluation/paper_cap50/apex_hot_runs/survival_utility_controller_v4b_rankgroup_speed_lr3e4_rank3__k1_to_16,survival_utility_controller_v4b_rankgroup_speed_lr3e4_rank3__k1_to_16,survival_utility_controller_v4b_rankgroup_speed_lr3e4_rank3,k1_to_16,83.22843569895585
slow_only,ngram_sd,conversational_generation_gen_cap50,11601,183302,9837,173465,15.800534436686492,0.847944142746315,14.952590293940178,0.0237910524954745,0.94633446443574,0.847944142746315,results/apexp_block/config_large_500/evaluation/paper_cap50/apex_hot_runs/survival_utility_controller_v4b_rankgroup_speed_lr3e4_rank3__k1_to_16,survival_utility_controller_v4b_rankgroup_speed_lr3e4_rank3__k1_to_16,survival_utility_controller_v4b_rankgroup_speed_lr3e4_rank3,k1_to_16,94.633446443574
slow_only,ngram_sd,conversational_generation_sft_cap50,12156,193694,9563,184131,15.93402435011517,0.7866897005593946,15.147334649555775,0.015876933201711,0.9506283106342994,0.7866897005593946,results/apexp_block/config_large_500/evaluation/paper_cap50/apex_hot_runs/survival_utility_controller_v4b_rankgroup_speed_lr3e4_rank3__k1_to_16,survival_utility_controller_v4b_rankgroup_speed_lr3e4_rank3__k1_to_16,survival_utility_controller_v4b_rankgroup_speed_lr3e4_rank3,k1_to_16,95.06283106342994
slow_only,ngram_sd,hardware_gen,8268,119869,11722,108147,14.497943880019353,1.4177552007740688,13.080188679245284,0.0550314465408805,0.9022099124877992,1.4177552007740688,results/apexp_block/config_large_500/evaluation/paper_cap50/apex_hot_runs/survival_utility_controller_v4b_rankgroup_speed_lr3e4_rank3__k1_to_16,survival_utility_controller_v4b_rankgroup_speed_lr3e4_rank3__k1_to_16,survival_utility_controller_v4b_rankgroup_speed_lr3e4_rank3,k1_to_16,90.22099124877992
slow_only,ngram_sd,long_chain_reasoning,17465,270900,27488,243412,15.511022044088175,1.5738906384196965,13.93713140566848,0.0480389350128829,0.898530823181986,1.5738906384196965,results/apexp_block/config_large_500/evaluation/paper_cap50/apex_hot_runs/survival_utility_controller_v4b_rankgroup_speed_lr3e4_rank3__k1_to_16,survival_utility_controller_v4b_rankgroup_speed_lr3e4_rank3__k1_to_16,survival_utility_controller_v4b_rankgroup_speed_lr3e4_rank3,k1_to_16,89.8530823181986
slow_only,ngram_sd,long_context_completion,17585,277586,70015,207571,15.785385271538242,3.981518339493887,11.803866932044356,0.1881717372760875,0.7477718616933131,3.981518339493887,results/apexp_block/config_large_500/evaluation/paper_cap50/apex_hot_runs/survival_utility_controller_v4b_rankgroup_speed_lr3e4_rank3__k1_to_16,survival_utility_controller_v4b_rankgroup_speed_lr3e4_rank3__k1_to_16,survival_utility_controller_v4b_rankgroup_speed_lr3e4_rank3,k1_to_16,74.77718616933132
slow_only,ngram_sd,long_horizon_swe,14071,212380,31948,180432,15.09345462298344,2.270485395494279,12.822969227489162,0.1235875204320943,0.8495715227422544,2.270485395494279,results/apexp_block/config_large_500/evaluation/paper_cap50/apex_hot_runs/survival_utility_controller_v4b_rankgroup_speed_lr3e4_rank3__k1_to_16,survival_utility_controller_v4b_rankgroup_speed_lr3e4_rank3__k1_to_16,survival_utility_controller_v4b_rankgroup_speed_lr3e4_rank3,k1_to_16,84.95715227422545
slow_only,ngram_sd,mathematical_reasoning,10038,154424,10982,143442,15.383941024108388,1.0940426379756925,14.289898386132696,0.0227136879856545,0.9288841112780396,1.0940426379756925,results/apexp_block/config_large_500/evaluation/paper_cap50/apex_hot_runs/survival_utility_controller_v4b_rankgroup_speed_lr3e4_rank3__k1_to_16,survival_utility_controller_v4b_rankgroup_speed_lr3e4_rank3__k1_to_16,survival_utility_controller_v4b_rankgroup_speed_lr3e4_rank3,k1_to_16,92.88841112780396
slow_fast,eagle3,code_gen,12345,25324,942,24382,2.0513568246253544,0.0763061968408262,1.975050627784528,0.0049412717699473,0.9628020849786764,0.0763061968408262,results/apexp_block/config_large_500/evaluation/paper_cap50/apex_hot_runs/survival_utility_controller_v4b_rankgroup_speed_lr3e4_rank3__k2_4_6_8,survival_utility_controller_v4b_rankgroup_speed_lr3e4_rank3__k2_4_6_8,survival_utility_controller_v4b_rankgroup_speed_lr3e4_rank3,k2_4_6_8,96.28020849786763
slow_fast,eagle3,hardware_gen,2929,5924,138,5786,2.02253328781154,0.0471150563332195,1.97541823147832,0.0,0.9767049291019582,0.0471150563332195,results/apexp_block/config_large_500/evaluation/paper_cap50/apex_hot_runs/survival_utility_controller_v4b_rankgroup_speed_lr3e4_rank3__k2_4_6_8,survival_utility_controller_v4b_rankgroup_speed_lr3e4_rank3__k2_4_6_8,survival_utility_controller_v4b_rankgroup_speed_lr3e4_rank3,k2_4_6_8,97.67049291019582
slow_fast,ngram_sd,code_gen,3734,21708,6572,15136,5.813604713444028,1.7600428494911622,4.053561863952866,0.175682913765399,0.697254468398747,1.7600428494911622,results/apexp_block/config_large_500/evaluation/paper_cap50/apex_hot_runs/survival_utility_controller_v4b_rankgroup_speed_lr3e4_rank3__k2_4_6_8,survival_utility_controller_v4b_rankgroup_speed_lr3e4_rank3__k2_4_6_8,survival_utility_controller_v4b_rankgroup_speed_lr3e4_rank3,k2_4_6_8,69.7254468398747
slow_fast,ngram_sd,conversational_generation_gen_cap50,12012,77570,9365,68205,6.457708957708958,0.7796370296370296,5.678071928071928,0.0598568098568098,0.8792703364702849,0.7796370296370296,results/apexp_block/config_large_500/evaluation/paper_cap50/apex_hot_runs/survival_utility_controller_v4b_rankgroup_speed_lr3e4_rank3__k2_4_6_8,survival_utility_controller_v4b_rankgroup_speed_lr3e4_rank3__k2_4_6_8,survival_utility_controller_v4b_rankgroup_speed_lr3e4_rank3,k2_4_6_8,87.92703364702848
slow_fast,ngram_sd,conversational_generation_sft_cap50,12585,74635,9065,65570,5.930472785061581,0.7203019467620183,5.210170838299563,0.0591974572904251,0.8785422388959604,0.7203019467620183,results/apexp_block/config_large_500/evaluation/paper_cap50/apex_hot_runs/survival_utility_controller_v4b_rankgroup_speed_lr3e4_rank3__k2_4_6_8,survival_utility_controller_v4b_rankgroup_speed_lr3e4_rank3__k2_4_6_8,survival_utility_controller_v4b_rankgroup_speed_lr3e4_rank3,k2_4_6_8,87.85422388959604
slow_fast,ngram_sd,hardware_gen,8895,57817,11049,46768,6.499943788645306,1.2421585160202362,5.25778527262507,0.1263631253513209,0.8088970372035906,1.2421585160202362,results/apexp_block/config_large_500/evaluation/paper_cap50/apex_hot_runs/survival_utility_controller_v4b_rankgroup_speed_lr3e4_rank3__k2_4_6_8,survival_utility_controller_v4b_rankgroup_speed_lr3e4_rank3__k2_4_6_8,survival_utility_controller_v4b_rankgroup_speed_lr3e4_rank3,k2_4_6_8,80.88970372035907
slow_fast,ngram_sd,long_chain_reasoning,18698,124985,26223,98762,6.684404749171034,1.4024494598352766,5.281955289335758,0.1147181516739758,0.7901908228987479,1.4024494598352766,results/apexp_block/config_large_500/evaluation/paper_cap50/apex_hot_runs/survival_utility_controller_v4b_rankgroup_speed_lr3e4_rank3__k2_4_6_8,survival_utility_controller_v4b_rankgroup_speed_lr3e4_rank3__k2_4_6_8,survival_utility_controller_v4b_rankgroup_speed_lr3e4_rank3,k2_4_6_8,79.01908228987479
slow_fast,ngram_sd,long_context_completion,21667,163980,65728,98252,7.568191258596022,3.03355332994877,4.534637928647252,0.3129182627959569,0.599170630564703,3.03355332994877,results/apexp_block/config_large_500/evaluation/paper_cap50/apex_hot_runs/survival_utility_controller_v4b_rankgroup_speed_lr3e4_rank3__k2_4_6_8,survival_utility_controller_v4b_rankgroup_speed_lr3e4_rank3__k2_4_6_8,survival_utility_controller_v4b_rankgroup_speed_lr3e4_rank3,k2_4_6_8,59.9170630564703
slow_fast,ngram_sd,long_horizon_swe,15486,114251,30393,83858,7.377695983468939,1.9626113909337464,5.415084592535193,0.193852511946274,0.7339804465606428,1.9626113909337464,results/apexp_block/config_large_500/evaluation/paper_cap50/apex_hot_runs/survival_utility_controller_v4b_rankgroup_speed_lr3e4_rank3__k2_4_6_8,survival_utility_controller_v4b_rankgroup_speed_lr3e4_rank3__k2_4_6_8,survival_utility_controller_v4b_rankgroup_speed_lr3e4_rank3,k2_4_6_8,73.39804465606427
slow_fast,ngram_sd,mathematical_reasoning,10491,67163,10452,56711,6.401963587837193,0.9962825278810408,5.405681059956153,0.0708226098560671,0.8443786013132231,0.9962825278810408,results/apexp_block/config_large_500/evaluation/paper_cap50/apex_hot_runs/survival_utility_controller_v4b_rankgroup_speed_lr3e4_rank3__k2_4_6_8,survival_utility_controller_v4b_rankgroup_speed_lr3e4_rank3__k2_4_6_8,survival_utility_controller_v4b_rankgroup_speed_lr3e4_rank3,k2_4_6_8,84.43786013132231
slow_only,eagle3,code_gen,12335,152504,952,151552,12.363518443453588,0.0771787596270774,12.28633968382651,0.0009728415079043,0.9937575407858156,0.0771787596270774,results/apexp_block/config_large_500/evaluation/paper_cap50/apex_hot_runs/survival_utility_controller_v4b_rankgroup_speed_lr3e4_rank3__k2_4_6_8,survival_utility_controller_v4b_rankgroup_speed_lr3e4_rank3__k2_4_6_8,survival_utility_controller_v4b_rankgroup_speed_lr3e4_rank3,k2_4_6_8,99.37575407858155
slow_only,eagle3,hardware_gen,2929,21620,138,21482,7.381358825537726,0.0471150563332195,7.334243769204507,0.0,0.9936170212765958,0.0471150563332195,results/apexp_block/config_large_500/evaluation/paper_cap50/apex_hot_runs/survival_utility_controller_v4b_rankgroup_speed_lr3e4_rank3__k2_4_6_8,survival_utility_controller_v4b_rankgroup_speed_lr3e4_rank3__k2_4_6_8,survival_utility_controller_v4b_rankgroup_speed_lr3e4_rank3,k2_4_6_8,99.36170212765958
slow_only,ngram_sd,code_gen,3402,41469,6955,34514,12.189594356261022,2.0443856554967668,10.145208700764256,0.1011169900058789,0.8322843569895585,2.0443856554967668,results/apexp_block/config_large_500/evaluation/paper_cap50/apex_hot_runs/survival_utility_controller_v4b_rankgroup_speed_lr3e4_rank3__k2_4_6_8,survival_utility_controller_v4b_rankgroup_speed_lr3e4_rank3__k2_4_6_8,survival_utility_controller_v4b_rankgroup_speed_lr3e4_rank3,k2_4_6_8,83.22843569895585
slow_only,ngram_sd,conversational_generation_gen_cap50,11601,183302,9837,173465,15.800534436686492,0.847944142746315,14.952590293940178,0.0237910524954745,0.94633446443574,0.847944142746315,results/apexp_block/config_large_500/evaluation/paper_cap50/apex_hot_runs/survival_utility_controller_v4b_rankgroup_speed_lr3e4_rank3__k2_4_6_8,survival_utility_controller_v4b_rankgroup_speed_lr3e4_rank3__k2_4_6_8,survival_utility_controller_v4b_rankgroup_speed_lr3e4_rank3,k2_4_6_8,94.633446443574
slow_only,ngram_sd,conversational_generation_sft_cap50,12156,193694,9563,184131,15.93402435011517,0.7866897005593946,15.147334649555775,0.015876933201711,0.9506283106342994,0.7866897005593946,results/apexp_block/config_large_500/evaluation/paper_cap50/apex_hot_runs/survival_utility_controller_v4b_rankgroup_speed_lr3e4_rank3__k2_4_6_8,survival_utility_controller_v4b_rankgroup_speed_lr3e4_rank3__k2_4_6_8,survival_utility_controller_v4b_rankgroup_speed_lr3e4_rank3,k2_4_6_8,95.06283106342994
slow_only,ngram_sd,hardware_gen,8268,119869,11722,108147,14.497943880019353,1.4177552007740688,13.080188679245284,0.0550314465408805,0.9022099124877992,1.4177552007740688,results/apexp_block/config_large_500/evaluation/paper_cap50/apex_hot_runs/survival_utility_controller_v4b_rankgroup_speed_lr3e4_rank3__k2_4_6_8,survival_utility_controller_v4b_rankgroup_speed_lr3e4_rank3__k2_4_6_8,survival_utility_controller_v4b_rankgroup_speed_lr3e4_rank3,k2_4_6_8,90.22099124877992
slow_only,ngram_sd,long_chain_reasoning,17465,270900,27488,243412,15.511022044088175,1.5738906384196965,13.93713140566848,0.0480389350128829,0.898530823181986,1.5738906384196965,results/apexp_block/config_large_500/evaluation/paper_cap50/apex_hot_runs/survival_utility_controller_v4b_rankgroup_speed_lr3e4_rank3__k2_4_6_8,survival_utility_controller_v4b_rankgroup_speed_lr3e4_rank3__k2_4_6_8,survival_utility_controller_v4b_rankgroup_speed_lr3e4_rank3,k2_4_6_8,89.8530823181986
slow_only,ngram_sd,long_context_completion,17585,277586,70015,207571,15.785385271538242,3.981518339493887,11.803866932044356,0.1881717372760875,0.7477718616933131,3.981518339493887,results/apexp_block/config_large_500/evaluation/paper_cap50/apex_hot_runs/survival_utility_controller_v4b_rankgroup_speed_lr3e4_rank3__k2_4_6_8,survival_utility_controller_v4b_rankgroup_speed_lr3e4_rank3__k2_4_6_8,survival_utility_controller_v4b_rankgroup_speed_lr3e4_rank3,k2_4_6_8,74.77718616933132
slow_only,ngram_sd,long_horizon_swe,14071,212380,31948,180432,15.09345462298344,2.270485395494279,12.822969227489162,0.1235875204320943,0.8495715227422544,2.270485395494279,results/apexp_block/config_large_500/evaluation/paper_cap50/apex_hot_runs/survival_utility_controller_v4b_rankgroup_speed_lr3e4_rank3__k2_4_6_8,survival_utility_controller_v4b_rankgroup_speed_lr3e4_rank3__k2_4_6_8,survival_utility_controller_v4b_rankgroup_speed_lr3e4_rank3,k2_4_6_8,84.95715227422545
slow_only,ngram_sd,mathematical_reasoning,10038,154424,10982,143442,15.383941024108388,1.0940426379756925,14.289898386132696,0.0227136879856545,0.9288841112780396,1.0940426379756925,results/apexp_block/config_large_500/evaluation/paper_cap50/apex_hot_runs/survival_utility_controller_v4b_rankgroup_speed_lr3e4_rank3__k2_4_6_8,survival_utility_controller_v4b_rankgroup_speed_lr3e4_rank3__k2_4_6_8,survival_utility_controller_v4b_rankgroup_speed_lr3e4_rank3,k2_4_6_8,92.88841112780396
slow_fast,eagle3,code_gen,12347,25967,940,25027,2.1031019680894145,0.0761318538916336,2.026970114197781,0.0090710293998542,0.9638002079562522,0.0761318538916336,results/apexp_block/config_large_500/evaluation/paper_cap50/apex_hot_runs/survival_utility_controller_v4b_rankgroup_speed_lr5e4_rank2__k1_2_4_6_8_10_12_14_16,survival_utility_controller_v4b_rankgroup_speed_lr5e4_rank2__k1_2_4_6_8_10_12_14_16,survival_utility_controller_v4b_rankgroup_speed_lr5e4_rank2,k1_2_4_6_8_10_12_14_16,96.38002079562523
slow_fast,eagle3,hardware_gen,2929,7210,138,7072,2.4615909866848757,0.0471150563332195,2.414475930351656,0.0,0.9808599167822468,0.0471150563332195,results/apexp_block/config_large_500/evaluation/paper_cap50/apex_hot_runs/survival_utility_controller_v4b_rankgroup_speed_lr5e4_rank2__k1_2_4_6_8_10_12_14_16,survival_utility_controller_v4b_rankgroup_speed_lr5e4_rank2__k1_2_4_6_8_10_12_14_16,survival_utility_controller_v4b_rankgroup_speed_lr5e4_rank2,k1_2_4_6_8_10_12_14_16,98.08599167822469
slow_fast,ngram_sd,code_gen,3611,22747,6728,16019,6.2993630573248405,1.863195790639712,4.436167266685128,0.1492661312655774,0.7042247329318152,1.863195790639712,results/apexp_block/config_large_500/evaluation/paper_cap50/apex_hot_runs/survival_utility_controller_v4b_rankgroup_speed_lr5e4_rank2__k1_2_4_6_8_10_12_14_16,survival_utility_controller_v4b_rankgroup_speed_lr5e4_rank2__k1_2_4_6_8_10_12_14_16,survival_utility_controller_v4b_rankgroup_speed_lr5e4_rank2,k1_2_4_6_8_10_12_14_16,70.42247329318153
slow_fast,ngram_sd,conversational_generation_gen_cap50,11840,78751,9589,69162,6.651266891891892,0.8098817567567568,5.841385135135135,0.0518581081081081,0.8782364668385163,0.8098817567567568,results/apexp_block/config_large_500/evaluation/paper_cap50/apex_hot_runs/survival_utility_controller_v4b_rankgroup_speed_lr5e4_rank2__k1_2_4_6_8_10_12_14_16,survival_utility_controller_v4b_rankgroup_speed_lr5e4_rank2__k1_2_4_6_8_10_12_14_16,survival_utility_controller_v4b_rankgroup_speed_lr5e4_rank2,k1_2_4_6_8_10_12_14_16,87.82364668385163
slow_fast,ngram_sd,conversational_generation_sft_cap50,12551,72212,9117,63095,5.753485778025655,0.7263963030834196,5.027089474942236,0.0565691976734921,0.8737467456932366,0.7263963030834196,results/apexp_block/config_large_500/evaluation/paper_cap50/apex_hot_runs/survival_utility_controller_v4b_rankgroup_speed_lr5e4_rank2__k1_2_4_6_8_10_12_14_16,survival_utility_controller_v4b_rankgroup_speed_lr5e4_rank2__k1_2_4_6_8_10_12_14_16,survival_utility_controller_v4b_rankgroup_speed_lr5e4_rank2,k1_2_4_6_8_10_12_14_16,87.37467456932366
slow_fast,ngram_sd,hardware_gen,8578,64948,11422,53526,7.571461879225927,1.3315458148752624,6.239916064350664,0.1001398927488925,0.8241362320625731,1.3315458148752624,results/apexp_block/config_large_500/evaluation/paper_cap50/apex_hot_runs/survival_utility_controller_v4b_rankgroup_speed_lr5e4_rank2__k1_2_4_6_8_10_12_14_16,survival_utility_controller_v4b_rankgroup_speed_lr5e4_rank2__k1_2_4_6_8_10_12_14_16,survival_utility_controller_v4b_rankgroup_speed_lr5e4_rank2,k1_2_4_6_8_10_12_14_16,82.41362320625731
slow_fast,ngram_sd,long_chain_reasoning,18360,120405,26595,93810,6.558006535947713,1.4485294117647058,5.109477124183006,0.10119825708061,0.7791204684190856,1.4485294117647058,results/apexp_block/config_large_500/evaluation/paper_cap50/apex_hot_runs/survival_utility_controller_v4b_rankgroup_speed_lr5e4_rank2__k1_2_4_6_8_10_12_14_16,survival_utility_controller_v4b_rankgroup_speed_lr5e4_rank2__k1_2_4_6_8_10_12_14_16,survival_utility_controller_v4b_rankgroup_speed_lr5e4_rank2,k1_2_4_6_8_10_12_14_16,77.91204684190856
slow_fast,ngram_sd,long_context_completion,18974,189766,68545,121221,10.001370296194793,3.612575102772215,6.388795193422578,0.2182460208706651,0.6387919859195008,3.612575102772215,results/apexp_block/config_large_500/evaluation/paper_cap50/apex_hot_runs/survival_utility_controller_v4b_rankgroup_speed_lr5e4_rank2__k1_2_4_6_8_10_12_14_16,survival_utility_controller_v4b_rankgroup_speed_lr5e4_rank2__k1_2_4_6_8_10_12_14_16,survival_utility_controller_v4b_rankgroup_speed_lr5e4_rank2,k1_2_4_6_8_10_12_14_16,63.87919859195008
slow_fast,ngram_sd,long_horizon_swe,14061,118589,31997,86592,8.433895171040467,2.2755849512836925,6.158310219756774,0.1407439015717232,0.7301857676512998,2.2755849512836925,results/apexp_block/config_large_500/evaluation/paper_cap50/apex_hot_runs/survival_utility_controller_v4b_rankgroup_speed_lr5e4_rank2__k1_2_4_6_8_10_12_14_16,survival_utility_controller_v4b_rankgroup_speed_lr5e4_rank2__k1_2_4_6_8_10_12_14_16,survival_utility_controller_v4b_rankgroup_speed_lr5e4_rank2,k1_2_4_6_8_10_12_14_16,73.01857676512998
slow_fast,ngram_sd,mathematical_reasoning,10483,67085,10524,56561,6.399408566250119,1.0039110941524372,5.395497472097682,0.0775541352666221,0.8431243944249832,1.0039110941524372,results/apexp_block/config_large_500/evaluation/paper_cap50/apex_hot_runs/survival_utility_controller_v4b_rankgroup_speed_lr5e4_rank2__k1_2_4_6_8_10_12_14_16,survival_utility_controller_v4b_rankgroup_speed_lr5e4_rank2__k1_2_4_6_8_10_12_14_16,survival_utility_controller_v4b_rankgroup_speed_lr5e4_rank2,k1_2_4_6_8_10_12_14_16,84.31243944249832
slow_only,eagle3,code_gen,12335,152504,952,151552,12.363518443453588,0.0771787596270774,12.28633968382651,0.0009728415079043,0.9937575407858156,0.0771787596270774,results/apexp_block/config_large_500/evaluation/paper_cap50/apex_hot_runs/survival_utility_controller_v4b_rankgroup_speed_lr5e4_rank2__k1_2_4_6_8_10_12_14_16,survival_utility_controller_v4b_rankgroup_speed_lr5e4_rank2__k1_2_4_6_8_10_12_14_16,survival_utility_controller_v4b_rankgroup_speed_lr5e4_rank2,k1_2_4_6_8_10_12_14_16,99.37575407858155
slow_only,eagle3,hardware_gen,2929,21620,138,21482,7.381358825537726,0.0471150563332195,7.334243769204507,0.0,0.9936170212765958,0.0471150563332195,results/apexp_block/config_large_500/evaluation/paper_cap50/apex_hot_runs/survival_utility_controller_v4b_rankgroup_speed_lr5e4_rank2__k1_2_4_6_8_10_12_14_16,survival_utility_controller_v4b_rankgroup_speed_lr5e4_rank2__k1_2_4_6_8_10_12_14_16,survival_utility_controller_v4b_rankgroup_speed_lr5e4_rank2,k1_2_4_6_8_10_12_14_16,99.36170212765958
slow_only,ngram_sd,code_gen,3402,41469,6955,34514,12.189594356261022,2.0443856554967668,10.145208700764256,0.1011169900058789,0.8322843569895585,2.0443856554967668,results/apexp_block/config_large_500/evaluation/paper_cap50/apex_hot_runs/survival_utility_controller_v4b_rankgroup_speed_lr5e4_rank2__k1_2_4_6_8_10_12_14_16,survival_utility_controller_v4b_rankgroup_speed_lr5e4_rank2__k1_2_4_6_8_10_12_14_16,survival_utility_controller_v4b_rankgroup_speed_lr5e4_rank2,k1_2_4_6_8_10_12_14_16,83.22843569895585
slow_only,ngram_sd,conversational_generation_gen_cap50,11601,183302,9837,173465,15.800534436686492,0.847944142746315,14.952590293940178,0.0237910524954745,0.94633446443574,0.847944142746315,results/apexp_block/config_large_500/evaluation/paper_cap50/apex_hot_runs/survival_utility_controller_v4b_rankgroup_speed_lr5e4_rank2__k1_2_4_6_8_10_12_14_16,survival_utility_controller_v4b_rankgroup_speed_lr5e4_rank2__k1_2_4_6_8_10_12_14_16,survival_utility_controller_v4b_rankgroup_speed_lr5e4_rank2,k1_2_4_6_8_10_12_14_16,94.633446443574
slow_only,ngram_sd,conversational_generation_sft_cap50,12156,193694,9563,184131,15.93402435011517,0.7866897005593946,15.147334649555775,0.015876933201711,0.9506283106342994,0.7866897005593946,results/apexp_block/config_large_500/evaluation/paper_cap50/apex_hot_runs/survival_utility_controller_v4b_rankgroup_speed_lr5e4_rank2__k1_2_4_6_8_10_12_14_16,survival_utility_controller_v4b_rankgroup_speed_lr5e4_rank2__k1_2_4_6_8_10_12_14_16,survival_utility_controller_v4b_rankgroup_speed_lr5e4_rank2,k1_2_4_6_8_10_12_14_16,95.06283106342994
slow_only,ngram_sd,hardware_gen,8268,119869,11722,108147,14.497943880019353,1.4177552007740688,13.080188679245284,0.0550314465408805,0.9022099124877992,1.4177552007740688,results/apexp_block/config_large_500/evaluation/paper_cap50/apex_hot_runs/survival_utility_controller_v4b_rankgroup_speed_lr5e4_rank2__k1_2_4_6_8_10_12_14_16,survival_utility_controller_v4b_rankgroup_speed_lr5e4_rank2__k1_2_4_6_8_10_12_14_16,survival_utility_controller_v4b_rankgroup_speed_lr5e4_rank2,k1_2_4_6_8_10_12_14_16,90.22099124877992
slow_only,ngram_sd,long_chain_reasoning,17465,270900,27488,243412,15.511022044088175,1.5738906384196965,13.93713140566848,0.0480389350128829,0.898530823181986,1.5738906384196965,results/apexp_block/config_large_500/evaluation/paper_cap50/apex_hot_runs/survival_utility_controller_v4b_rankgroup_speed_lr5e4_rank2__k1_2_4_6_8_10_12_14_16,survival_utility_controller_v4b_rankgroup_speed_lr5e4_rank2__k1_2_4_6_8_10_12_14_16,survival_utility_controller_v4b_rankgroup_speed_lr5e4_rank2,k1_2_4_6_8_10_12_14_16,89.8530823181986
slow_only,ngram_sd,long_context_completion,17585,277586,70015,207571,15.785385271538242,3.981518339493887,11.803866932044356,0.1881717372760875,0.7477718616933131,3.981518339493887,results/apexp_block/config_large_500/evaluation/paper_cap50/apex_hot_runs/survival_utility_controller_v4b_rankgroup_speed_lr5e4_rank2__k1_2_4_6_8_10_12_14_16,survival_utility_controller_v4b_rankgroup_speed_lr5e4_rank2__k1_2_4_6_8_10_12_14_16,survival_utility_controller_v4b_rankgroup_speed_lr5e4_rank2,k1_2_4_6_8_10_12_14_16,74.77718616933132
slow_only,ngram_sd,long_horizon_swe,14071,212380,31948,180432,15.09345462298344,2.270485395494279,12.822969227489162,0.1235875204320943,0.8495715227422544,2.270485395494279,results/apexp_block/config_large_500/evaluation/paper_cap50/apex_hot_runs/survival_utility_controller_v4b_rankgroup_speed_lr5e4_rank2__k1_2_4_6_8_10_12_14_16,survival_utility_controller_v4b_rankgroup_speed_lr5e4_rank2__k1_2_4_6_8_10_12_14_16,survival_utility_controller_v4b_rankgroup_speed_lr5e4_rank2,k1_2_4_6_8_10_12_14_16,84.95715227422545
slow_only,ngram_sd,mathematical_reasoning,10038,154424,10982,143442,15.383941024108388,1.0940426379756925,14.289898386132696,0.0227136879856545,0.9288841112780396,1.0940426379756925,results/apexp_block/config_large_500/evaluation/paper_cap50/apex_hot_runs/survival_utility_controller_v4b_rankgroup_speed_lr5e4_rank2__k1_2_4_6_8_10_12_14_16,survival_utility_controller_v4b_rankgroup_speed_lr5e4_rank2__k1_2_4_6_8_10_12_14_16,survival_utility_controller_v4b_rankgroup_speed_lr5e4_rank2,k1_2_4_6_8_10_12_14_16,92.88841112780396
slow_fast,eagle3,code_gen,12347,25967,940,25027,2.1031019680894145,0.0761318538916336,2.026970114197781,0.0090710293998542,0.9638002079562522,0.0761318538916336,results/apexp_block/config_large_500/evaluation/paper_cap50/apex_hot_runs/survival_utility_controller_v4b_rankgroup_speed_lr5e4_rank2__k1_2_4_8_16,survival_utility_controller_v4b_rankgroup_speed_lr5e4_rank2__k1_2_4_8_16,survival_utility_controller_v4b_rankgroup_speed_lr5e4_rank2,k1_2_4_8_16,96.38002079562523
slow_fast,eagle3,hardware_gen,2929,7210,138,7072,2.4615909866848757,0.0471150563332195,2.414475930351656,0.0,0.9808599167822468,0.0471150563332195,results/apexp_block/config_large_500/evaluation/paper_cap50/apex_hot_runs/survival_utility_controller_v4b_rankgroup_speed_lr5e4_rank2__k1_2_4_8_16,survival_utility_controller_v4b_rankgroup_speed_lr5e4_rank2__k1_2_4_8_16,survival_utility_controller_v4b_rankgroup_speed_lr5e4_rank2,k1_2_4_8_16,98.08599167822469
slow_fast,ngram_sd,code_gen,3584,22034,6771,15263,6.147879464285714,1.8892299107142856,4.258649553571429,0.1515066964285714,0.6927021875283652,1.8892299107142856,results/apexp_block/config_large_500/evaluation/paper_cap50/apex_hot_runs/survival_utility_controller_v4b_rankgroup_speed_lr5e4_rank2__k1_2_4_8_16,survival_utility_controller_v4b_rankgroup_speed_lr5e4_rank2__k1_2_4_8_16,survival_utility_controller_v4b_rankgroup_speed_lr5e4_rank2,k1_2_4_8_16,69.27021875283653
slow_fast,ngram_sd,conversational_generation_gen_cap50,11831,74633,9598,65035,6.308257966359564,0.8112585580255262,5.496999408334037,0.0525737469360155,0.8713973711360926,0.8112585580255262,results/apexp_block/config_large_500/evaluation/paper_cap50/apex_hot_runs/survival_utility_controller_v4b_rankgroup_speed_lr5e4_rank2__k1_2_4_8_16,survival_utility_controller_v4b_rankgroup_speed_lr5e4_rank2__k1_2_4_8_16,survival_utility_controller_v4b_rankgroup_speed_lr5e4_rank2,k1_2_4_8_16,87.13973711360926
slow_fast,ngram_sd,conversational_generation_sft_cap50,12509,68471,9183,59288,5.47373890798625,0.7341114397633703,4.73962746822288,0.0593172915500839,0.8658848271531013,0.7341114397633703,results/apexp_block/config_large_500/evaluation/paper_cap50/apex_hot_runs/survival_utility_controller_v4b_rankgroup_speed_lr5e4_rank2__k1_2_4_8_16,survival_utility_controller_v4b_rankgroup_speed_lr5e4_rank2__k1_2_4_8_16,survival_utility_controller_v4b_rankgroup_speed_lr5e4_rank2,k1_2_4_8_16,86.58848271531014
slow_fast,ngram_sd,hardware_gen,8586,59569,11441,48128,6.937922198928488,1.3325180526438387,5.605404146284649,0.1013277428371768,0.807937014218805,1.3325180526438387,results/apexp_block/config_large_500/evaluation/paper_cap50/apex_hot_runs/survival_utility_controller_v4b_rankgroup_speed_lr5e4_rank2__k1_2_4_8_16,survival_utility_controller_v4b_rankgroup_speed_lr5e4_rank2__k1_2_4_8_16,survival_utility_controller_v4b_rankgroup_speed_lr5e4_rank2,k1_2_4_8_16,80.7937014218805
slow_fast,ngram_sd,long_chain_reasoning,18381,117223,26544,90679,6.377400576682444,1.4440998857515914,4.933300690930852,0.1053261520047875,0.7735597962857118,1.4440998857515914,results/apexp_block/config_large_500/evaluation/paper_cap50/apex_hot_runs/survival_utility_controller_v4b_rankgroup_speed_lr5e4_rank2__k1_2_4_8_16,survival_utility_controller_v4b_rankgroup_speed_lr5e4_rank2__k1_2_4_8_16,survival_utility_controller_v4b_rankgroup_speed_lr5e4_rank2,k1_2_4_8_16,77.35597962857118
slow_fast,ngram_sd,long_context_completion,18982,186692,68582,118110,9.835212306395531,3.6130017911705834,6.22221051522495,0.2204193446422927,0.6326462837186382,3.6130017911705834,results/apexp_block/config_large_500/evaluation/paper_cap50/apex_hot_runs/survival_utility_controller_v4b_rankgroup_speed_lr5e4_rank2__k1_2_4_8_16,survival_utility_controller_v4b_rankgroup_speed_lr5e4_rank2__k1_2_4_8_16,survival_utility_controller_v4b_rankgroup_speed_lr5e4_rank2,k1_2_4_8_16,63.26462837186382
slow_fast,ngram_sd,long_horizon_swe,14083,114920,31984,82936,8.16019314066605,2.271107008449904,5.889086132216147,0.1420151956259319,0.7216846501914376,2.271107008449904,results/apexp_block/config_large_500/evaluation/paper_cap50/apex_hot_runs/survival_utility_controller_v4b_rankgroup_speed_lr5e4_rank2__k1_2_4_8_16,survival_utility_controller_v4b_rankgroup_speed_lr5e4_rank2__k1_2_4_8_16,survival_utility_controller_v4b_rankgroup_speed_lr5e4_rank2,k1_2_4_8_16,72.16846501914375
slow_fast,ngram_sd,mathematical_reasoning,10515,63371,10455,52916,6.0267237280076085,0.9942938659058488,5.032429862101759,0.080076081787922,0.8350191728077512,0.9942938659058488,results/apexp_block/config_large_500/evaluation/paper_cap50/apex_hot_runs/survival_utility_controller_v4b_rankgroup_speed_lr5e4_rank2__k1_2_4_8_16,survival_utility_controller_v4b_rankgroup_speed_lr5e4_rank2__k1_2_4_8_16,survival_utility_controller_v4b_rankgroup_speed_lr5e4_rank2,k1_2_4_8_16,83.50191728077512
slow_only,eagle3,code_gen,12335,152504,952,151552,12.363518443453588,0.0771787596270774,12.28633968382651,0.0009728415079043,0.9937575407858156,0.0771787596270774,results/apexp_block/config_large_500/evaluation/paper_cap50/apex_hot_runs/survival_utility_controller_v4b_rankgroup_speed_lr5e4_rank2__k1_2_4_8_16,survival_utility_controller_v4b_rankgroup_speed_lr5e4_rank2__k1_2_4_8_16,survival_utility_controller_v4b_rankgroup_speed_lr5e4_rank2,k1_2_4_8_16,99.37575407858155
slow_only,eagle3,hardware_gen,2929,21620,138,21482,7.381358825537726,0.0471150563332195,7.334243769204507,0.0,0.9936170212765958,0.0471150563332195,results/apexp_block/config_large_500/evaluation/paper_cap50/apex_hot_runs/survival_utility_controller_v4b_rankgroup_speed_lr5e4_rank2__k1_2_4_8_16,survival_utility_controller_v4b_rankgroup_speed_lr5e4_rank2__k1_2_4_8_16,survival_utility_controller_v4b_rankgroup_speed_lr5e4_rank2,k1_2_4_8_16,99.36170212765958
slow_only,ngram_sd,code_gen,3402,41469,6955,34514,12.189594356261022,2.0443856554967668,10.145208700764256,0.1011169900058789,0.8322843569895585,2.0443856554967668,results/apexp_block/config_large_500/evaluation/paper_cap50/apex_hot_runs/survival_utility_controller_v4b_rankgroup_speed_lr5e4_rank2__k1_2_4_8_16,survival_utility_controller_v4b_rankgroup_speed_lr5e4_rank2__k1_2_4_8_16,survival_utility_controller_v4b_rankgroup_speed_lr5e4_rank2,k1_2_4_8_16,83.22843569895585
slow_only,ngram_sd,conversational_generation_gen_cap50,11601,183302,9837,173465,15.800534436686492,0.847944142746315,14.952590293940178,0.0237910524954745,0.94633446443574,0.847944142746315,results/apexp_block/config_large_500/evaluation/paper_cap50/apex_hot_runs/survival_utility_controller_v4b_rankgroup_speed_lr5e4_rank2__k1_2_4_8_16,survival_utility_controller_v4b_rankgroup_speed_lr5e4_rank2__k1_2_4_8_16,survival_utility_controller_v4b_rankgroup_speed_lr5e4_rank2,k1_2_4_8_16,94.633446443574
slow_only,ngram_sd,conversational_generation_sft_cap50,12156,193694,9563,184131,15.93402435011517,0.7866897005593946,15.147334649555775,0.015876933201711,0.9506283106342994,0.7866897005593946,results/apexp_block/config_large_500/evaluation/paper_cap50/apex_hot_runs/survival_utility_controller_v4b_rankgroup_speed_lr5e4_rank2__k1_2_4_8_16,survival_utility_controller_v4b_rankgroup_speed_lr5e4_rank2__k1_2_4_8_16,survival_utility_controller_v4b_rankgroup_speed_lr5e4_rank2,k1_2_4_8_16,95.06283106342994
slow_only,ngram_sd,hardware_gen,8268,119869,11722,108147,14.497943880019353,1.4177552007740688,13.080188679245284,0.0550314465408805,0.9022099124877992,1.4177552007740688,results/apexp_block/config_large_500/evaluation/paper_cap50/apex_hot_runs/survival_utility_controller_v4b_rankgroup_speed_lr5e4_rank2__k1_2_4_8_16,survival_utility_controller_v4b_rankgroup_speed_lr5e4_rank2__k1_2_4_8_16,survival_utility_controller_v4b_rankgroup_speed_lr5e4_rank2,k1_2_4_8_16,90.22099124877992
slow_only,ngram_sd,long_chain_reasoning,17465,270900,27488,243412,15.511022044088175,1.5738906384196965,13.93713140566848,0.0480389350128829,0.898530823181986,1.5738906384196965,results/apexp_block/config_large_500/evaluation/paper_cap50/apex_hot_runs/survival_utility_controller_v4b_rankgroup_speed_lr5e4_rank2__k1_2_4_8_16,survival_utility_controller_v4b_rankgroup_speed_lr5e4_rank2__k1_2_4_8_16,survival_utility_controller_v4b_rankgroup_speed_lr5e4_rank2,k1_2_4_8_16,89.8530823181986
slow_only,ngram_sd,long_context_completion,17585,277586,70015,207571,15.785385271538242,3.981518339493887,11.803866932044356,0.1881717372760875,0.7477718616933131,3.981518339493887,results/apexp_block/config_large_500/evaluation/paper_cap50/apex_hot_runs/survival_utility_controller_v4b_rankgroup_speed_lr5e4_rank2__k1_2_4_8_16,survival_utility_controller_v4b_rankgroup_speed_lr5e4_rank2__k1_2_4_8_16,survival_utility_controller_v4b_rankgroup_speed_lr5e4_rank2,k1_2_4_8_16,74.77718616933132
slow_only,ngram_sd,long_horizon_swe,14071,212380,31948,180432,15.09345462298344,2.270485395494279,12.822969227489162,0.1235875204320943,0.8495715227422544,2.270485395494279,results/apexp_block/config_large_500/evaluation/paper_cap50/apex_hot_runs/survival_utility_controller_v4b_rankgroup_speed_lr5e4_rank2__k1_2_4_8_16,survival_utility_controller_v4b_rankgroup_speed_lr5e4_rank2__k1_2_4_8_16,survival_utility_controller_v4b_rankgroup_speed_lr5e4_rank2,k1_2_4_8_16,84.95715227422545
slow_only,ngram_sd,mathematical_reasoning,10038,154424,10982,143442,15.383941024108388,1.0940426379756925,14.289898386132696,0.0227136879856545,0.9288841112780396,1.0940426379756925,results/apexp_block/config_large_500/evaluation/paper_cap50/apex_hot_runs/survival_utility_controller_v4b_rankgroup_speed_lr5e4_rank2__k1_2_4_8_16,survival_utility_controller_v4b_rankgroup_speed_lr5e4_rank2__k1_2_4_8_16,survival_utility_controller_v4b_rankgroup_speed_lr5e4_rank2,k1_2_4_8_16,92.88841112780396
slow_fast,eagle3,code_gen,12345,27106,942,26164,2.195706763872013,0.0763061968408262,2.1194005670311866,0.0087484811664641,0.9652475466686342,0.0763061968408262,results/apexp_block/config_large_500/evaluation/paper_cap50/apex_hot_runs/survival_utility_controller_v4b_rankgroup_speed_lr5e4_rank2__k1_to_16,survival_utility_controller_v4b_rankgroup_speed_lr5e4_rank2__k1_to_16,survival_utility_controller_v4b_rankgroup_speed_lr5e4_rank2,k1_to_16,96.52475466686342
slow_fast,eagle3,hardware_gen,2929,7558,138,7420,2.580402867872994,0.0471150563332195,2.5332878115397746,0.0,0.9817412013760254,0.0471150563332195,results/apexp_block/config_large_500/evaluation/paper_cap50/apex_hot_runs/survival_utility_controller_v4b_rankgroup_speed_lr5e4_rank2__k1_to_16,survival_utility_controller_v4b_rankgroup_speed_lr5e4_rank2__k1_to_16,survival_utility_controller_v4b_rankgroup_speed_lr5e4_rank2,k1_to_16,98.17412013760254
slow_fast,ngram_sd,code_gen,3600,22681,6732,15949,6.300277777777778,1.87,4.4302777777777775,0.1525,0.7031876901371191,1.87,results/apexp_block/config_large_500/evaluation/paper_cap50/apex_hot_runs/survival_utility_controller_v4b_rankgroup_speed_lr5e4_rank2__k1_to_16,survival_utility_controller_v4b_rankgroup_speed_lr5e4_rank2__k1_to_16,survival_utility_controller_v4b_rankgroup_speed_lr5e4_rank2,k1_to_16,70.31876901371191
slow_fast,ngram_sd,conversational_generation_gen_cap50,11848,78737,9554,69183,6.645594193112761,0.8063808237677245,5.839213369345037,0.050979068197164,0.878659334239303,0.8063808237677245,results/apexp_block/config_large_500/evaluation/paper_cap50/apex_hot_runs/survival_utility_controller_v4b_rankgroup_speed_lr5e4_rank2__k1_to_16,survival_utility_controller_v4b_rankgroup_speed_lr5e4_rank2__k1_to_16,survival_utility_controller_v4b_rankgroup_speed_lr5e4_rank2,k1_to_16,87.8659334239303
slow_fast,ngram_sd,conversational_generation_sft_cap50,12539,71079,9119,61960,5.66863386234947,0.72725097695191,4.94138288539756,0.0553473163729165,0.8717061297992375,0.72725097695191,results/apexp_block/config_large_500/evaluation/paper_cap50/apex_hot_runs/survival_utility_controller_v4b_rankgroup_speed_lr5e4_rank2__k1_to_16,survival_utility_controller_v4b_rankgroup_speed_lr5e4_rank2__k1_to_16,survival_utility_controller_v4b_rankgroup_speed_lr5e4_rank2,k1_to_16,87.17061297992375
slow_fast,ngram_sd,hardware_gen,8563,65023,11426,53597,7.593483592198996,1.3343454396823544,6.259138152516641,0.1003153100548873,0.824277563323747,1.3343454396823544,results/apexp_block/config_large_500/evaluation/paper_cap50/apex_hot_runs/survival_utility_controller_v4b_rankgroup_speed_lr5e4_rank2__k1_to_16,survival_utility_controller_v4b_rankgroup_speed_lr5e4_rank2__k1_to_16,survival_utility_controller_v4b_rankgroup_speed_lr5e4_rank2,k1_to_16,82.4277563323747
slow_fast,ngram_sd,long_chain_reasoning,18351,119998,26590,93408,6.539044193776906,1.4489673587270449,5.090076835049861,0.099449621274045,0.7784129735495592,1.4489673587270449,results/apexp_block/config_large_500/evaluation/paper_cap50/apex_hot_runs/survival_utility_controller_v4b_rankgroup_speed_lr5e4_rank2__k1_to_16,survival_utility_controller_v4b_rankgroup_speed_lr5e4_rank2__k1_to_16,survival_utility_controller_v4b_rankgroup_speed_lr5e4_rank2,k1_to_16,77.84129735495591
slow_fast,ngram_sd,long_context_completion,18672,188399,68319,120080,10.089920736932305,3.658901028277635,6.43101970865467,0.2189910025706941,0.6373706866809272,3.658901028277635,results/apexp_block/config_large_500/evaluation/paper_cap50/apex_hot_runs/survival_utility_controller_v4b_rankgroup_speed_lr5e4_rank2__k1_to_16,survival_utility_controller_v4b_rankgroup_speed_lr5e4_rank2__k1_to_16,survival_utility_controller_v4b_rankgroup_speed_lr5e4_rank2,k1_to_16,63.737068668092725
slow_fast,ngram_sd,long_horizon_swe,14013,117991,32045,85946,8.420109897951901,2.2868051095411404,6.133304788410761,0.1402269321344466,0.7284114890118738,2.2868051095411404,results/apexp_block/config_large_500/evaluation/paper_cap50/apex_hot_runs/survival_utility_controller_v4b_rankgroup_speed_lr5e4_rank2__k1_to_16,survival_utility_controller_v4b_rankgroup_speed_lr5e4_rank2__k1_to_16,survival_utility_controller_v4b_rankgroup_speed_lr5e4_rank2,k1_to_16,72.84114890118738
slow_fast,ngram_sd,mathematical_reasoning,10506,66973,10490,56483,6.374738244812488,0.9984770607272035,5.376261184085284,0.0774795355035218,0.8433697161542711,0.9984770607272035,results/apexp_block/config_large_500/evaluation/paper_cap50/apex_hot_runs/survival_utility_controller_v4b_rankgroup_speed_lr5e4_rank2__k1_to_16,survival_utility_controller_v4b_rankgroup_speed_lr5e4_rank2__k1_to_16,survival_utility_controller_v4b_rankgroup_speed_lr5e4_rank2,k1_to_16,84.33697161542712
slow_only,eagle3,code_gen,12335,152504,952,151552,12.363518443453588,0.0771787596270774,12.28633968382651,0.0009728415079043,0.9937575407858156,0.0771787596270774,results/apexp_block/config_large_500/evaluation/paper_cap50/apex_hot_runs/survival_utility_controller_v4b_rankgroup_speed_lr5e4_rank2__k1_to_16,survival_utility_controller_v4b_rankgroup_speed_lr5e4_rank2__k1_to_16,survival_utility_controller_v4b_rankgroup_speed_lr5e4_rank2,k1_to_16,99.37575407858155
slow_only,eagle3,hardware_gen,2929,21620,138,21482,7.381358825537726,0.0471150563332195,7.334243769204507,0.0,0.9936170212765958,0.0471150563332195,results/apexp_block/config_large_500/evaluation/paper_cap50/apex_hot_runs/survival_utility_controller_v4b_rankgroup_speed_lr5e4_rank2__k1_to_16,survival_utility_controller_v4b_rankgroup_speed_lr5e4_rank2__k1_to_16,survival_utility_controller_v4b_rankgroup_speed_lr5e4_rank2,k1_to_16,99.36170212765958
slow_only,ngram_sd,code_gen,3402,41469,6955,34514,12.189594356261022,2.0443856554967668,10.145208700764256,0.1011169900058789,0.8322843569895585,2.0443856554967668,results/apexp_block/config_large_500/evaluation/paper_cap50/apex_hot_runs/survival_utility_controller_v4b_rankgroup_speed_lr5e4_rank2__k1_to_16,survival_utility_controller_v4b_rankgroup_speed_lr5e4_rank2__k1_to_16,survival_utility_controller_v4b_rankgroup_speed_lr5e4_rank2,k1_to_16,83.22843569895585
slow_only,ngram_sd,conversational_generation_gen_cap50,11601,183302,9837,173465,15.800534436686492,0.847944142746315,14.952590293940178,0.0237910524954745,0.94633446443574,0.847944142746315,results/apexp_block/config_large_500/evaluation/paper_cap50/apex_hot_runs/survival_utility_controller_v4b_rankgroup_speed_lr5e4_rank2__k1_to_16,survival_utility_controller_v4b_rankgroup_speed_lr5e4_rank2__k1_to_16,survival_utility_controller_v4b_rankgroup_speed_lr5e4_rank2,k1_to_16,94.633446443574
slow_only,ngram_sd,conversational_generation_sft_cap50,12156,193694,9563,184131,15.93402435011517,0.7866897005593946,15.147334649555775,0.015876933201711,0.9506283106342994,0.7866897005593946,results/apexp_block/config_large_500/evaluation/paper_cap50/apex_hot_runs/survival_utility_controller_v4b_rankgroup_speed_lr5e4_rank2__k1_to_16,survival_utility_controller_v4b_rankgroup_speed_lr5e4_rank2__k1_to_16,survival_utility_controller_v4b_rankgroup_speed_lr5e4_rank2,k1_to_16,95.06283106342994
slow_only,ngram_sd,hardware_gen,8268,119869,11722,108147,14.497943880019353,1.4177552007740688,13.080188679245284,0.0550314465408805,0.9022099124877992,1.4177552007740688,results/apexp_block/config_large_500/evaluation/paper_cap50/apex_hot_runs/survival_utility_controller_v4b_rankgroup_speed_lr5e4_rank2__k1_to_16,survival_utility_controller_v4b_rankgroup_speed_lr5e4_rank2__k1_to_16,survival_utility_controller_v4b_rankgroup_speed_lr5e4_rank2,k1_to_16,90.22099124877992
slow_only,ngram_sd,long_chain_reasoning,17465,270900,27488,243412,15.511022044088175,1.5738906384196965,13.93713140566848,0.0480389350128829,0.898530823181986,1.5738906384196965,results/apexp_block/config_large_500/evaluation/paper_cap50/apex_hot_runs/survival_utility_controller_v4b_rankgroup_speed_lr5e4_rank2__k1_to_16,survival_utility_controller_v4b_rankgroup_speed_lr5e4_rank2__k1_to_16,survival_utility_controller_v4b_rankgroup_speed_lr5e4_rank2,k1_to_16,89.8530823181986
slow_only,ngram_sd,long_context_completion,17585,277586,70015,207571,15.785385271538242,3.981518339493887,11.803866932044356,0.1881717372760875,0.7477718616933131,3.981518339493887,results/apexp_block/config_large_500/evaluation/paper_cap50/apex_hot_runs/survival_utility_controller_v4b_rankgroup_speed_lr5e4_rank2__k1_to_16,survival_utility_controller_v4b_rankgroup_speed_lr5e4_rank2__k1_to_16,survival_utility_controller_v4b_rankgroup_speed_lr5e4_rank2,k1_to_16,74.77718616933132
slow_only,ngram_sd,long_horizon_swe,14071,212380,31948,180432,15.09345462298344,2.270485395494279,12.822969227489162,0.1235875204320943,0.8495715227422544,2.270485395494279,results/apexp_block/config_large_500/evaluation/paper_cap50/apex_hot_runs/survival_utility_controller_v4b_rankgroup_speed_lr5e4_rank2__k1_to_16,survival_utility_controller_v4b_rankgroup_speed_lr5e4_rank2__k1_to_16,survival_utility_controller_v4b_rankgroup_speed_lr5e4_rank2,k1_to_16,84.95715227422545
slow_only,ngram_sd,mathematical_reasoning,10038,154424,10982,143442,15.383941024108388,1.0940426379756925,14.289898386132696,0.0227136879856545,0.9288841112780396,1.0940426379756925,results/apexp_block/config_large_500/evaluation/paper_cap50/apex_hot_runs/survival_utility_controller_v4b_rankgroup_speed_lr5e4_rank2__k1_to_16,survival_utility_controller_v4b_rankgroup_speed_lr5e4_rank2__k1_to_16,survival_utility_controller_v4b_rankgroup_speed_lr5e4_rank2,k1_to_16,92.88841112780396
slow_fast,eagle3,code_gen,12344,26500,943,25557,2.1467919637070643,0.0763933895009721,2.070398574206092,0.0048606610499027,0.9644150943396228,0.0763933895009721,results/apexp_block/config_large_500/evaluation/paper_cap50/apex_hot_runs/survival_utility_controller_v4b_rankgroup_speed_lr5e4_rank2__k2_4_6_8,survival_utility_controller_v4b_rankgroup_speed_lr5e4_rank2__k2_4_6_8,survival_utility_controller_v4b_rankgroup_speed_lr5e4_rank2,k2_4_6_8,96.44150943396228
slow_fast,eagle3,hardware_gen,2929,7192,138,7054,2.4554455445544554,0.0471150563332195,2.408330488221236,0.0,0.9808120133481646,0.0471150563332195,results/apexp_block/config_large_500/evaluation/paper_cap50/apex_hot_runs/survival_utility_controller_v4b_rankgroup_speed_lr5e4_rank2__k2_4_6_8,survival_utility_controller_v4b_rankgroup_speed_lr5e4_rank2__k2_4_6_8,survival_utility_controller_v4b_rankgroup_speed_lr5e4_rank2,k2_4_6_8,98.08120133481646
slow_fast,ngram_sd,code_gen,3759,20628,6546,14082,5.487629688747007,1.7414205905826017,3.746209098164405,0.1824953445065177,0.6826643397324026,1.7414205905826017,results/apexp_block/config_large_500/evaluation/paper_cap50/apex_hot_runs/survival_utility_controller_v4b_rankgroup_speed_lr5e4_rank2__k2_4_6_8,survival_utility_controller_v4b_rankgroup_speed_lr5e4_rank2__k2_4_6_8,survival_utility_controller_v4b_rankgroup_speed_lr5e4_rank2,k2_4_6_8,68.26643397324025
slow_fast,ngram_sd,conversational_generation_gen_cap50,12068,68211,9299,58912,5.652220749088499,0.770550215445807,4.881670533642692,0.0668710639708319,0.8636730146164109,0.770550215445807,results/apexp_block/config_large_500/evaluation/paper_cap50/apex_hot_runs/survival_utility_controller_v4b_rankgroup_speed_lr5e4_rank2__k2_4_6_8,survival_utility_controller_v4b_rankgroup_speed_lr5e4_rank2__k2_4_6_8,survival_utility_controller_v4b_rankgroup_speed_lr5e4_rank2,k2_4_6_8,86.36730146164109
slow_fast,ngram_sd,conversational_generation_sft_cap50,12646,64343,9007,55336,5.088012019610944,0.7122410248299857,4.375770994780958,0.0671358532342242,0.8600158525402919,0.7122410248299857,results/apexp_block/config_large_500/evaluation/paper_cap50/apex_hot_runs/survival_utility_controller_v4b_rankgroup_speed_lr5e4_rank2__k2_4_6_8,survival_utility_controller_v4b_rankgroup_speed_lr5e4_rank2__k2_4_6_8,survival_utility_controller_v4b_rankgroup_speed_lr5e4_rank2,k2_4_6_8,86.0015852540292
slow_fast,ngram_sd,hardware_gen,8985,53213,10948,42265,5.922426265998887,1.2184752365052869,4.7039510294936,0.1371174179187534,0.794260800932103,1.2184752365052869,results/apexp_block/config_large_500/evaluation/paper_cap50/apex_hot_runs/survival_utility_controller_v4b_rankgroup_speed_lr5e4_rank2__k2_4_6_8,survival_utility_controller_v4b_rankgroup_speed_lr5e4_rank2__k2_4_6_8,survival_utility_controller_v4b_rankgroup_speed_lr5e4_rank2,k2_4_6_8,79.4260800932103
slow_fast,ngram_sd,long_chain_reasoning,18912,114252,26005,88247,6.041243654822335,1.3750528764805414,4.666190778341794,0.1253172588832487,0.7723891047859118,1.3750528764805414,results/apexp_block/config_large_500/evaluation/paper_cap50/apex_hot_runs/survival_utility_controller_v4b_rankgroup_speed_lr5e4_rank2__k2_4_6_8,survival_utility_controller_v4b_rankgroup_speed_lr5e4_rank2__k2_4_6_8,survival_utility_controller_v4b_rankgroup_speed_lr5e4_rank2,k2_4_6_8,77.23891047859118
slow_fast,ngram_sd,long_context_completion,22021,159666,65363,94303,7.250624403978021,2.968212161118932,4.282412242859089,0.3098406066936106,0.5906266832011825,2.968212161118932,results/apexp_block/config_large_500/evaluation/paper_cap50/apex_hot_runs/survival_utility_controller_v4b_rankgroup_speed_lr5e4_rank2__k2_4_6_8,survival_utility_controller_v4b_rankgroup_speed_lr5e4_rank2__k2_4_6_8,survival_utility_controller_v4b_rankgroup_speed_lr5e4_rank2,k2_4_6_8,59.06266832011825
slow_fast,ngram_sd,long_horizon_swe,15443,105057,30470,74587,6.802888039888623,1.9730622288415465,4.829825811047076,0.2028103347795117,0.7099669703113548,1.9730622288415465,results/apexp_block/config_large_500/evaluation/paper_cap50/apex_hot_runs/survival_utility_controller_v4b_rankgroup_speed_lr5e4_rank2__k2_4_6_8,survival_utility_controller_v4b_rankgroup_speed_lr5e4_rank2__k2_4_6_8,survival_utility_controller_v4b_rankgroup_speed_lr5e4_rank2,k2_4_6_8,70.99669703113548
slow_fast,ngram_sd,mathematical_reasoning,10669,57894,10282,47612,5.426375480363671,0.9637266847877028,4.462648795575968,0.0896053988190083,0.822399557812554,0.9637266847877028,results/apexp_block/config_large_500/evaluation/paper_cap50/apex_hot_runs/survival_utility_controller_v4b_rankgroup_speed_lr5e4_rank2__k2_4_6_8,survival_utility_controller_v4b_rankgroup_speed_lr5e4_rank2__k2_4_6_8,survival_utility_controller_v4b_rankgroup_speed_lr5e4_rank2,k2_4_6_8,82.2399557812554
slow_only,eagle3,code_gen,12335,152504,952,151552,12.363518443453588,0.0771787596270774,12.28633968382651,0.0009728415079043,0.9937575407858156,0.0771787596270774,results/apexp_block/config_large_500/evaluation/paper_cap50/apex_hot_runs/survival_utility_controller_v4b_rankgroup_speed_lr5e4_rank2__k2_4_6_8,survival_utility_controller_v4b_rankgroup_speed_lr5e4_rank2__k2_4_6_8,survival_utility_controller_v4b_rankgroup_speed_lr5e4_rank2,k2_4_6_8,99.37575407858155
slow_only,eagle3,hardware_gen,2929,21620,138,21482,7.381358825537726,0.0471150563332195,7.334243769204507,0.0,0.9936170212765958,0.0471150563332195,results/apexp_block/config_large_500/evaluation/paper_cap50/apex_hot_runs/survival_utility_controller_v4b_rankgroup_speed_lr5e4_rank2__k2_4_6_8,survival_utility_controller_v4b_rankgroup_speed_lr5e4_rank2__k2_4_6_8,survival_utility_controller_v4b_rankgroup_speed_lr5e4_rank2,k2_4_6_8,99.36170212765958
slow_only,ngram_sd,code_gen,3402,41469,6955,34514,12.189594356261022,2.0443856554967668,10.145208700764256,0.1011169900058789,0.8322843569895585,2.0443856554967668,results/apexp_block/config_large_500/evaluation/paper_cap50/apex_hot_runs/survival_utility_controller_v4b_rankgroup_speed_lr5e4_rank2__k2_4_6_8,survival_utility_controller_v4b_rankgroup_speed_lr5e4_rank2__k2_4_6_8,survival_utility_controller_v4b_rankgroup_speed_lr5e4_rank2,k2_4_6_8,83.22843569895585
slow_only,ngram_sd,conversational_generation_gen_cap50,11601,183302,9837,173465,15.800534436686492,0.847944142746315,14.952590293940178,0.0237910524954745,0.94633446443574,0.847944142746315,results/apexp_block/config_large_500/evaluation/paper_cap50/apex_hot_runs/survival_utility_controller_v4b_rankgroup_speed_lr5e4_rank2__k2_4_6_8,survival_utility_controller_v4b_rankgroup_speed_lr5e4_rank2__k2_4_6_8,survival_utility_controller_v4b_rankgroup_speed_lr5e4_rank2,k2_4_6_8,94.633446443574
slow_only,ngram_sd,conversational_generation_sft_cap50,12156,193694,9563,184131,15.93402435011517,0.7866897005593946,15.147334649555775,0.015876933201711,0.9506283106342994,0.7866897005593946,results/apexp_block/config_large_500/evaluation/paper_cap50/apex_hot_runs/survival_utility_controller_v4b_rankgroup_speed_lr5e4_rank2__k2_4_6_8,survival_utility_controller_v4b_rankgroup_speed_lr5e4_rank2__k2_4_6_8,survival_utility_controller_v4b_rankgroup_speed_lr5e4_rank2,k2_4_6_8,95.06283106342994
slow_only,ngram_sd,hardware_gen,8268,119869,11722,108147,14.497943880019353,1.4177552007740688,13.080188679245284,0.0550314465408805,0.9022099124877992,1.4177552007740688,results/apexp_block/config_large_500/evaluation/paper_cap50/apex_hot_runs/survival_utility_controller_v4b_rankgroup_speed_lr5e4_rank2__k2_4_6_8,survival_utility_controller_v4b_rankgroup_speed_lr5e4_rank2__k2_4_6_8,survival_utility_controller_v4b_rankgroup_speed_lr5e4_rank2,k2_4_6_8,90.22099124877992
slow_only,ngram_sd,long_chain_reasoning,17465,270900,27488,243412,15.511022044088175,1.5738906384196965,13.93713140566848,0.0480389350128829,0.898530823181986,1.5738906384196965,results/apexp_block/config_large_500/evaluation/paper_cap50/apex_hot_runs/survival_utility_controller_v4b_rankgroup_speed_lr5e4_rank2__k2_4_6_8,survival_utility_controller_v4b_rankgroup_speed_lr5e4_rank2__k2_4_6_8,survival_utility_controller_v4b_rankgroup_speed_lr5e4_rank2,k2_4_6_8,89.8530823181986
slow_only,ngram_sd,long_context_completion,17585,277586,70015,207571,15.785385271538242,3.981518339493887,11.803866932044356,0.1881717372760875,0.7477718616933131,3.981518339493887,results/apexp_block/config_large_500/evaluation/paper_cap50/apex_hot_runs/survival_utility_controller_v4b_rankgroup_speed_lr5e4_rank2__k2_4_6_8,survival_utility_controller_v4b_rankgroup_speed_lr5e4_rank2__k2_4_6_8,survival_utility_controller_v4b_rankgroup_speed_lr5e4_rank2,k2_4_6_8,74.77718616933132
slow_only,ngram_sd,long_horizon_swe,14071,212380,31948,180432,15.09345462298344,2.270485395494279,12.822969227489162,0.1235875204320943,0.8495715227422544,2.270485395494279,results/apexp_block/config_large_500/evaluation/paper_cap50/apex_hot_runs/survival_utility_controller_v4b_rankgroup_speed_lr5e4_rank2__k2_4_6_8,survival_utility_controller_v4b_rankgroup_speed_lr5e4_rank2__k2_4_6_8,survival_utility_controller_v4b_rankgroup_speed_lr5e4_rank2,k2_4_6_8,84.95715227422545
slow_only,ngram_sd,mathematical_reasoning,10038,154424,10982,143442,15.383941024108388,1.0940426379756925,14.289898386132696,0.0227136879856545,0.9288841112780396,1.0940426379756925,results/apexp_block/config_large_500/evaluation/paper_cap50/apex_hot_runs/survival_utility_controller_v4b_rankgroup_speed_lr5e4_rank2__k2_4_6_8,survival_utility_controller_v4b_rankgroup_speed_lr5e4_rank2__k2_4_6_8,survival_utility_controller_v4b_rankgroup_speed_lr5e4_rank2,k2_4_6_8,92.88841112780396
