pool,method,workload,n,mean_tps,median_tps,mean_wall_s,median_wall_s,mean_output_tokens,run_root,run_name,model_variant,candidate_set
slow_fast,eagle3,code_gen,26,31.59492876576729,31.70897258110232,16.259812290851887,16.146867156028748,512.0,results/apexp_block/config_large_500/evaluation/paper_cap50/apex_hot_runs/survival_utility_controller_v4_balanced__k1_2_4_6_8_10_12_14_16,survival_utility_controller_v4_balanced__k1_2_4_6_8_10_12_14_16,survival_utility_controller_v4_balanced,k1_2_4_6_8_10_12_14_16
slow_fast,eagle3,hardware_gen,6,31.486398440640656,31.957661179298373,16.28067946434021,16.024289965629578,512.0,results/apexp_block/config_large_500/evaluation/paper_cap50/apex_hot_runs/survival_utility_controller_v4_balanced__k1_2_4_6_8_10_12_14_16,survival_utility_controller_v4_balanced__k1_2_4_6_8_10_12_14_16,survival_utility_controller_v4_balanced,k1_2_4_6_8_10_12_14_16
slow_fast,ngram_sd,code_gen,24,51.95066316603499,49.945737257428725,13.019285102685291,10.26533305644989,512.0,results/apexp_block/config_large_500/evaluation/paper_cap50/apex_hot_runs/survival_utility_controller_v4_balanced__k1_2_4_6_8_10_12_14_16,survival_utility_controller_v4_balanced__k1_2_4_6_8_10_12_14_16,survival_utility_controller_v4_balanced,k1_2_4_6_8_10_12_14_16
slow_fast,ngram_sd,conversational_generation_gen_cap50,50,42.55067768777781,28.17775418366916,15.410239639282226,18.17050850391388,512.0,results/apexp_block/config_large_500/evaluation/paper_cap50/apex_hot_runs/survival_utility_controller_v4_balanced__k1_2_4_6_8_10_12_14_16,survival_utility_controller_v4_balanced__k1_2_4_6_8_10_12_14_16,survival_utility_controller_v4_balanced,k1_2_4_6_8_10_12_14_16
slow_fast,ngram_sd,conversational_generation_sft_cap50,50,36.4617904454376,29.21052523206498,16.008262090682983,17.528202891349792,512.0,results/apexp_block/config_large_500/evaluation/paper_cap50/apex_hot_runs/survival_utility_controller_v4_balanced__k1_2_4_6_8_10_12_14_16,survival_utility_controller_v4_balanced__k1_2_4_6_8_10_12_14_16,survival_utility_controller_v4_balanced,k1_2_4_6_8_10_12_14_16
slow_fast,ngram_sd,hardware_gen,44,54.44949033632509,38.14640453941761,12.329942231828516,13.423090100288391,511.34090909090907,results/apexp_block/config_large_500/evaluation/paper_cap50/apex_hot_runs/survival_utility_controller_v4_balanced__k1_2_4_6_8_10_12_14_16,survival_utility_controller_v4_balanced__k1_2_4_6_8_10_12_14_16,survival_utility_controller_v4_balanced,k1_2_4_6_8_10_12_14_16
slow_fast,ngram_sd,long_chain_reasoning,50,74.68775852665381,38.15978952324394,22.90233448028565,26.835021018981934,1024.0,results/apexp_block/config_large_500/evaluation/paper_cap50/apex_hot_runs/survival_utility_controller_v4_balanced__k1_2_4_6_8_10_12_14_16,survival_utility_controller_v4_balanced__k1_2_4_6_8_10_12_14_16,survival_utility_controller_v4_balanced,k1_2_4_6_8_10_12_14_16
slow_fast,ngram_sd,long_context_completion,50,116.31874032977964,77.43976886250385,22.938167018890383,21.01888632774353,1829.92,results/apexp_block/config_large_500/evaluation/paper_cap50/apex_hot_runs/survival_utility_controller_v4_balanced__k1_2_4_6_8_10_12_14_16,survival_utility_controller_v4_balanced__k1_2_4_6_8_10_12_14_16,survival_utility_controller_v4_balanced,k1_2_4_6_8_10_12_14_16
slow_fast,ngram_sd,long_horizon_swe,50,85.02029421902961,63.14941853835045,17.927129096984864,16.226988077163696,1024.0,results/apexp_block/config_large_500/evaluation/paper_cap50/apex_hot_runs/survival_utility_controller_v4_balanced__k1_2_4_6_8_10_12_14_16,survival_utility_controller_v4_balanced__k1_2_4_6_8_10_12_14_16,survival_utility_controller_v4_balanced,k1_2_4_6_8_10_12_14_16
slow_fast,ngram_sd,mathematical_reasoning,50,36.24138562952097,34.061072073917195,14.83802827358246,14.962387681007383,510.84,results/apexp_block/config_large_500/evaluation/paper_cap50/apex_hot_runs/survival_utility_controller_v4_balanced__k1_2_4_6_8_10_12_14_16,survival_utility_controller_v4_balanced__k1_2_4_6_8_10_12_14_16,survival_utility_controller_v4_balanced,k1_2_4_6_8_10_12_14_16
slow_only,eagle3,code_gen,26,71.02547333606941,74.20022339158974,7.313324231367845,6.900901317596436,512.0,results/apexp_block/config_large_500/evaluation/paper_cap50/apex_hot_runs/survival_utility_controller_v4_balanced__k1_2_4_6_8_10_12_14_16,survival_utility_controller_v4_balanced__k1_2_4_6_8_10_12_14_16,survival_utility_controller_v4_balanced,k1_2_4_6_8_10_12_14_16
slow_only,eagle3,hardware_gen,6,63.82593063766108,60.48209876729976,8.126245339711508,8.471113801002502,512.0,results/apexp_block/config_large_500/evaluation/paper_cap50/apex_hot_runs/survival_utility_controller_v4_balanced__k1_2_4_6_8_10_12_14_16,survival_utility_controller_v4_balanced__k1_2_4_6_8_10_12_14_16,survival_utility_controller_v4_balanced,k1_2_4_6_8_10_12_14_16
slow_only,ngram_sd,code_gen,24,411.149523579367,362.2937795648552,1.9181293547153475,1.413238525390625,512.0,results/apexp_block/config_large_500/evaluation/paper_cap50/apex_hot_runs/survival_utility_controller_v4_balanced__k1_2_4_6_8_10_12_14_16,survival_utility_controller_v4_balanced__k1_2_4_6_8_10_12_14_16,survival_utility_controller_v4_balanced,k1_2_4_6_8_10_12_14_16
slow_only,ngram_sd,conversational_generation_gen_cap50,50,267.68334029279345,184.69493890437792,2.4347561502456667,2.772140622138977,512.0,results/apexp_block/config_large_500/evaluation/paper_cap50/apex_hot_runs/survival_utility_controller_v4_balanced__k1_2_4_6_8_10_12_14_16,survival_utility_controller_v4_balanced__k1_2_4_6_8_10_12_14_16,survival_utility_controller_v4_balanced,k1_2_4_6_8_10_12_14_16
slow_only,ngram_sd,conversational_generation_sft_cap50,50,235.55946330159756,189.0469174217785,2.4695568466186524,2.708337545394897,512.0,results/apexp_block/config_large_500/evaluation/paper_cap50/apex_hot_runs/survival_utility_controller_v4_balanced__k1_2_4_6_8_10_12_14_16,survival_utility_controller_v4_balanced__k1_2_4_6_8_10_12_14_16,survival_utility_controller_v4_balanced,k1_2_4_6_8_10_12_14_16
slow_only,ngram_sd,hardware_gen,44,363.9281982329919,254.3608360465045,1.8678330183029173,2.013024926185608,511.34090909090907,results/apexp_block/config_large_500/evaluation/paper_cap50/apex_hot_runs/survival_utility_controller_v4_balanced__k1_2_4_6_8_10_12_14_16,survival_utility_controller_v4_balanced__k1_2_4_6_8_10_12_14_16,survival_utility_controller_v4_balanced,k1_2_4_6_8_10_12_14_16
slow_only,ngram_sd,long_chain_reasoning,50,499.3442815308052,240.956829190724,3.607243275642395,4.252552032470703,1024.0,results/apexp_block/config_large_500/evaluation/paper_cap50/apex_hot_runs/survival_utility_controller_v4_balanced__k1_2_4_6_8_10_12_14_16,survival_utility_controller_v4_balanced__k1_2_4_6_8_10_12_14_16,survival_utility_controller_v4_balanced,k1_2_4_6_8_10_12_14_16
slow_only,ngram_sd,long_context_completion,50,815.1072994286743,515.9853968766035,3.4279510831832884,2.932079911231994,1829.92,results/apexp_block/config_large_500/evaluation/paper_cap50/apex_hot_runs/survival_utility_controller_v4_balanced__k1_2_4_6_8_10_12_14_16,survival_utility_controller_v4_balanced__k1_2_4_6_8_10_12_14_16,survival_utility_controller_v4_balanced,k1_2_4_6_8_10_12_14_16
slow_only,ngram_sd,long_horizon_swe,50,569.0514355601963,396.7820728621836,2.930809597969055,2.5814647674560547,1024.0,results/apexp_block/config_large_500/evaluation/paper_cap50/apex_hot_runs/survival_utility_controller_v4_balanced__k1_2_4_6_8_10_12_14_16,survival_utility_controller_v4_balanced__k1_2_4_6_8_10_12_14_16,survival_utility_controller_v4_balanced,k1_2_4_6_8_10_12_14_16
slow_only,ngram_sd,mathematical_reasoning,50,240.75573201267213,229.1974495528889,2.210266103744507,2.2339526414871216,510.84,results/apexp_block/config_large_500/evaluation/paper_cap50/apex_hot_runs/survival_utility_controller_v4_balanced__k1_2_4_6_8_10_12_14_16,survival_utility_controller_v4_balanced__k1_2_4_6_8_10_12_14_16,survival_utility_controller_v4_balanced,k1_2_4_6_8_10_12_14_16
slow_fast,eagle3,code_gen,26,24.10231300916939,23.42676494770137,21.49035192452944,21.855347990989685,512.0,results/apexp_block/config_large_500/evaluation/paper_cap50/apex_hot_runs/survival_utility_controller_v4_balanced__k1_2_4_8_16,survival_utility_controller_v4_balanced__k1_2_4_8_16,survival_utility_controller_v4_balanced,k1_2_4_8_16
slow_fast,eagle3,hardware_gen,6,21.76861236124188,21.644007100283357,23.54241394996643,23.655569314956665,512.0,results/apexp_block/config_large_500/evaluation/paper_cap50/apex_hot_runs/survival_utility_controller_v4_balanced__k1_2_4_8_16,survival_utility_controller_v4_balanced__k1_2_4_8_16,survival_utility_controller_v4_balanced,k1_2_4_8_16
slow_fast,ngram_sd,code_gen,24,54.383501318311176,52.62294736091802,12.51007330417633,9.734754085540771,512.0,results/apexp_block/config_large_500/evaluation/paper_cap50/apex_hot_runs/survival_utility_controller_v4_balanced__k1_2_4_8_16,survival_utility_controller_v4_balanced__k1_2_4_8_16,survival_utility_controller_v4_balanced,k1_2_4_8_16
slow_fast,ngram_sd,conversational_generation_gen_cap50,50,43.85628797710015,29.23682512435994,14.89800624370575,17.512332797050476,512.0,results/apexp_block/config_large_500/evaluation/paper_cap50/apex_hot_runs/survival_utility_controller_v4_balanced__k1_2_4_8_16,survival_utility_controller_v4_balanced__k1_2_4_8_16,survival_utility_controller_v4_balanced,k1_2_4_8_16
slow_fast,ngram_sd,conversational_generation_sft_cap50,50,37.30577876253781,29.58229986119436,15.639872679710388,17.309852361679077,512.0,results/apexp_block/config_large_500/evaluation/paper_cap50/apex_hot_runs/survival_utility_controller_v4_balanced__k1_2_4_8_16,survival_utility_controller_v4_balanced__k1_2_4_8_16,survival_utility_controller_v4_balanced,k1_2_4_8_16
slow_fast,ngram_sd,hardware_gen,44,56.93822656163357,40.20687521244429,11.927870674566789,12.73766815662384,511.34090909090907,results/apexp_block/config_large_500/evaluation/paper_cap50/apex_hot_runs/survival_utility_controller_v4_balanced__k1_2_4_8_16,survival_utility_controller_v4_balanced__k1_2_4_8_16,survival_utility_controller_v4_balanced,k1_2_4_8_16
slow_fast,ngram_sd,long_chain_reasoning,50,75.08934018757232,40.07004337784831,22.350335898399354,25.55528676509857,1024.0,results/apexp_block/config_large_500/evaluation/paper_cap50/apex_hot_runs/survival_utility_controller_v4_balanced__k1_2_4_8_16,survival_utility_controller_v4_balanced__k1_2_4_8_16,survival_utility_controller_v4_balanced,k1_2_4_8_16
slow_fast,ngram_sd,long_context_completion,50,118.27611993559871,80.18840147082445,22.300050916671758,20.63247299194336,1829.92,results/apexp_block/config_large_500/evaluation/paper_cap50/apex_hot_runs/survival_utility_controller_v4_balanced__k1_2_4_8_16,survival_utility_controller_v4_balanced__k1_2_4_8_16,survival_utility_controller_v4_balanced,k1_2_4_8_16
slow_fast,ngram_sd,long_horizon_swe,50,86.62058228428344,63.88141056874332,17.899670720100403,16.056572437286377,1024.0,results/apexp_block/config_large_500/evaluation/paper_cap50/apex_hot_runs/survival_utility_controller_v4_balanced__k1_2_4_8_16,survival_utility_controller_v4_balanced__k1_2_4_8_16,survival_utility_controller_v4_balanced,k1_2_4_8_16
slow_fast,ngram_sd,mathematical_reasoning,50,35.624763436533634,32.70502263600582,15.184426255226136,15.49044632911682,510.84,results/apexp_block/config_large_500/evaluation/paper_cap50/apex_hot_runs/survival_utility_controller_v4_balanced__k1_2_4_8_16,survival_utility_controller_v4_balanced__k1_2_4_8_16,survival_utility_controller_v4_balanced,k1_2_4_8_16
slow_only,eagle3,code_gen,26,71.36697822781662,74.47801326004424,7.287604707937974,6.874513149261475,512.0,results/apexp_block/config_large_500/evaluation/paper_cap50/apex_hot_runs/survival_utility_controller_v4_balanced__k1_2_4_8_16,survival_utility_controller_v4_balanced__k1_2_4_8_16,survival_utility_controller_v4_balanced,k1_2_4_8_16
slow_only,eagle3,hardware_gen,6,63.38613857929565,59.53436939427833,8.188462058703104,8.608598351478577,512.0,results/apexp_block/config_large_500/evaluation/paper_cap50/apex_hot_runs/survival_utility_controller_v4_balanced__k1_2_4_8_16,survival_utility_controller_v4_balanced__k1_2_4_8_16,survival_utility_controller_v4_balanced,k1_2_4_8_16
slow_only,ngram_sd,code_gen,24,405.1505377477097,360.47881656799257,1.8528180420398712,1.420397162437439,512.0,results/apexp_block/config_large_500/evaluation/paper_cap50/apex_hot_runs/survival_utility_controller_v4_balanced__k1_2_4_8_16,survival_utility_controller_v4_balanced__k1_2_4_8_16,survival_utility_controller_v4_balanced,k1_2_4_8_16
slow_only,ngram_sd,conversational_generation_gen_cap50,50,272.86664422202136,185.97058554524017,2.3820830631256102,2.753123641014099,512.0,results/apexp_block/config_large_500/evaluation/paper_cap50/apex_hot_runs/survival_utility_controller_v4_balanced__k1_2_4_8_16,survival_utility_controller_v4_balanced__k1_2_4_8_16,survival_utility_controller_v4_balanced,k1_2_4_8_16
slow_only,ngram_sd,conversational_generation_sft_cap50,50,238.61471038979747,189.686659147156,2.440356178283692,2.699188351631165,512.0,results/apexp_block/config_large_500/evaluation/paper_cap50/apex_hot_runs/survival_utility_controller_v4_balanced__k1_2_4_8_16,survival_utility_controller_v4_balanced__k1_2_4_8_16,survival_utility_controller_v4_balanced,k1_2_4_8_16
slow_only,ngram_sd,hardware_gen,44,362.3326009132265,255.61911869970305,1.8781304088505832,2.003774762153625,511.34090909090907,results/apexp_block/config_large_500/evaluation/paper_cap50/apex_hot_runs/survival_utility_controller_v4_balanced__k1_2_4_8_16,survival_utility_controller_v4_balanced__k1_2_4_8_16,survival_utility_controller_v4_balanced,k1_2_4_8_16
slow_only,ngram_sd,long_chain_reasoning,50,504.8664606170104,238.11892092251972,3.6177023315429686,4.302672386169434,1024.0,results/apexp_block/config_large_500/evaluation/paper_cap50/apex_hot_runs/survival_utility_controller_v4_balanced__k1_2_4_8_16,survival_utility_controller_v4_balanced__k1_2_4_8_16,survival_utility_controller_v4_balanced,k1_2_4_8_16
slow_only,ngram_sd,long_context_completion,50,808.2251798567559,517.0355326384326,3.441003832817078,2.9418272972106934,1829.92,results/apexp_block/config_large_500/evaluation/paper_cap50/apex_hot_runs/survival_utility_controller_v4_balanced__k1_2_4_8_16,survival_utility_controller_v4_balanced__k1_2_4_8_16,survival_utility_controller_v4_balanced,k1_2_4_8_16
slow_only,ngram_sd,long_horizon_swe,50,554.5932644590753,384.4858744641466,3.003323736190796,2.6639236211776733,1024.0,results/apexp_block/config_large_500/evaluation/paper_cap50/apex_hot_runs/survival_utility_controller_v4_balanced__k1_2_4_8_16,survival_utility_controller_v4_balanced__k1_2_4_8_16,survival_utility_controller_v4_balanced,k1_2_4_8_16
slow_only,ngram_sd,mathematical_reasoning,50,235.48469731234292,219.9695165927951,2.263423409461975,2.32759690284729,510.84,results/apexp_block/config_large_500/evaluation/paper_cap50/apex_hot_runs/survival_utility_controller_v4_balanced__k1_2_4_8_16,survival_utility_controller_v4_balanced__k1_2_4_8_16,survival_utility_controller_v4_balanced,k1_2_4_8_16
slow_fast,eagle3,code_gen,26,30.522491515080603,30.408347923212567,16.83552386210515,16.837947368621826,512.0,results/apexp_block/config_large_500/evaluation/paper_cap50/apex_hot_runs/survival_utility_controller_v4_balanced__k1_to_16,survival_utility_controller_v4_balanced__k1_to_16,survival_utility_controller_v4_balanced,k1_to_16
slow_fast,eagle3,hardware_gen,6,28.67913485070297,28.545497787492025,17.862228512763977,17.937155723571777,512.0,results/apexp_block/config_large_500/evaluation/paper_cap50/apex_hot_runs/survival_utility_controller_v4_balanced__k1_to_16,survival_utility_controller_v4_balanced__k1_to_16,survival_utility_controller_v4_balanced,k1_to_16
slow_fast,ngram_sd,code_gen,24,54.938424198568725,53.09898560930133,12.440843999385834,9.648005485534668,512.0,results/apexp_block/config_large_500/evaluation/paper_cap50/apex_hot_runs/survival_utility_controller_v4_balanced__k1_to_16,survival_utility_controller_v4_balanced__k1_to_16,survival_utility_controller_v4_balanced,k1_to_16
slow_fast,ngram_sd,conversational_generation_gen_cap50,50,44.052373307117975,29.73469391982112,14.851933932304382,17.21894347667694,512.0,results/apexp_block/config_large_500/evaluation/paper_cap50/apex_hot_runs/survival_utility_controller_v4_balanced__k1_to_16,survival_utility_controller_v4_balanced__k1_to_16,survival_utility_controller_v4_balanced,k1_to_16
slow_fast,ngram_sd,conversational_generation_sft_cap50,50,37.21640305240384,30.378175186819703,15.646164226531983,16.85521376132965,512.0,results/apexp_block/config_large_500/evaluation/paper_cap50/apex_hot_runs/survival_utility_controller_v4_balanced__k1_to_16,survival_utility_controller_v4_balanced__k1_to_16,survival_utility_controller_v4_balanced,k1_to_16
slow_fast,ngram_sd,hardware_gen,44,56.371060617139705,39.25605049763234,12.036206072027031,13.043065667152405,511.34090909090907,results/apexp_block/config_large_500/evaluation/paper_cap50/apex_hot_runs/survival_utility_controller_v4_balanced__k1_to_16,survival_utility_controller_v4_balanced__k1_to_16,survival_utility_controller_v4_balanced,k1_to_16
slow_fast,ngram_sd,long_chain_reasoning,50,74.51650518794803,39.2630670904464,22.41446646213532,26.08056366443634,1024.0,results/apexp_block/config_large_500/evaluation/paper_cap50/apex_hot_runs/survival_utility_controller_v4_balanced__k1_to_16,survival_utility_controller_v4_balanced__k1_to_16,survival_utility_controller_v4_balanced,k1_to_16
slow_fast,ngram_sd,long_context_completion,50,118.86752896401347,77.53483303458212,22.170740404129027,20.62672698497772,1829.92,results/apexp_block/config_large_500/evaluation/paper_cap50/apex_hot_runs/survival_utility_controller_v4_balanced__k1_to_16,survival_utility_controller_v4_balanced__k1_to_16,survival_utility_controller_v4_balanced,k1_to_16
slow_fast,ngram_sd,long_horizon_swe,50,87.56961218054727,64.96370805200579,17.33556601524353,15.766988396644592,1024.0,results/apexp_block/config_large_500/evaluation/paper_cap50/apex_hot_runs/survival_utility_controller_v4_balanced__k1_to_16,survival_utility_controller_v4_balanced__k1_to_16,survival_utility_controller_v4_balanced,k1_to_16
slow_fast,ngram_sd,mathematical_reasoning,50,37.44528069428173,34.711962402795336,14.359508681297305,14.70176362991333,510.84,results/apexp_block/config_large_500/evaluation/paper_cap50/apex_hot_runs/survival_utility_controller_v4_balanced__k1_to_16,survival_utility_controller_v4_balanced__k1_to_16,survival_utility_controller_v4_balanced,k1_to_16
slow_only,eagle3,code_gen,26,69.84397808608867,72.46880098745359,7.427367843114412,7.065136313438416,512.0,results/apexp_block/config_large_500/evaluation/paper_cap50/apex_hot_runs/survival_utility_controller_v4_balanced__k1_to_16,survival_utility_controller_v4_balanced__k1_to_16,survival_utility_controller_v4_balanced,k1_to_16
slow_only,eagle3,hardware_gen,6,61.11427639046078,58.02342660976159,8.480692982673645,8.83169412612915,512.0,results/apexp_block/config_large_500/evaluation/paper_cap50/apex_hot_runs/survival_utility_controller_v4_balanced__k1_to_16,survival_utility_controller_v4_balanced__k1_to_16,survival_utility_controller_v4_balanced,k1_to_16
slow_only,ngram_sd,code_gen,24,400.1645554212005,351.1106787652849,1.9593367874622345,1.4584274291992188,512.0,results/apexp_block/config_large_500/evaluation/paper_cap50/apex_hot_runs/survival_utility_controller_v4_balanced__k1_to_16,survival_utility_controller_v4_balanced__k1_to_16,survival_utility_controller_v4_balanced,k1_to_16
slow_only,ngram_sd,conversational_generation_gen_cap50,50,272.5179117912052,185.76077104345552,2.3887250232696533,2.756234169006348,512.0,results/apexp_block/config_large_500/evaluation/paper_cap50/apex_hot_runs/survival_utility_controller_v4_balanced__k1_to_16,survival_utility_controller_v4_balanced__k1_to_16,survival_utility_controller_v4_balanced,k1_to_16
slow_only,ngram_sd,conversational_generation_sft_cap50,50,237.77555954187463,191.44487162068629,2.449134173393249,2.674401640892029,512.0,results/apexp_block/config_large_500/evaluation/paper_cap50/apex_hot_runs/survival_utility_controller_v4_balanced__k1_to_16,survival_utility_controller_v4_balanced__k1_to_16,survival_utility_controller_v4_balanced,k1_to_16
slow_only,ngram_sd,hardware_gen,44,366.3617379880056,254.48618241860623,1.8577873598445545,2.0121079683303837,511.34090909090907,results/apexp_block/config_large_500/evaluation/paper_cap50/apex_hot_runs/survival_utility_controller_v4_balanced__k1_to_16,survival_utility_controller_v4_balanced__k1_to_16,survival_utility_controller_v4_balanced,k1_to_16
slow_only,ngram_sd,long_chain_reasoning,50,494.5766373348743,230.4705228191761,3.6789134407043456,4.443254828453064,1024.0,results/apexp_block/config_large_500/evaluation/paper_cap50/apex_hot_runs/survival_utility_controller_v4_balanced__k1_to_16,survival_utility_controller_v4_balanced__k1_to_16,survival_utility_controller_v4_balanced,k1_to_16
slow_only,ngram_sd,long_context_completion,50,793.0920467020246,502.85619265926766,3.5367568016052244,3.0260602235794067,1829.92,results/apexp_block/config_large_500/evaluation/paper_cap50/apex_hot_runs/survival_utility_controller_v4_balanced__k1_to_16,survival_utility_controller_v4_balanced__k1_to_16,survival_utility_controller_v4_balanced,k1_to_16
slow_only,ngram_sd,long_horizon_swe,50,568.2558967654062,396.71145703977913,2.926866064071655,2.5816720724105835,1024.0,results/apexp_block/config_large_500/evaluation/paper_cap50/apex_hot_runs/survival_utility_controller_v4_balanced__k1_to_16,survival_utility_controller_v4_balanced__k1_to_16,survival_utility_controller_v4_balanced,k1_to_16
slow_only,ngram_sd,mathematical_reasoning,50,231.9788285308209,220.53511731902992,2.295387864112854,2.321626305580139,510.84,results/apexp_block/config_large_500/evaluation/paper_cap50/apex_hot_runs/survival_utility_controller_v4_balanced__k1_to_16,survival_utility_controller_v4_balanced__k1_to_16,survival_utility_controller_v4_balanced,k1_to_16
slow_fast,eagle3,code_gen,26,30.08210956911517,30.24551456555232,17.177959946485664,16.928223133087158,512.0,results/apexp_block/config_large_500/evaluation/paper_cap50/apex_hot_runs/survival_utility_controller_v4_balanced__k2_4_6_8,survival_utility_controller_v4_balanced__k2_4_6_8,survival_utility_controller_v4_balanced,k2_4_6_8
slow_fast,eagle3,hardware_gen,6,23.847668783838984,23.83719586568488,21.4764442841212,21.47917342185974,512.0,results/apexp_block/config_large_500/evaluation/paper_cap50/apex_hot_runs/survival_utility_controller_v4_balanced__k2_4_6_8,survival_utility_controller_v4_balanced__k2_4_6_8,survival_utility_controller_v4_balanced,k2_4_6_8
slow_fast,ngram_sd,code_gen,24,54.817280946844896,54.39734205381183,11.287441700696943,9.41866946220398,512.0,results/apexp_block/config_large_500/evaluation/paper_cap50/apex_hot_runs/survival_utility_controller_v4_balanced__k2_4_6_8,survival_utility_controller_v4_balanced__k2_4_6_8,survival_utility_controller_v4_balanced,k2_4_6_8
slow_fast,ngram_sd,conversational_generation_gen_cap50,50,52.81555429037781,39.556675984191614,11.40881863117218,12.943478107452393,512.0,results/apexp_block/config_large_500/evaluation/paper_cap50/apex_hot_runs/survival_utility_controller_v4_balanced__k2_4_6_8,survival_utility_controller_v4_balanced__k2_4_6_8,survival_utility_controller_v4_balanced,k2_4_6_8
slow_fast,ngram_sd,conversational_generation_sft_cap50,50,45.33067402115736,38.78309159798461,12.566271033287048,13.20207381248474,512.0,results/apexp_block/config_large_500/evaluation/paper_cap50/apex_hot_runs/survival_utility_controller_v4_balanced__k2_4_6_8,survival_utility_controller_v4_balanced__k2_4_6_8,survival_utility_controller_v4_balanced,k2_4_6_8
slow_fast,ngram_sd,hardware_gen,44,58.24229668241997,46.29465475985727,10.325334120880472,11.059688568115234,511.34090909090907,results/apexp_block/config_large_500/evaluation/paper_cap50/apex_hot_runs/survival_utility_controller_v4_balanced__k2_4_6_8,survival_utility_controller_v4_balanced__k2_4_6_8,survival_utility_controller_v4_balanced,k2_4_6_8
slow_fast,ngram_sd,long_chain_reasoning,50,69.47579270530727,48.024778801816325,19.210042085647583,21.322332739830017,1024.0,results/apexp_block/config_large_500/evaluation/paper_cap50/apex_hot_runs/survival_utility_controller_v4_balanced__k2_4_6_8,survival_utility_controller_v4_balanced__k2_4_6_8,survival_utility_controller_v4_balanced,k2_4_6_8
slow_fast,ngram_sd,long_context_completion,50,94.16012769780848,81.82576433665483,22.811111359596254,21.48477816581726,1829.92,results/apexp_block/config_large_500/evaluation/paper_cap50/apex_hot_runs/survival_utility_controller_v4_balanced__k2_4_6_8,survival_utility_controller_v4_balanced__k2_4_6_8,survival_utility_controller_v4_balanced,k2_4_6_8
slow_fast,ngram_sd,long_horizon_swe,50,77.65578808503813,67.27449043594717,16.39374096393585,15.221388578414915,1024.0,results/apexp_block/config_large_500/evaluation/paper_cap50/apex_hot_runs/survival_utility_controller_v4_balanced__k2_4_6_8,survival_utility_controller_v4_balanced__k2_4_6_8,survival_utility_controller_v4_balanced,k2_4_6_8
slow_fast,ngram_sd,mathematical_reasoning,50,40.400953442369634,38.01765315305916,13.145645852088927,13.352792024612429,510.84,results/apexp_block/config_large_500/evaluation/paper_cap50/apex_hot_runs/survival_utility_controller_v4_balanced__k2_4_6_8,survival_utility_controller_v4_balanced__k2_4_6_8,survival_utility_controller_v4_balanced,k2_4_6_8
slow_only,eagle3,code_gen,26,71.7081675697906,74.27691308654423,7.246177902588477,6.89315938949585,512.0,results/apexp_block/config_large_500/evaluation/paper_cap50/apex_hot_runs/survival_utility_controller_v4_balanced__k2_4_6_8,survival_utility_controller_v4_balanced__k2_4_6_8,survival_utility_controller_v4_balanced,k2_4_6_8
slow_only,eagle3,hardware_gen,6,64.64682281316364,61.005388966264526,8.027429501215616,8.396299362182617,512.0,results/apexp_block/config_large_500/evaluation/paper_cap50/apex_hot_runs/survival_utility_controller_v4_balanced__k2_4_6_8,survival_utility_controller_v4_balanced__k2_4_6_8,survival_utility_controller_v4_balanced,k2_4_6_8
slow_only,ngram_sd,code_gen,24,408.37920083414537,363.0112511485323,1.9229087730248768,1.410461187362671,512.0,results/apexp_block/config_large_500/evaluation/paper_cap50/apex_hot_runs/survival_utility_controller_v4_balanced__k2_4_6_8,survival_utility_controller_v4_balanced__k2_4_6_8,survival_utility_controller_v4_balanced,k2_4_6_8
slow_only,ngram_sd,conversational_generation_gen_cap50,50,268.571215120901,182.45248810880565,2.4305745458602903,2.8062100410461426,512.0,results/apexp_block/config_large_500/evaluation/paper_cap50/apex_hot_runs/survival_utility_controller_v4_balanced__k2_4_6_8,survival_utility_controller_v4_balanced__k2_4_6_8,survival_utility_controller_v4_balanced,k2_4_6_8
slow_only,ngram_sd,conversational_generation_sft_cap50,50,232.05641979756336,185.709051190652,2.49882408618927,2.757002115249634,512.0,results/apexp_block/config_large_500/evaluation/paper_cap50/apex_hot_runs/survival_utility_controller_v4_balanced__k2_4_6_8,survival_utility_controller_v4_balanced__k2_4_6_8,survival_utility_controller_v4_balanced,k2_4_6_8
slow_only,ngram_sd,hardware_gen,44,357.812158546773,249.85869538307836,1.89474665034901,2.0492005348205566,511.34090909090907,results/apexp_block/config_large_500/evaluation/paper_cap50/apex_hot_runs/survival_utility_controller_v4_balanced__k2_4_6_8,survival_utility_controller_v4_balanced__k2_4_6_8,survival_utility_controller_v4_balanced,k2_4_6_8
slow_only,ngram_sd,long_chain_reasoning,50,485.61531678402287,231.78073046765743,3.753121027946472,4.418491840362549,1024.0,results/apexp_block/config_large_500/evaluation/paper_cap50/apex_hot_runs/survival_utility_controller_v4_balanced__k2_4_6_8,survival_utility_controller_v4_balanced__k2_4_6_8,survival_utility_controller_v4_balanced,k2_4_6_8
slow_only,ngram_sd,long_context_completion,50,783.686137401177,494.2575045933669,3.5499314641952515,3.0386708974838257,1829.92,results/apexp_block/config_large_500/evaluation/paper_cap50/apex_hot_runs/survival_utility_controller_v4_balanced__k2_4_6_8,survival_utility_controller_v4_balanced__k2_4_6_8,survival_utility_controller_v4_balanced,k2_4_6_8
slow_only,ngram_sd,long_horizon_swe,50,552.967899672599,373.6054364688505,3.009228744506836,2.740967392921448,1024.0,results/apexp_block/config_large_500/evaluation/paper_cap50/apex_hot_runs/survival_utility_controller_v4_balanced__k2_4_6_8,survival_utility_controller_v4_balanced__k2_4_6_8,survival_utility_controller_v4_balanced,k2_4_6_8
slow_only,ngram_sd,mathematical_reasoning,50,237.01318177666784,226.775404255608,2.247134118080139,2.257788896560669,510.84,results/apexp_block/config_large_500/evaluation/paper_cap50/apex_hot_runs/survival_utility_controller_v4_balanced__k2_4_6_8,survival_utility_controller_v4_balanced__k2_4_6_8,survival_utility_controller_v4_balanced,k2_4_6_8
slow_fast,eagle3,code_gen,26,27.91185216422518,27.535760363793614,18.51602782652928,18.594040393829346,512.0,results/apexp_block/config_large_500/evaluation/paper_cap50/apex_hot_runs/survival_utility_controller_v4_efficient__k1_2_4_6_8_10_12_14_16,survival_utility_controller_v4_efficient__k1_2_4_6_8_10_12_14_16,survival_utility_controller_v4_efficient,k1_2_4_6_8_10_12_14_16
slow_fast,eagle3,hardware_gen,6,23.93878801338492,23.656240972930668,21.4224191904068,21.64616858959198,512.0,results/apexp_block/config_large_500/evaluation/paper_cap50/apex_hot_runs/survival_utility_controller_v4_efficient__k1_2_4_6_8_10_12_14_16,survival_utility_controller_v4_efficient__k1_2_4_6_8_10_12_14_16,survival_utility_controller_v4_efficient,k1_2_4_6_8_10_12_14_16
slow_fast,ngram_sd,code_gen,24,49.654193300753256,45.942609290781874,13.30097155769666,11.14560055732727,512.0,results/apexp_block/config_large_500/evaluation/paper_cap50/apex_hot_runs/survival_utility_controller_v4_efficient__k1_2_4_6_8_10_12_14_16,survival_utility_controller_v4_efficient__k1_2_4_6_8_10_12_14_16,survival_utility_controller_v4_efficient,k1_2_4_6_8_10_12_14_16
slow_fast,ngram_sd,conversational_generation_gen_cap50,50,43.50106383907266,30.506445609920487,14.936219396591186,16.783387422561646,512.0,results/apexp_block/config_large_500/evaluation/paper_cap50/apex_hot_runs/survival_utility_controller_v4_efficient__k1_2_4_6_8_10_12_14_16,survival_utility_controller_v4_efficient__k1_2_4_6_8_10_12_14_16,survival_utility_controller_v4_efficient,k1_2_4_6_8_10_12_14_16
slow_fast,ngram_sd,conversational_generation_sft_cap50,50,36.06400674463866,29.9595807473864,15.99169132232666,17.090845584869385,512.0,results/apexp_block/config_large_500/evaluation/paper_cap50/apex_hot_runs/survival_utility_controller_v4_efficient__k1_2_4_6_8_10_12_14_16,survival_utility_controller_v4_efficient__k1_2_4_6_8_10_12_14_16,survival_utility_controller_v4_efficient,k1_2_4_6_8_10_12_14_16
slow_fast,ngram_sd,hardware_gen,44,55.503650911942685,39.18021212719512,12.109512134031815,13.088970422744753,511.34090909090907,results/apexp_block/config_large_500/evaluation/paper_cap50/apex_hot_runs/survival_utility_controller_v4_efficient__k1_2_4_6_8_10_12_14_16,survival_utility_controller_v4_efficient__k1_2_4_6_8_10_12_14_16,survival_utility_controller_v4_efficient,k1_2_4_6_8_10_12_14_16
slow_fast,ngram_sd,long_chain_reasoning,50,73.80978961720889,38.04909265568578,22.923505997657777,26.91309690475464,1024.0,results/apexp_block/config_large_500/evaluation/paper_cap50/apex_hot_runs/survival_utility_controller_v4_efficient__k1_2_4_6_8_10_12_14_16,survival_utility_controller_v4_efficient__k1_2_4_6_8_10_12_14_16,survival_utility_controller_v4_efficient,k1_2_4_6_8_10_12_14_16
slow_fast,ngram_sd,long_context_completion,50,110.82179796801168,71.8403377388224,24.42859006404877,21.774595856666565,1829.92,results/apexp_block/config_large_500/evaluation/paper_cap50/apex_hot_runs/survival_utility_controller_v4_efficient__k1_2_4_6_8_10_12_14_16,survival_utility_controller_v4_efficient__k1_2_4_6_8_10_12_14_16,survival_utility_controller_v4_efficient,k1_2_4_6_8_10_12_14_16
slow_fast,ngram_sd,long_horizon_swe,50,78.9354156777851,56.729116008658245,19.27999752998352,18.052618741989136,1024.0,results/apexp_block/config_large_500/evaluation/paper_cap50/apex_hot_runs/survival_utility_controller_v4_efficient__k1_2_4_6_8_10_12_14_16,survival_utility_controller_v4_efficient__k1_2_4_6_8_10_12_14_16,survival_utility_controller_v4_efficient,k1_2_4_6_8_10_12_14_16
slow_fast,ngram_sd,mathematical_reasoning,50,34.557498489585434,31.907586833125613,15.413216805458068,15.82501220703125,510.84,results/apexp_block/config_large_500/evaluation/paper_cap50/apex_hot_runs/survival_utility_controller_v4_efficient__k1_2_4_6_8_10_12_14_16,survival_utility_controller_v4_efficient__k1_2_4_6_8_10_12_14_16,survival_utility_controller_v4_efficient,k1_2_4_6_8_10_12_14_16
slow_only,eagle3,code_gen,26,71.23015889990297,74.26588193255515,7.296795432384197,6.894372344017029,512.0,results/apexp_block/config_large_500/evaluation/paper_cap50/apex_hot_runs/survival_utility_controller_v4_efficient__k1_2_4_6_8_10_12_14_16,survival_utility_controller_v4_efficient__k1_2_4_6_8_10_12_14_16,survival_utility_controller_v4_efficient,k1_2_4_6_8_10_12_14_16
slow_only,eagle3,hardware_gen,6,63.85526299237557,60.04804041567572,8.125112454096476,8.533787488937378,512.0,results/apexp_block/config_large_500/evaluation/paper_cap50/apex_hot_runs/survival_utility_controller_v4_efficient__k1_2_4_6_8_10_12_14_16,survival_utility_controller_v4_efficient__k1_2_4_6_8_10_12_14_16,survival_utility_controller_v4_efficient,k1_2_4_6_8_10_12_14_16
slow_only,ngram_sd,code_gen,24,405.14705699301095,357.2562801003385,1.9589148660500844,1.4331454038619995,512.0,results/apexp_block/config_large_500/evaluation/paper_cap50/apex_hot_runs/survival_utility_controller_v4_efficient__k1_2_4_6_8_10_12_14_16,survival_utility_controller_v4_efficient__k1_2_4_6_8_10_12_14_16,survival_utility_controller_v4_efficient,k1_2_4_6_8_10_12_14_16
slow_only,ngram_sd,conversational_generation_gen_cap50,50,273.84720507359054,186.1165353196896,2.380373148918152,2.7509649991989136,512.0,results/apexp_block/config_large_500/evaluation/paper_cap50/apex_hot_runs/survival_utility_controller_v4_efficient__k1_2_4_6_8_10_12_14_16,survival_utility_controller_v4_efficient__k1_2_4_6_8_10_12_14_16,survival_utility_controller_v4_efficient,k1_2_4_6_8_10_12_14_16
slow_only,ngram_sd,conversational_generation_sft_cap50,50,239.31908933884864,191.51607292852503,2.435039472579956,2.6734050512313843,512.0,results/apexp_block/config_large_500/evaluation/paper_cap50/apex_hot_runs/survival_utility_controller_v4_efficient__k1_2_4_6_8_10_12_14_16,survival_utility_controller_v4_efficient__k1_2_4_6_8_10_12_14_16,survival_utility_controller_v4_efficient,k1_2_4_6_8_10_12_14_16
slow_only,ngram_sd,hardware_gen,44,368.3988326718987,251.35763707560093,1.8542238744822412,2.0370036363601685,511.34090909090907,results/apexp_block/config_large_500/evaluation/paper_cap50/apex_hot_runs/survival_utility_controller_v4_efficient__k1_2_4_6_8_10_12_14_16,survival_utility_controller_v4_efficient__k1_2_4_6_8_10_12_14_16,survival_utility_controller_v4_efficient,k1_2_4_6_8_10_12_14_16
slow_only,ngram_sd,long_chain_reasoning,50,505.69096952955294,237.19265971963324,3.631722726821899,4.317595481872559,1024.0,results/apexp_block/config_large_500/evaluation/paper_cap50/apex_hot_runs/survival_utility_controller_v4_efficient__k1_2_4_6_8_10_12_14_16,survival_utility_controller_v4_efficient__k1_2_4_6_8_10_12_14_16,survival_utility_controller_v4_efficient,k1_2_4_6_8_10_12_14_16
slow_only,ngram_sd,long_context_completion,50,810.1222605839574,520.558329479863,3.4462649631500244,2.9561104774475098,1829.92,results/apexp_block/config_large_500/evaluation/paper_cap50/apex_hot_runs/survival_utility_controller_v4_efficient__k1_2_4_6_8_10_12_14_16,survival_utility_controller_v4_efficient__k1_2_4_6_8_10_12_14_16,survival_utility_controller_v4_efficient,k1_2_4_6_8_10_12_14_16
slow_only,ngram_sd,long_horizon_swe,50,563.875325784103,382.522112210032,2.9640497541427613,2.6769700050354004,1024.0,results/apexp_block/config_large_500/evaluation/paper_cap50/apex_hot_runs/survival_utility_controller_v4_efficient__k1_2_4_6_8_10_12_14_16,survival_utility_controller_v4_efficient__k1_2_4_6_8_10_12_14_16,survival_utility_controller_v4_efficient,k1_2_4_6_8_10_12_14_16
slow_only,ngram_sd,mathematical_reasoning,50,239.05325534003688,224.97657115877053,2.231460380554199,2.2757985591888428,510.84,results/apexp_block/config_large_500/evaluation/paper_cap50/apex_hot_runs/survival_utility_controller_v4_efficient__k1_2_4_6_8_10_12_14_16,survival_utility_controller_v4_efficient__k1_2_4_6_8_10_12_14_16,survival_utility_controller_v4_efficient,k1_2_4_6_8_10_12_14_16
slow_fast,eagle3,code_gen,26,25.77817708629445,25.039111778438095,20.352571845054623,20.44819140434265,512.0,results/apexp_block/config_large_500/evaluation/paper_cap50/apex_hot_runs/survival_utility_controller_v4_efficient__k1_2_4_8_16,survival_utility_controller_v4_efficient__k1_2_4_8_16,survival_utility_controller_v4_efficient,k1_2_4_8_16
slow_fast,eagle3,hardware_gen,6,20.90360667954787,20.794419766568705,24.505760192871094,24.62564480304718,512.0,results/apexp_block/config_large_500/evaluation/paper_cap50/apex_hot_runs/survival_utility_controller_v4_efficient__k1_2_4_8_16,survival_utility_controller_v4_efficient__k1_2_4_8_16,survival_utility_controller_v4_efficient,k1_2_4_8_16
slow_fast,ngram_sd,code_gen,24,48.16153206862327,46.4987636471417,13.774724384148916,11.01181411743164,512.0,results/apexp_block/config_large_500/evaluation/paper_cap50/apex_hot_runs/survival_utility_controller_v4_efficient__k1_2_4_8_16,survival_utility_controller_v4_efficient__k1_2_4_8_16,survival_utility_controller_v4_efficient,k1_2_4_8_16
slow_fast,ngram_sd,conversational_generation_gen_cap50,50,39.97283463400969,27.7420634704501,16.00620803833008,18.455728888511658,512.0,results/apexp_block/config_large_500/evaluation/paper_cap50/apex_hot_runs/survival_utility_controller_v4_efficient__k1_2_4_8_16,survival_utility_controller_v4_efficient__k1_2_4_8_16,survival_utility_controller_v4_efficient,k1_2_4_8_16
slow_fast,ngram_sd,conversational_generation_sft_cap50,50,36.0810271769963,29.519180391027326,15.9782328414917,17.344677448272705,512.0,results/apexp_block/config_large_500/evaluation/paper_cap50/apex_hot_runs/survival_utility_controller_v4_efficient__k1_2_4_8_16,survival_utility_controller_v4_efficient__k1_2_4_8_16,survival_utility_controller_v4_efficient,k1_2_4_8_16
slow_fast,ngram_sd,hardware_gen,44,52.088599774243285,36.44687156177813,12.653780059380964,14.061874628067017,511.34090909090907,results/apexp_block/config_large_500/evaluation/paper_cap50/apex_hot_runs/survival_utility_controller_v4_efficient__k1_2_4_8_16,survival_utility_controller_v4_efficient__k1_2_4_8_16,survival_utility_controller_v4_efficient,k1_2_4_8_16
slow_fast,ngram_sd,long_chain_reasoning,50,70.76728714658523,36.50403863543203,23.9294384765625,28.05169677734375,1024.0,results/apexp_block/config_large_500/evaluation/paper_cap50/apex_hot_runs/survival_utility_controller_v4_efficient__k1_2_4_8_16,survival_utility_controller_v4_efficient__k1_2_4_8_16,survival_utility_controller_v4_efficient,k1_2_4_8_16
slow_fast,ngram_sd,long_context_completion,50,110.76403920343692,73.94897295090465,24.658524894714358,22.00404906272888,1829.92,results/apexp_block/config_large_500/evaluation/paper_cap50/apex_hot_runs/survival_utility_controller_v4_efficient__k1_2_4_8_16,survival_utility_controller_v4_efficient__k1_2_4_8_16,survival_utility_controller_v4_efficient,k1_2_4_8_16
slow_fast,ngram_sd,long_horizon_swe,50,79.70020750788832,58.242483935845605,18.96245671749115,17.582217812538147,1024.0,results/apexp_block/config_large_500/evaluation/paper_cap50/apex_hot_runs/survival_utility_controller_v4_efficient__k1_2_4_8_16,survival_utility_controller_v4_efficient__k1_2_4_8_16,survival_utility_controller_v4_efficient,k1_2_4_8_16
slow_fast,ngram_sd,mathematical_reasoning,50,34.142246180881614,31.195021276092508,15.69617280960083,16.210113525390625,510.84,results/apexp_block/config_large_500/evaluation/paper_cap50/apex_hot_runs/survival_utility_controller_v4_efficient__k1_2_4_8_16,survival_utility_controller_v4_efficient__k1_2_4_8_16,survival_utility_controller_v4_efficient,k1_2_4_8_16
slow_only,eagle3,code_gen,26,70.93758608769816,74.0406479536034,7.324001734073345,6.915515184402466,512.0,results/apexp_block/config_large_500/evaluation/paper_cap50/apex_hot_runs/survival_utility_controller_v4_efficient__k1_2_4_8_16,survival_utility_controller_v4_efficient__k1_2_4_8_16,survival_utility_controller_v4_efficient,k1_2_4_8_16
slow_only,eagle3,hardware_gen,6,64.18864890722027,60.80759718587985,8.076707561810812,8.426416158676147,512.0,results/apexp_block/config_large_500/evaluation/paper_cap50/apex_hot_runs/survival_utility_controller_v4_efficient__k1_2_4_8_16,survival_utility_controller_v4_efficient__k1_2_4_8_16,survival_utility_controller_v4_efficient,k1_2_4_8_16
slow_only,ngram_sd,code_gen,24,400.24245770050896,367.82356649066605,1.992690940697988,1.3920586109161377,512.0,results/apexp_block/config_large_500/evaluation/paper_cap50/apex_hot_runs/survival_utility_controller_v4_efficient__k1_2_4_8_16,survival_utility_controller_v4_efficient__k1_2_4_8_16,survival_utility_controller_v4_efficient,k1_2_4_8_16
slow_only,ngram_sd,conversational_generation_gen_cap50,50,270.8971109688371,184.81473953645985,2.399980702400208,2.770367980003357,512.0,results/apexp_block/config_large_500/evaluation/paper_cap50/apex_hot_runs/survival_utility_controller_v4_efficient__k1_2_4_8_16,survival_utility_controller_v4_efficient__k1_2_4_8_16,survival_utility_controller_v4_efficient,k1_2_4_8_16
slow_only,ngram_sd,conversational_generation_sft_cap50,50,235.79436149502175,190.32963848432425,2.4698712682724,2.690083146095276,512.0,results/apexp_block/config_large_500/evaluation/paper_cap50/apex_hot_runs/survival_utility_controller_v4_efficient__k1_2_4_8_16,survival_utility_controller_v4_efficient__k1_2_4_8_16,survival_utility_controller_v4_efficient,k1_2_4_8_16
slow_only,ngram_sd,hardware_gen,44,364.63262071215047,254.54997831415903,1.8625905513763428,2.0119956731796265,511.34090909090907,results/apexp_block/config_large_500/evaluation/paper_cap50/apex_hot_runs/survival_utility_controller_v4_efficient__k1_2_4_8_16,survival_utility_controller_v4_efficient__k1_2_4_8_16,survival_utility_controller_v4_efficient,k1_2_4_8_16
slow_only,ngram_sd,long_chain_reasoning,50,493.9137768595158,236.380374088822,3.6531797885894775,4.333335518836975,1024.0,results/apexp_block/config_large_500/evaluation/paper_cap50/apex_hot_runs/survival_utility_controller_v4_efficient__k1_2_4_8_16,survival_utility_controller_v4_efficient__k1_2_4_8_16,survival_utility_controller_v4_efficient,k1_2_4_8_16
slow_only,ngram_sd,long_context_completion,50,798.1009209074241,509.1537565441892,3.47546172618866,2.9681636095047,1829.92,results/apexp_block/config_large_500/evaluation/paper_cap50/apex_hot_runs/survival_utility_controller_v4_efficient__k1_2_4_8_16,survival_utility_controller_v4_efficient__k1_2_4_8_16,survival_utility_controller_v4_efficient,k1_2_4_8_16
slow_only,ngram_sd,long_horizon_swe,50,551.2163905146931,374.2058793240165,3.02871612071991,2.736562967300415,1024.0,results/apexp_block/config_large_500/evaluation/paper_cap50/apex_hot_runs/survival_utility_controller_v4_efficient__k1_2_4_8_16,survival_utility_controller_v4_efficient__k1_2_4_8_16,survival_utility_controller_v4_efficient,k1_2_4_8_16
slow_only,ngram_sd,mathematical_reasoning,50,235.89206345559955,222.0462997273132,2.25784245967865,2.3061037063598637,510.84,results/apexp_block/config_large_500/evaluation/paper_cap50/apex_hot_runs/survival_utility_controller_v4_efficient__k1_2_4_8_16,survival_utility_controller_v4_efficient__k1_2_4_8_16,survival_utility_controller_v4_efficient,k1_2_4_8_16
slow_fast,eagle3,code_gen,26,25.33887576286623,24.832396189498724,20.544238063005302,20.621488571166992,512.0,results/apexp_block/config_large_500/evaluation/paper_cap50/apex_hot_runs/survival_utility_controller_v4_efficient__k1_to_16,survival_utility_controller_v4_efficient__k1_to_16,survival_utility_controller_v4_efficient,k1_to_16
slow_fast,eagle3,hardware_gen,6,26.11077723578256,27.16993903375175,19.800970315933228,18.846621870994568,512.0,results/apexp_block/config_large_500/evaluation/paper_cap50/apex_hot_runs/survival_utility_controller_v4_efficient__k1_to_16,survival_utility_controller_v4_efficient__k1_to_16,survival_utility_controller_v4_efficient,k1_to_16
slow_fast,ngram_sd,code_gen,24,48.67417568845807,43.61999320414847,13.546750883261362,11.739239811897278,512.0,results/apexp_block/config_large_500/evaluation/paper_cap50/apex_hot_runs/survival_utility_controller_v4_efficient__k1_to_16,survival_utility_controller_v4_efficient__k1_to_16,survival_utility_controller_v4_efficient,k1_to_16
slow_fast,ngram_sd,conversational_generation_gen_cap50,50,45.30941617857148,31.468734160123613,14.062379078865051,16.2710622549057,512.0,results/apexp_block/config_large_500/evaluation/paper_cap50/apex_hot_runs/survival_utility_controller_v4_efficient__k1_to_16,survival_utility_controller_v4_efficient__k1_to_16,survival_utility_controller_v4_efficient,k1_to_16
slow_fast,ngram_sd,conversational_generation_sft_cap50,50,39.65983503466296,32.57513672384373,14.465628814697263,15.717508912086489,512.0,results/apexp_block/config_large_500/evaluation/paper_cap50/apex_hot_runs/survival_utility_controller_v4_efficient__k1_to_16,survival_utility_controller_v4_efficient__k1_to_16,survival_utility_controller_v4_efficient,k1_to_16
slow_fast,ngram_sd,hardware_gen,44,59.63907404402891,41.34070356288733,11.210481508211656,12.3849276304245,511.34090909090907,results/apexp_block/config_large_500/evaluation/paper_cap50/apex_hot_runs/survival_utility_controller_v4_efficient__k1_to_16,survival_utility_controller_v4_efficient__k1_to_16,survival_utility_controller_v4_efficient,k1_to_16
slow_fast,ngram_sd,long_chain_reasoning,50,80.66375323397754,40.763222828784166,21.3535932970047,25.12328255176544,1024.0,results/apexp_block/config_large_500/evaluation/paper_cap50/apex_hot_runs/survival_utility_controller_v4_efficient__k1_to_16,survival_utility_controller_v4_efficient__k1_to_16,survival_utility_controller_v4_efficient,k1_to_16
slow_fast,ngram_sd,long_context_completion,50,123.71840739861688,80.85867319829627,22.005333375930785,19.90613579750061,1829.92,results/apexp_block/config_large_500/evaluation/paper_cap50/apex_hot_runs/survival_utility_controller_v4_efficient__k1_to_16,survival_utility_controller_v4_efficient__k1_to_16,survival_utility_controller_v4_efficient,k1_to_16
slow_fast,ngram_sd,long_horizon_swe,50,89.93381917414511,66.29650763994378,16.951299052238465,15.482032299041748,1024.0,results/apexp_block/config_large_500/evaluation/paper_cap50/apex_hot_runs/survival_utility_controller_v4_efficient__k1_to_16,survival_utility_controller_v4_efficient__k1_to_16,survival_utility_controller_v4_efficient,k1_to_16
slow_fast,ngram_sd,mathematical_reasoning,50,36.07315567693089,33.45155865482369,14.847935309410095,15.305837154388428,510.84,results/apexp_block/config_large_500/evaluation/paper_cap50/apex_hot_runs/survival_utility_controller_v4_efficient__k1_to_16,survival_utility_controller_v4_efficient__k1_to_16,survival_utility_controller_v4_efficient,k1_to_16
slow_only,eagle3,code_gen,26,70.44889470082252,73.72530192987614,7.383092889418969,6.944699883460999,512.0,results/apexp_block/config_large_500/evaluation/paper_cap50/apex_hot_runs/survival_utility_controller_v4_efficient__k1_to_16,survival_utility_controller_v4_efficient__k1_to_16,survival_utility_controller_v4_efficient,k1_to_16
slow_only,eagle3,hardware_gen,6,63.1715465217225,59.17362634605604,8.216132322947184,8.653958082199097,512.0,results/apexp_block/config_large_500/evaluation/paper_cap50/apex_hot_runs/survival_utility_controller_v4_efficient__k1_to_16,survival_utility_controller_v4_efficient__k1_to_16,survival_utility_controller_v4_efficient,k1_to_16
slow_only,ngram_sd,code_gen,24,398.063769520663,347.97672570934697,1.9666816294193268,1.471372127532959,512.0,results/apexp_block/config_large_500/evaluation/paper_cap50/apex_hot_runs/survival_utility_controller_v4_efficient__k1_to_16,survival_utility_controller_v4_efficient__k1_to_16,survival_utility_controller_v4_efficient,k1_to_16
slow_only,ngram_sd,conversational_generation_gen_cap50,50,270.37244991341976,183.8389174112393,2.41547833442688,2.785050868988037,512.0,results/apexp_block/config_large_500/evaluation/paper_cap50/apex_hot_runs/survival_utility_controller_v4_efficient__k1_to_16,survival_utility_controller_v4_efficient__k1_to_16,survival_utility_controller_v4_efficient,k1_to_16
slow_only,ngram_sd,conversational_generation_sft_cap50,50,233.84523789277105,188.83334580681623,2.49469455242157,2.711391568183899,512.0,results/apexp_block/config_large_500/evaluation/paper_cap50/apex_hot_runs/survival_utility_controller_v4_efficient__k1_to_16,survival_utility_controller_v4_efficient__k1_to_16,survival_utility_controller_v4_efficient,k1_to_16
slow_only,ngram_sd,hardware_gen,44,362.0342572678475,253.3208417751484,1.8747753609310496,2.021640419960022,511.34090909090907,results/apexp_block/config_large_500/evaluation/paper_cap50/apex_hot_runs/survival_utility_controller_v4_efficient__k1_to_16,survival_utility_controller_v4_efficient__k1_to_16,survival_utility_controller_v4_efficient,k1_to_16
slow_only,ngram_sd,long_chain_reasoning,50,493.9825271463204,235.0467681271576,3.6748921871185294,4.357545733451843,1024.0,results/apexp_block/config_large_500/evaluation/paper_cap50/apex_hot_runs/survival_utility_controller_v4_efficient__k1_to_16,survival_utility_controller_v4_efficient__k1_to_16,survival_utility_controller_v4_efficient,k1_to_16
slow_only,ngram_sd,long_context_completion,50,796.9443131600408,507.812126812946,3.4991036367416384,3.0491886138916016,1829.92,results/apexp_block/config_large_500/evaluation/paper_cap50/apex_hot_runs/survival_utility_controller_v4_efficient__k1_to_16,survival_utility_controller_v4_efficient__k1_to_16,survival_utility_controller_v4_efficient,k1_to_16
slow_only,ngram_sd,long_horizon_swe,50,548.5934379573255,373.3483251060952,3.029247999191284,2.7429120540618896,1024.0,results/apexp_block/config_large_500/evaluation/paper_cap50/apex_hot_runs/survival_utility_controller_v4_efficient__k1_to_16,survival_utility_controller_v4_efficient__k1_to_16,survival_utility_controller_v4_efficient,k1_to_16
slow_only,ngram_sd,mathematical_reasoning,50,234.2615984128739,220.35304311238264,2.2741318702697755,2.3235623836517334,510.84,results/apexp_block/config_large_500/evaluation/paper_cap50/apex_hot_runs/survival_utility_controller_v4_efficient__k1_to_16,survival_utility_controller_v4_efficient__k1_to_16,survival_utility_controller_v4_efficient,k1_to_16
slow_fast,eagle3,code_gen,26,27.8861081515663,28.36522349295314,18.58411871469938,18.0504652261734,512.0,results/apexp_block/config_large_500/evaluation/paper_cap50/apex_hot_runs/survival_utility_controller_v4_efficient__k2_4_6_8,survival_utility_controller_v4_efficient__k2_4_6_8,survival_utility_controller_v4_efficient,k2_4_6_8
slow_fast,eagle3,hardware_gen,6,23.01749082854072,22.71939386409592,22.313968539237976,22.554693341255188,512.0,results/apexp_block/config_large_500/evaluation/paper_cap50/apex_hot_runs/survival_utility_controller_v4_efficient__k2_4_6_8,survival_utility_controller_v4_efficient__k2_4_6_8,survival_utility_controller_v4_efficient,k2_4_6_8
slow_fast,ngram_sd,code_gen,24,51.25669053393702,51.426627658414105,11.856666604677836,9.956477642059326,512.0,results/apexp_block/config_large_500/evaluation/paper_cap50/apex_hot_runs/survival_utility_controller_v4_efficient__k2_4_6_8,survival_utility_controller_v4_efficient__k2_4_6_8,survival_utility_controller_v4_efficient,k2_4_6_8
slow_fast,ngram_sd,conversational_generation_gen_cap50,50,44.68838299400512,34.44627833840018,13.220402688980103,14.864627480506895,512.0,results/apexp_block/config_large_500/evaluation/paper_cap50/apex_hot_runs/survival_utility_controller_v4_efficient__k2_4_6_8,survival_utility_controller_v4_efficient__k2_4_6_8,survival_utility_controller_v4_efficient,k2_4_6_8
slow_fast,ngram_sd,conversational_generation_sft_cap50,50,40.66869222177074,34.664482092988266,13.696557941436769,14.770272254943848,512.0,results/apexp_block/config_large_500/evaluation/paper_cap50/apex_hot_runs/survival_utility_controller_v4_efficient__k2_4_6_8,survival_utility_controller_v4_efficient__k2_4_6_8,survival_utility_controller_v4_efficient,k2_4_6_8
slow_fast,ngram_sd,hardware_gen,44,55.24713048019367,43.61670046111304,10.802203053777868,11.738976001739502,511.34090909090907,results/apexp_block/config_large_500/evaluation/paper_cap50/apex_hot_runs/survival_utility_controller_v4_efficient__k2_4_6_8,survival_utility_controller_v4_efficient__k2_4_6_8,survival_utility_controller_v4_efficient,k2_4_6_8
slow_fast,ngram_sd,long_chain_reasoning,50,65.86911981829935,44.13066637311822,20.40700710773468,23.20512080192566,1024.0,results/apexp_block/config_large_500/evaluation/paper_cap50/apex_hot_runs/survival_utility_controller_v4_efficient__k2_4_6_8,survival_utility_controller_v4_efficient__k2_4_6_8,survival_utility_controller_v4_efficient,k2_4_6_8
slow_fast,ngram_sd,long_context_completion,50,90.08516300508684,75.4625092464521,23.77008331298828,23.14696264266968,1829.92,results/apexp_block/config_large_500/evaluation/paper_cap50/apex_hot_runs/survival_utility_controller_v4_efficient__k2_4_6_8,survival_utility_controller_v4_efficient__k2_4_6_8,survival_utility_controller_v4_efficient,k2_4_6_8
slow_fast,ngram_sd,long_horizon_swe,50,74.04621109453592,63.70895911467021,17.00078070640564,16.075079441070557,1024.0,results/apexp_block/config_large_500/evaluation/paper_cap50/apex_hot_runs/survival_utility_controller_v4_efficient__k2_4_6_8,survival_utility_controller_v4_efficient__k2_4_6_8,survival_utility_controller_v4_efficient,k2_4_6_8
slow_fast,ngram_sd,mathematical_reasoning,50,38.86201434910648,36.417852858496886,13.600118017196657,14.038471698760986,510.84,results/apexp_block/config_large_500/evaluation/paper_cap50/apex_hot_runs/survival_utility_controller_v4_efficient__k2_4_6_8,survival_utility_controller_v4_efficient__k2_4_6_8,survival_utility_controller_v4_efficient,k2_4_6_8
slow_only,eagle3,code_gen,26,71.69695449303431,74.64851186585634,7.246814168416536,6.858818888664246,512.0,results/apexp_block/config_large_500/evaluation/paper_cap50/apex_hot_runs/survival_utility_controller_v4_efficient__k2_4_6_8,survival_utility_controller_v4_efficient__k2_4_6_8,survival_utility_controller_v4_efficient,k2_4_6_8
slow_only,eagle3,hardware_gen,6,64.22423729411435,60.484407085927,8.079915722211203,8.467893958091736,512.0,results/apexp_block/config_large_500/evaluation/paper_cap50/apex_hot_runs/survival_utility_controller_v4_efficient__k2_4_6_8,survival_utility_controller_v4_efficient__k2_4_6_8,survival_utility_controller_v4_efficient,k2_4_6_8
slow_only,ngram_sd,code_gen,24,400.2380931887488,362.66433373939367,1.966579874356588,1.4117751121520996,512.0,results/apexp_block/config_large_500/evaluation/paper_cap50/apex_hot_runs/survival_utility_controller_v4_efficient__k2_4_6_8,survival_utility_controller_v4_efficient__k2_4_6_8,survival_utility_controller_v4_efficient,k2_4_6_8
slow_only,ngram_sd,conversational_generation_gen_cap50,50,269.8023040799331,184.45169056963528,2.4138788270950315,2.77580201625824,512.0,results/apexp_block/config_large_500/evaluation/paper_cap50/apex_hot_runs/survival_utility_controller_v4_efficient__k2_4_6_8,survival_utility_controller_v4_efficient__k2_4_6_8,survival_utility_controller_v4_efficient,k2_4_6_8
slow_only,ngram_sd,conversational_generation_sft_cap50,50,232.6567765229209,187.32375482316343,2.498060555458069,2.733239531517029,512.0,results/apexp_block/config_large_500/evaluation/paper_cap50/apex_hot_runs/survival_utility_controller_v4_efficient__k2_4_6_8,survival_utility_controller_v4_efficient__k2_4_6_8,survival_utility_controller_v4_efficient,k2_4_6_8
slow_only,ngram_sd,hardware_gen,44,361.550696205636,252.58016336939036,1.8771159757267344,2.02738881111145,511.34090909090907,results/apexp_block/config_large_500/evaluation/paper_cap50/apex_hot_runs/survival_utility_controller_v4_efficient__k2_4_6_8,survival_utility_controller_v4_efficient__k2_4_6_8,survival_utility_controller_v4_efficient,k2_4_6_8
slow_only,ngram_sd,long_chain_reasoning,50,497.5716457098952,233.4172457103852,3.633449058532715,4.387388229370117,1024.0,results/apexp_block/config_large_500/evaluation/paper_cap50/apex_hot_runs/survival_utility_controller_v4_efficient__k2_4_6_8,survival_utility_controller_v4_efficient__k2_4_6_8,survival_utility_controller_v4_efficient,k2_4_6_8
slow_only,ngram_sd,long_context_completion,50,808.6862188858063,510.36754741559184,3.4575377702713013,2.942324995994568,1829.92,results/apexp_block/config_large_500/evaluation/paper_cap50/apex_hot_runs/survival_utility_controller_v4_efficient__k2_4_6_8,survival_utility_controller_v4_efficient__k2_4_6_8,survival_utility_controller_v4_efficient,k2_4_6_8
slow_only,ngram_sd,long_horizon_swe,50,557.8138712924009,382.8452405131668,2.9886057424545287,2.675100564956665,1024.0,results/apexp_block/config_large_500/evaluation/paper_cap50/apex_hot_runs/survival_utility_controller_v4_efficient__k2_4_6_8,survival_utility_controller_v4_efficient__k2_4_6_8,survival_utility_controller_v4_efficient,k2_4_6_8
slow_only,ngram_sd,mathematical_reasoning,50,236.0150308524504,223.5333379594564,2.25516685962677,2.29053807258606,510.84,results/apexp_block/config_large_500/evaluation/paper_cap50/apex_hot_runs/survival_utility_controller_v4_efficient__k2_4_6_8,survival_utility_controller_v4_efficient__k2_4_6_8,survival_utility_controller_v4_efficient,k2_4_6_8
slow_fast,eagle3,code_gen,26,28.40246447799413,28.116411294241008,18.128354145930363,18.210023641586304,512.0,results/apexp_block/config_large_500/evaluation/paper_cap50/apex_hot_runs/survival_utility_controller_v4_speed_first__k1_2_4_6_8_10_12_14_16,survival_utility_controller_v4_speed_first__k1_2_4_6_8_10_12_14_16,survival_utility_controller_v4_speed_first,k1_2_4_6_8_10_12_14_16
slow_fast,eagle3,hardware_gen,6,25.2232136957606,25.081295507640032,20.3084374666214,20.414148688316345,512.0,results/apexp_block/config_large_500/evaluation/paper_cap50/apex_hot_runs/survival_utility_controller_v4_speed_first__k1_2_4_6_8_10_12_14_16,survival_utility_controller_v4_speed_first__k1_2_4_6_8_10_12_14_16,survival_utility_controller_v4_speed_first,k1_2_4_6_8_10_12_14_16
slow_fast,ngram_sd,code_gen,24,55.64729705257528,51.72797346655808,12.340637922286987,9.898300528526306,512.0,results/apexp_block/config_large_500/evaluation/paper_cap50/apex_hot_runs/survival_utility_controller_v4_speed_first__k1_2_4_6_8_10_12_14_16,survival_utility_controller_v4_speed_first__k1_2_4_6_8_10_12_14_16,survival_utility_controller_v4_speed_first,k1_2_4_6_8_10_12_14_16
slow_fast,ngram_sd,conversational_generation_gen_cap50,50,45.16021229374535,29.75433709326176,14.601345100402831,17.21223556995392,512.0,results/apexp_block/config_large_500/evaluation/paper_cap50/apex_hot_runs/survival_utility_controller_v4_speed_first__k1_2_4_6_8_10_12_14_16,survival_utility_controller_v4_speed_first__k1_2_4_6_8_10_12_14_16,survival_utility_controller_v4_speed_first,k1_2_4_6_8_10_12_14_16
slow_fast,ngram_sd,conversational_generation_sft_cap50,50,38.07296220942848,30.643693224250725,15.317908530235291,16.708311796188354,512.0,results/apexp_block/config_large_500/evaluation/paper_cap50/apex_hot_runs/survival_utility_controller_v4_speed_first__k1_2_4_6_8_10_12_14_16,survival_utility_controller_v4_speed_first__k1_2_4_6_8_10_12_14_16,survival_utility_controller_v4_speed_first,k1_2_4_6_8_10_12_14_16
slow_fast,ngram_sd,hardware_gen,44,57.66242899995344,39.87831670624519,11.78038096969778,12.839190602302551,511.34090909090907,results/apexp_block/config_large_500/evaluation/paper_cap50/apex_hot_runs/survival_utility_controller_v4_speed_first__k1_2_4_6_8_10_12_14_16,survival_utility_controller_v4_speed_first__k1_2_4_6_8_10_12_14_16,survival_utility_controller_v4_speed_first,k1_2_4_6_8_10_12_14_16
slow_fast,ngram_sd,long_chain_reasoning,50,76.28391975262582,40.97194743123362,22.13344220161438,24.994030952453613,1024.0,results/apexp_block/config_large_500/evaluation/paper_cap50/apex_hot_runs/survival_utility_controller_v4_speed_first__k1_2_4_6_8_10_12_14_16,survival_utility_controller_v4_speed_first__k1_2_4_6_8_10_12_14_16,survival_utility_controller_v4_speed_first,k1_2_4_6_8_10_12_14_16
slow_fast,ngram_sd,long_context_completion,50,119.75387334657978,80.75041667495427,21.872310605049133,19.702449321746823,1829.92,results/apexp_block/config_large_500/evaluation/paper_cap50/apex_hot_runs/survival_utility_controller_v4_speed_first__k1_2_4_6_8_10_12_14_16,survival_utility_controller_v4_speed_first__k1_2_4_6_8_10_12_14_16,survival_utility_controller_v4_speed_first,k1_2_4_6_8_10_12_14_16
slow_fast,ngram_sd,long_horizon_swe,50,87.37900887656102,63.46549228558662,17.555537614822388,16.14647662639618,1024.0,results/apexp_block/config_large_500/evaluation/paper_cap50/apex_hot_runs/survival_utility_controller_v4_speed_first__k1_2_4_6_8_10_12_14_16,survival_utility_controller_v4_speed_first__k1_2_4_6_8_10_12_14_16,survival_utility_controller_v4_speed_first,k1_2_4_6_8_10_12_14_16
slow_fast,ngram_sd,mathematical_reasoning,50,37.23778106115216,33.79093966770446,14.510429434776306,14.892553567886353,510.84,results/apexp_block/config_large_500/evaluation/paper_cap50/apex_hot_runs/survival_utility_controller_v4_speed_first__k1_2_4_6_8_10_12_14_16,survival_utility_controller_v4_speed_first__k1_2_4_6_8_10_12_14_16,survival_utility_controller_v4_speed_first,k1_2_4_6_8_10_12_14_16
slow_only,eagle3,code_gen,26,69.90515679179956,72.51636798944423,7.417814373970032,7.060475707054138,512.0,results/apexp_block/config_large_500/evaluation/paper_cap50/apex_hot_runs/survival_utility_controller_v4_speed_first__k1_2_4_6_8_10_12_14_16,survival_utility_controller_v4_speed_first__k1_2_4_6_8_10_12_14_16,survival_utility_controller_v4_speed_first,k1_2_4_6_8_10_12_14_16
slow_only,eagle3,hardware_gen,6,62.82018383332247,58.33622582399289,8.292821645736694,8.77803647518158,512.0,results/apexp_block/config_large_500/evaluation/paper_cap50/apex_hot_runs/survival_utility_controller_v4_speed_first__k1_2_4_6_8_10_12_14_16,survival_utility_controller_v4_speed_first__k1_2_4_6_8_10_12_14_16,survival_utility_controller_v4_speed_first,k1_2_4_6_8_10_12_14_16
slow_only,ngram_sd,code_gen,24,407.3663715864204,360.3751174092363,1.954990377028783,1.421281814575195,512.0,results/apexp_block/config_large_500/evaluation/paper_cap50/apex_hot_runs/survival_utility_controller_v4_speed_first__k1_2_4_6_8_10_12_14_16,survival_utility_controller_v4_speed_first__k1_2_4_6_8_10_12_14_16,survival_utility_controller_v4_speed_first,k1_2_4_6_8_10_12_14_16
slow_only,ngram_sd,conversational_generation_gen_cap50,50,272.29740352387614,184.2751334571032,2.3943161964416504,2.7786691188812256,512.0,results/apexp_block/config_large_500/evaluation/paper_cap50/apex_hot_runs/survival_utility_controller_v4_speed_first__k1_2_4_6_8_10_12_14_16,survival_utility_controller_v4_speed_first__k1_2_4_6_8_10_12_14_16,survival_utility_controller_v4_speed_first,k1_2_4_6_8_10_12_14_16
slow_only,ngram_sd,conversational_generation_sft_cap50,50,236.6488159355077,190.08224611312696,2.452201557159424,2.693571448326111,512.0,results/apexp_block/config_large_500/evaluation/paper_cap50/apex_hot_runs/survival_utility_controller_v4_speed_first__k1_2_4_6_8_10_12_14_16,survival_utility_controller_v4_speed_first__k1_2_4_6_8_10_12_14_16,survival_utility_controller_v4_speed_first,k1_2_4_6_8_10_12_14_16
slow_only,ngram_sd,hardware_gen,44,365.38623695823406,255.5255616841341,1.865462140603499,2.0041775703430176,511.34090909090907,results/apexp_block/config_large_500/evaluation/paper_cap50/apex_hot_runs/survival_utility_controller_v4_speed_first__k1_2_4_6_8_10_12_14_16,survival_utility_controller_v4_speed_first__k1_2_4_6_8_10_12_14_16,survival_utility_controller_v4_speed_first,k1_2_4_6_8_10_12_14_16
slow_only,ngram_sd,long_chain_reasoning,50,498.7782076156669,234.2585300247869,3.632613201141357,4.371718883514404,1024.0,results/apexp_block/config_large_500/evaluation/paper_cap50/apex_hot_runs/survival_utility_controller_v4_speed_first__k1_2_4_6_8_10_12_14_16,survival_utility_controller_v4_speed_first__k1_2_4_6_8_10_12_14_16,survival_utility_controller_v4_speed_first,k1_2_4_6_8_10_12_14_16
slow_only,ngram_sd,long_context_completion,50,810.8432270586331,516.2511307756181,3.452715525627136,2.9275084733963013,1829.92,results/apexp_block/config_large_500/evaluation/paper_cap50/apex_hot_runs/survival_utility_controller_v4_speed_first__k1_2_4_6_8_10_12_14_16,survival_utility_controller_v4_speed_first__k1_2_4_6_8_10_12_14_16,survival_utility_controller_v4_speed_first,k1_2_4_6_8_10_12_14_16
slow_only,ngram_sd,long_horizon_swe,50,567.2241908558601,383.4790273062784,2.9541361713409424,2.670415043830872,1024.0,results/apexp_block/config_large_500/evaluation/paper_cap50/apex_hot_runs/survival_utility_controller_v4_speed_first__k1_2_4_6_8_10_12_14_16,survival_utility_controller_v4_speed_first__k1_2_4_6_8_10_12_14_16,survival_utility_controller_v4_speed_first,k1_2_4_6_8_10_12_14_16
slow_only,ngram_sd,mathematical_reasoning,50,233.30832323236007,221.6088908897761,2.283836164474488,2.3103768825531006,510.84,results/apexp_block/config_large_500/evaluation/paper_cap50/apex_hot_runs/survival_utility_controller_v4_speed_first__k1_2_4_6_8_10_12_14_16,survival_utility_controller_v4_speed_first__k1_2_4_6_8_10_12_14_16,survival_utility_controller_v4_speed_first,k1_2_4_6_8_10_12_14_16
slow_fast,eagle3,code_gen,26,25.76693291104857,24.066598858926938,20.27762143428509,21.274337887763977,512.0,results/apexp_block/config_large_500/evaluation/paper_cap50/apex_hot_runs/survival_utility_controller_v4_speed_first__k1_2_4_8_16,survival_utility_controller_v4_speed_first__k1_2_4_8_16,survival_utility_controller_v4_speed_first,k1_2_4_8_16
slow_fast,eagle3,hardware_gen,6,21.72875055374396,22.16876237013065,23.629944403966267,23.098399758338928,512.0,results/apexp_block/config_large_500/evaluation/paper_cap50/apex_hot_runs/survival_utility_controller_v4_speed_first__k1_2_4_8_16,survival_utility_controller_v4_speed_first__k1_2_4_8_16,survival_utility_controller_v4_speed_first,k1_2_4_8_16
slow_fast,ngram_sd,code_gen,24,55.3962178759955,52.25621521058258,12.495487540960312,9.817057967185974,512.0,results/apexp_block/config_large_500/evaluation/paper_cap50/apex_hot_runs/survival_utility_controller_v4_speed_first__k1_2_4_8_16,survival_utility_controller_v4_speed_first__k1_2_4_8_16,survival_utility_controller_v4_speed_first,k1_2_4_8_16
slow_fast,ngram_sd,conversational_generation_gen_cap50,50,44.65896588205954,29.46227985966962,14.8092738199234,17.379303336143494,512.0,results/apexp_block/config_large_500/evaluation/paper_cap50/apex_hot_runs/survival_utility_controller_v4_speed_first__k1_2_4_8_16,survival_utility_controller_v4_speed_first__k1_2_4_8_16,survival_utility_controller_v4_speed_first,k1_2_4_8_16
slow_fast,ngram_sd,conversational_generation_sft_cap50,50,37.56336221748038,30.200793149227184,15.584489288330078,16.953635692596436,512.0,results/apexp_block/config_large_500/evaluation/paper_cap50/apex_hot_runs/survival_utility_controller_v4_speed_first__k1_2_4_8_16,survival_utility_controller_v4_speed_first__k1_2_4_8_16,survival_utility_controller_v4_speed_first,k1_2_4_8_16
slow_fast,ngram_sd,hardware_gen,44,55.69377261328345,39.07955928368483,12.16770816933025,13.101585507392883,511.34090909090907,results/apexp_block/config_large_500/evaluation/paper_cap50/apex_hot_runs/survival_utility_controller_v4_speed_first__k1_2_4_8_16,survival_utility_controller_v4_speed_first__k1_2_4_8_16,survival_utility_controller_v4_speed_first,k1_2_4_8_16
slow_fast,ngram_sd,long_chain_reasoning,50,77.4889219306629,40.14013961957113,22.15612849712372,25.51349449157715,1024.0,results/apexp_block/config_large_500/evaluation/paper_cap50/apex_hot_runs/survival_utility_controller_v4_speed_first__k1_2_4_8_16,survival_utility_controller_v4_speed_first__k1_2_4_8_16,survival_utility_controller_v4_speed_first,k1_2_4_8_16
slow_fast,ngram_sd,long_context_completion,50,123.06807594270845,84.02776776176081,21.561831550598143,18.23302447795868,1829.92,results/apexp_block/config_large_500/evaluation/paper_cap50/apex_hot_runs/survival_utility_controller_v4_speed_first__k1_2_4_8_16,survival_utility_controller_v4_speed_first__k1_2_4_8_16,survival_utility_controller_v4_speed_first,k1_2_4_8_16
slow_fast,ngram_sd,long_horizon_swe,50,86.90189869520299,61.6990202761064,17.773071603775023,16.59669864177704,1024.0,results/apexp_block/config_large_500/evaluation/paper_cap50/apex_hot_runs/survival_utility_controller_v4_speed_first__k1_2_4_8_16,survival_utility_controller_v4_speed_first__k1_2_4_8_16,survival_utility_controller_v4_speed_first,k1_2_4_8_16
slow_fast,ngram_sd,mathematical_reasoning,50,35.924322698010215,32.64716726911505,15.086133651733398,15.621436476707458,510.84,results/apexp_block/config_large_500/evaluation/paper_cap50/apex_hot_runs/survival_utility_controller_v4_speed_first__k1_2_4_8_16,survival_utility_controller_v4_speed_first__k1_2_4_8_16,survival_utility_controller_v4_speed_first,k1_2_4_8_16
slow_only,eagle3,code_gen,26,71.4687114067024,74.37321961552368,7.271271210450393,6.884206295013428,512.0,results/apexp_block/config_large_500/evaluation/paper_cap50/apex_hot_runs/survival_utility_controller_v4_speed_first__k1_2_4_8_16,survival_utility_controller_v4_speed_first__k1_2_4_8_16,survival_utility_controller_v4_speed_first,k1_2_4_8_16
slow_only,eagle3,hardware_gen,6,64.06419329824497,60.8791824179557,8.089844306310018,8.414435267448425,512.0,results/apexp_block/config_large_500/evaluation/paper_cap50/apex_hot_runs/survival_utility_controller_v4_speed_first__k1_2_4_8_16,survival_utility_controller_v4_speed_first__k1_2_4_8_16,survival_utility_controller_v4_speed_first,k1_2_4_8_16
slow_only,ngram_sd,code_gen,24,400.47639093030256,362.7274019522922,1.993010809024175,1.4124867916107178,512.0,results/apexp_block/config_large_500/evaluation/paper_cap50/apex_hot_runs/survival_utility_controller_v4_speed_first__k1_2_4_8_16,survival_utility_controller_v4_speed_first__k1_2_4_8_16,survival_utility_controller_v4_speed_first,k1_2_4_8_16
slow_only,ngram_sd,conversational_generation_gen_cap50,50,275.0608796273644,187.2141876732247,2.3768467807769778,2.7349445819854736,512.0,results/apexp_block/config_large_500/evaluation/paper_cap50/apex_hot_runs/survival_utility_controller_v4_speed_first__k1_2_4_8_16,survival_utility_controller_v4_speed_first__k1_2_4_8_16,survival_utility_controller_v4_speed_first,k1_2_4_8_16
slow_only,ngram_sd,conversational_generation_sft_cap50,50,240.2036398645327,191.9916221406122,2.4303229236602784,2.6667840480804443,512.0,results/apexp_block/config_large_500/evaluation/paper_cap50/apex_hot_runs/survival_utility_controller_v4_speed_first__k1_2_4_8_16,survival_utility_controller_v4_speed_first__k1_2_4_8_16,survival_utility_controller_v4_speed_first,k1_2_4_8_16
slow_only,ngram_sd,hardware_gen,44,367.2994677280109,255.4117006999816,1.852381093935533,2.00557017326355,511.34090909090907,results/apexp_block/config_large_500/evaluation/paper_cap50/apex_hot_runs/survival_utility_controller_v4_speed_first__k1_2_4_8_16,survival_utility_controller_v4_speed_first__k1_2_4_8_16,survival_utility_controller_v4_speed_first,k1_2_4_8_16
slow_only,ngram_sd,long_chain_reasoning,50,502.4088060597498,240.42663614512767,3.602279543876648,4.259768486022949,1024.0,results/apexp_block/config_large_500/evaluation/paper_cap50/apex_hot_runs/survival_utility_controller_v4_speed_first__k1_2_4_8_16,survival_utility_controller_v4_speed_first__k1_2_4_8_16,survival_utility_controller_v4_speed_first,k1_2_4_8_16
slow_only,ngram_sd,long_context_completion,50,819.9950310703591,522.8088620519213,3.418987984657288,2.882325291633606,1829.92,results/apexp_block/config_large_500/evaluation/paper_cap50/apex_hot_runs/survival_utility_controller_v4_speed_first__k1_2_4_8_16,survival_utility_controller_v4_speed_first__k1_2_4_8_16,survival_utility_controller_v4_speed_first,k1_2_4_8_16
slow_only,ngram_sd,long_horizon_swe,50,560.9968710524522,388.16363852467714,2.9760342693328856,2.6383132934570312,1024.0,results/apexp_block/config_large_500/evaluation/paper_cap50/apex_hot_runs/survival_utility_controller_v4_speed_first__k1_2_4_8_16,survival_utility_controller_v4_speed_first__k1_2_4_8_16,survival_utility_controller_v4_speed_first,k1_2_4_8_16
slow_only,ngram_sd,mathematical_reasoning,50,234.0532275664993,222.54880788721505,2.2742136001586912,2.30061936378479,510.84,results/apexp_block/config_large_500/evaluation/paper_cap50/apex_hot_runs/survival_utility_controller_v4_speed_first__k1_2_4_8_16,survival_utility_controller_v4_speed_first__k1_2_4_8_16,survival_utility_controller_v4_speed_first,k1_2_4_8_16
slow_fast,eagle3,code_gen,26,24.586475903874508,24.844639475093857,21.215425243744484,20.60818421840668,512.0,results/apexp_block/config_large_500/evaluation/paper_cap50/apex_hot_runs/survival_utility_controller_v4_speed_first__k1_to_16,survival_utility_controller_v4_speed_first__k1_to_16,survival_utility_controller_v4_speed_first,k1_to_16
slow_fast,eagle3,hardware_gen,6,23.653956351883878,23.63313508383816,21.987092693646748,21.819480895996094,512.0,results/apexp_block/config_large_500/evaluation/paper_cap50/apex_hot_runs/survival_utility_controller_v4_speed_first__k1_to_16,survival_utility_controller_v4_speed_first__k1_to_16,survival_utility_controller_v4_speed_first,k1_to_16
slow_fast,ngram_sd,code_gen,24,53.925075064718186,49.57671337196507,12.744012117385864,10.333115935325624,512.0,results/apexp_block/config_large_500/evaluation/paper_cap50/apex_hot_runs/survival_utility_controller_v4_speed_first__k1_to_16,survival_utility_controller_v4_speed_first__k1_to_16,survival_utility_controller_v4_speed_first,k1_to_16
slow_fast,ngram_sd,conversational_generation_gen_cap50,50,43.61063727404806,29.27444311680255,15.068121876716614,17.489665865898132,512.0,results/apexp_block/config_large_500/evaluation/paper_cap50/apex_hot_runs/survival_utility_controller_v4_speed_first__k1_to_16,survival_utility_controller_v4_speed_first__k1_to_16,survival_utility_controller_v4_speed_first,k1_to_16
slow_fast,ngram_sd,conversational_generation_sft_cap50,50,37.2589635302846,29.907325770870457,15.613824391365052,17.1197350025177,512.0,results/apexp_block/config_large_500/evaluation/paper_cap50/apex_hot_runs/survival_utility_controller_v4_speed_first__k1_to_16,survival_utility_controller_v4_speed_first__k1_to_16,survival_utility_controller_v4_speed_first,k1_to_16
slow_fast,ngram_sd,hardware_gen,44,55.09719020363402,38.668992951428734,12.081473865292288,13.242265224456789,511.34090909090907,results/apexp_block/config_large_500/evaluation/paper_cap50/apex_hot_runs/survival_utility_controller_v4_speed_first__k1_to_16,survival_utility_controller_v4_speed_first__k1_to_16,survival_utility_controller_v4_speed_first,k1_to_16
slow_fast,ngram_sd,long_chain_reasoning,50,74.66328498134773,39.8577189242457,22.465848627090452,25.717894792556763,1024.0,results/apexp_block/config_large_500/evaluation/paper_cap50/apex_hot_runs/survival_utility_controller_v4_speed_first__k1_to_16,survival_utility_controller_v4_speed_first__k1_to_16,survival_utility_controller_v4_speed_first,k1_to_16
slow_fast,ngram_sd,long_context_completion,50,117.08605191607936,77.6962981164898,22.49512947559357,20.5296368598938,1829.92,results/apexp_block/config_large_500/evaluation/paper_cap50/apex_hot_runs/survival_utility_controller_v4_speed_first__k1_to_16,survival_utility_controller_v4_speed_first__k1_to_16,survival_utility_controller_v4_speed_first,k1_to_16
slow_fast,ngram_sd,long_horizon_swe,50,84.77295332198334,60.474709361195096,18.07084105014801,16.93676257133484,1024.0,results/apexp_block/config_large_500/evaluation/paper_cap50/apex_hot_runs/survival_utility_controller_v4_speed_first__k1_to_16,survival_utility_controller_v4_speed_first__k1_to_16,survival_utility_controller_v4_speed_first,k1_to_16
slow_fast,ngram_sd,mathematical_reasoning,50,35.92586894180154,32.63058497697982,15.114167051315308,15.620248556137083,510.84,results/apexp_block/config_large_500/evaluation/paper_cap50/apex_hot_runs/survival_utility_controller_v4_speed_first__k1_to_16,survival_utility_controller_v4_speed_first__k1_to_16,survival_utility_controller_v4_speed_first,k1_to_16
slow_only,eagle3,code_gen,26,71.56441886847837,75.24361548704528,7.251952152985793,6.805191397666931,512.0,results/apexp_block/config_large_500/evaluation/paper_cap50/apex_hot_runs/survival_utility_controller_v4_speed_first__k1_to_16,survival_utility_controller_v4_speed_first__k1_to_16,survival_utility_controller_v4_speed_first,k1_to_16
slow_only,eagle3,hardware_gen,6,65.06355493096571,61.87795596681134,7.96806538105011,8.275879621505737,512.0,results/apexp_block/config_large_500/evaluation/paper_cap50/apex_hot_runs/survival_utility_controller_v4_speed_first__k1_to_16,survival_utility_controller_v4_speed_first__k1_to_16,survival_utility_controller_v4_speed_first,k1_to_16
slow_only,ngram_sd,code_gen,24,397.4697814229074,356.0857832336388,1.9831243058045704,1.4379061460494995,512.0,results/apexp_block/config_large_500/evaluation/paper_cap50/apex_hot_runs/survival_utility_controller_v4_speed_first__k1_to_16,survival_utility_controller_v4_speed_first__k1_to_16,survival_utility_controller_v4_speed_first,k1_to_16
slow_only,ngram_sd,conversational_generation_gen_cap50,50,269.46577625125764,184.0926937518466,2.423983035087585,2.7812083959579468,512.0,results/apexp_block/config_large_500/evaluation/paper_cap50/apex_hot_runs/survival_utility_controller_v4_speed_first__k1_to_16,survival_utility_controller_v4_speed_first__k1_to_16,survival_utility_controller_v4_speed_first,k1_to_16
slow_only,ngram_sd,conversational_generation_sft_cap50,50,235.62049357998563,188.14368232439887,2.473133997917176,2.721341371536255,512.0,results/apexp_block/config_large_500/evaluation/paper_cap50/apex_hot_runs/survival_utility_controller_v4_speed_first__k1_to_16,survival_utility_controller_v4_speed_first__k1_to_16,survival_utility_controller_v4_speed_first,k1_to_16
slow_only,ngram_sd,hardware_gen,44,364.0771434741641,252.64905512923517,1.8636369705200195,2.0267220735549927,511.34090909090907,results/apexp_block/config_large_500/evaluation/paper_cap50/apex_hot_runs/survival_utility_controller_v4_speed_first__k1_to_16,survival_utility_controller_v4_speed_first__k1_to_16,survival_utility_controller_v4_speed_first,k1_to_16
slow_only,ngram_sd,long_chain_reasoning,50,492.86664292859,235.97475002012783,3.662867426872253,4.34092116355896,1024.0,results/apexp_block/config_large_500/evaluation/paper_cap50/apex_hot_runs/survival_utility_controller_v4_speed_first__k1_to_16,survival_utility_controller_v4_speed_first__k1_to_16,survival_utility_controller_v4_speed_first,k1_to_16
slow_only,ngram_sd,long_context_completion,50,804.0747118056431,506.70902452353175,3.4708387804031373,2.968997001647949,1829.92,results/apexp_block/config_large_500/evaluation/paper_cap50/apex_hot_runs/survival_utility_controller_v4_speed_first__k1_to_16,survival_utility_controller_v4_speed_first__k1_to_16,survival_utility_controller_v4_speed_first,k1_to_16
slow_only,ngram_sd,long_horizon_swe,50,546.0760755250163,379.5816334666822,3.0343597030639646,2.698233485221863,1024.0,results/apexp_block/config_large_500/evaluation/paper_cap50/apex_hot_runs/survival_utility_controller_v4_speed_first__k1_to_16,survival_utility_controller_v4_speed_first__k1_to_16,survival_utility_controller_v4_speed_first,k1_to_16
slow_only,ngram_sd,mathematical_reasoning,50,233.9198647206132,220.84157243913404,2.274427227973938,2.31840443611145,510.84,results/apexp_block/config_large_500/evaluation/paper_cap50/apex_hot_runs/survival_utility_controller_v4_speed_first__k1_to_16,survival_utility_controller_v4_speed_first__k1_to_16,survival_utility_controller_v4_speed_first,k1_to_16
slow_fast,eagle3,code_gen,26,29.729181058910285,31.749145350404667,17.634996707622822,16.126803278923035,512.0,results/apexp_block/config_large_500/evaluation/paper_cap50/apex_hot_runs/survival_utility_controller_v4_speed_first__k2_4_6_8,survival_utility_controller_v4_speed_first__k2_4_6_8,survival_utility_controller_v4_speed_first,k2_4_6_8
slow_fast,eagle3,hardware_gen,6,28.91100421105782,28.48653166959925,17.78200884660085,17.975670337677002,512.0,results/apexp_block/config_large_500/evaluation/paper_cap50/apex_hot_runs/survival_utility_controller_v4_speed_first__k2_4_6_8,survival_utility_controller_v4_speed_first__k2_4_6_8,survival_utility_controller_v4_speed_first,k2_4_6_8
slow_fast,ngram_sd,code_gen,24,53.32345241853333,53.04814678117688,11.559185216824211,9.665834069252014,512.0,results/apexp_block/config_large_500/evaluation/paper_cap50/apex_hot_runs/survival_utility_controller_v4_speed_first__k2_4_6_8,survival_utility_controller_v4_speed_first__k2_4_6_8,survival_utility_controller_v4_speed_first,k2_4_6_8
slow_fast,ngram_sd,conversational_generation_gen_cap50,50,47.04543938619911,36.0435662267506,12.777160210609436,14.210827469825745,512.0,results/apexp_block/config_large_500/evaluation/paper_cap50/apex_hot_runs/survival_utility_controller_v4_speed_first__k2_4_6_8,survival_utility_controller_v4_speed_first__k2_4_6_8,survival_utility_controller_v4_speed_first,k2_4_6_8
slow_fast,ngram_sd,conversational_generation_sft_cap50,50,41.818212711107165,35.10441363684114,13.431842098236084,14.585105538368223,512.0,results/apexp_block/config_large_500/evaluation/paper_cap50/apex_hot_runs/survival_utility_controller_v4_speed_first__k2_4_6_8,survival_utility_controller_v4_speed_first__k2_4_6_8,survival_utility_controller_v4_speed_first,k2_4_6_8
slow_fast,ngram_sd,hardware_gen,44,55.4506130164433,44.33464863343602,10.82690475203774,11.548547506332396,511.34090909090907,results/apexp_block/config_large_500/evaluation/paper_cap50/apex_hot_runs/survival_utility_controller_v4_speed_first__k2_4_6_8,survival_utility_controller_v4_speed_first__k2_4_6_8,survival_utility_controller_v4_speed_first,k2_4_6_8
slow_fast,ngram_sd,long_chain_reasoning,50,66.87158613936535,44.87987511768527,19.96928403377533,22.81649279594421,1024.0,results/apexp_block/config_large_500/evaluation/paper_cap50/apex_hot_runs/survival_utility_controller_v4_speed_first__k2_4_6_8,survival_utility_controller_v4_speed_first__k2_4_6_8,survival_utility_controller_v4_speed_first,k2_4_6_8
slow_fast,ngram_sd,long_context_completion,50,91.6581712144845,80.64603506466102,23.27712763786316,22.445523738861084,1829.92,results/apexp_block/config_large_500/evaluation/paper_cap50/apex_hot_runs/survival_utility_controller_v4_speed_first__k2_4_6_8,survival_utility_controller_v4_speed_first__k2_4_6_8,survival_utility_controller_v4_speed_first,k2_4_6_8
slow_fast,ngram_sd,long_horizon_swe,50,74.07471275747825,65.70878783055548,17.1132781124115,15.58557939529419,1024.0,results/apexp_block/config_large_500/evaluation/paper_cap50/apex_hot_runs/survival_utility_controller_v4_speed_first__k2_4_6_8,survival_utility_controller_v4_speed_first__k2_4_6_8,survival_utility_controller_v4_speed_first,k2_4_6_8
slow_fast,ngram_sd,mathematical_reasoning,50,41.19971629899055,38.68195650824998,12.945349311828611,13.106430292129517,510.84,results/apexp_block/config_large_500/evaluation/paper_cap50/apex_hot_runs/survival_utility_controller_v4_speed_first__k2_4_6_8,survival_utility_controller_v4_speed_first__k2_4_6_8,survival_utility_controller_v4_speed_first,k2_4_6_8
slow_only,eagle3,code_gen,26,71.53972498054144,73.57924535424858,7.255639608089741,6.959281086921692,512.0,results/apexp_block/config_large_500/evaluation/paper_cap50/apex_hot_runs/survival_utility_controller_v4_speed_first__k2_4_6_8,survival_utility_controller_v4_speed_first__k2_4_6_8,survival_utility_controller_v4_speed_first,k2_4_6_8
slow_only,eagle3,hardware_gen,6,64.52872209150084,60.45447811743799,8.033690253893534,8.46932327747345,512.0,results/apexp_block/config_large_500/evaluation/paper_cap50/apex_hot_runs/survival_utility_controller_v4_speed_first__k2_4_6_8,survival_utility_controller_v4_speed_first__k2_4_6_8,survival_utility_controller_v4_speed_first,k2_4_6_8
slow_only,ngram_sd,code_gen,24,396.5312785933298,348.24544264343143,1.9784577985604603,1.4703189134597778,512.0,results/apexp_block/config_large_500/evaluation/paper_cap50/apex_hot_runs/survival_utility_controller_v4_speed_first__k2_4_6_8,survival_utility_controller_v4_speed_first__k2_4_6_8,survival_utility_controller_v4_speed_first,k2_4_6_8
slow_only,ngram_sd,conversational_generation_gen_cap50,50,272.9625258878114,185.2237835158807,2.3865755462646483,2.7642239332199097,512.0,results/apexp_block/config_large_500/evaluation/paper_cap50/apex_hot_runs/survival_utility_controller_v4_speed_first__k2_4_6_8,survival_utility_controller_v4_speed_first__k2_4_6_8,survival_utility_controller_v4_speed_first,k2_4_6_8
slow_only,ngram_sd,conversational_generation_sft_cap50,50,237.39950968202436,190.5922600291509,2.455241837501526,2.6863722801208496,512.0,results/apexp_block/config_large_500/evaluation/paper_cap50/apex_hot_runs/survival_utility_controller_v4_speed_first__k2_4_6_8,survival_utility_controller_v4_speed_first__k2_4_6_8,survival_utility_controller_v4_speed_first,k2_4_6_8
slow_only,ngram_sd,hardware_gen,44,362.09910971613823,255.02408339528444,1.858939160000194,2.007926106452942,511.34090909090907,results/apexp_block/config_large_500/evaluation/paper_cap50/apex_hot_runs/survival_utility_controller_v4_speed_first__k2_4_6_8,survival_utility_controller_v4_speed_first__k2_4_6_8,survival_utility_controller_v4_speed_first,k2_4_6_8
slow_only,ngram_sd,long_chain_reasoning,50,507.88273206113263,240.5101970327692,3.580670881271362,4.258318543434143,1024.0,results/apexp_block/config_large_500/evaluation/paper_cap50/apex_hot_runs/survival_utility_controller_v4_speed_first__k2_4_6_8,survival_utility_controller_v4_speed_first__k2_4_6_8,survival_utility_controller_v4_speed_first,k2_4_6_8
slow_only,ngram_sd,long_context_completion,50,808.9627411143655,519.9362182308389,3.446839089393616,2.95191752910614,1829.92,results/apexp_block/config_large_500/evaluation/paper_cap50/apex_hot_runs/survival_utility_controller_v4_speed_first__k2_4_6_8,survival_utility_controller_v4_speed_first__k2_4_6_8,survival_utility_controller_v4_speed_first,k2_4_6_8
slow_only,ngram_sd,long_horizon_swe,50,571.4075745900886,388.040478252394,2.9314237022399903,2.6393755674362183,1024.0,results/apexp_block/config_large_500/evaluation/paper_cap50/apex_hot_runs/survival_utility_controller_v4_speed_first__k2_4_6_8,survival_utility_controller_v4_speed_first__k2_4_6_8,survival_utility_controller_v4_speed_first,k2_4_6_8
slow_only,ngram_sd,mathematical_reasoning,50,232.9975034042861,220.14080992534645,2.288585901260376,2.325785040855408,510.84,results/apexp_block/config_large_500/evaluation/paper_cap50/apex_hot_runs/survival_utility_controller_v4_speed_first__k2_4_6_8,survival_utility_controller_v4_speed_first__k2_4_6_8,survival_utility_controller_v4_speed_first,k2_4_6_8
slow_fast,eagle3,code_gen,26,27.18977175279819,26.624377371195493,19.088779302743767,19.230499267578125,512.0,results/apexp_block/config_large_500/evaluation/paper_cap50/apex_hot_runs/survival_utility_controller_v4b_rankgroup_balanced_lr5e4_rank2__k1_2_4_6_8_10_12_14_16,survival_utility_controller_v4b_rankgroup_balanced_lr5e4_rank2__k1_2_4_6_8_10_12_14_16,survival_utility_controller_v4b_rankgroup_balanced_lr5e4_rank2,k1_2_4_6_8_10_12_14_16
slow_fast,eagle3,hardware_gen,6,23.364395563641448,22.527343293522648,22.14197333653768,22.736801028251648,512.0,results/apexp_block/config_large_500/evaluation/paper_cap50/apex_hot_runs/survival_utility_controller_v4b_rankgroup_balanced_lr5e4_rank2__k1_2_4_6_8_10_12_14_16,survival_utility_controller_v4b_rankgroup_balanced_lr5e4_rank2__k1_2_4_6_8_10_12_14_16,survival_utility_controller_v4b_rankgroup_balanced_lr5e4_rank2,k1_2_4_6_8_10_12_14_16
slow_fast,ngram_sd,code_gen,24,52.28401594770906,48.30145214920114,12.956102907657623,10.601557612419128,512.0,results/apexp_block/config_large_500/evaluation/paper_cap50/apex_hot_runs/survival_utility_controller_v4b_rankgroup_balanced_lr5e4_rank2__k1_2_4_6_8_10_12_14_16,survival_utility_controller_v4b_rankgroup_balanced_lr5e4_rank2__k1_2_4_6_8_10_12_14_16,survival_utility_controller_v4b_rankgroup_balanced_lr5e4_rank2,k1_2_4_6_8_10_12_14_16
slow_fast,ngram_sd,conversational_generation_gen_cap50,50,50.37309561168214,35.12373815974541,12.946928415298462,14.57787835597992,512.0,results/apexp_block/config_large_500/evaluation/paper_cap50/apex_hot_runs/survival_utility_controller_v4b_rankgroup_balanced_lr5e4_rank2__k1_2_4_6_8_10_12_14_16,survival_utility_controller_v4b_rankgroup_balanced_lr5e4_rank2__k1_2_4_6_8_10_12_14_16,survival_utility_controller_v4b_rankgroup_balanced_lr5e4_rank2,k1_2_4_6_8_10_12_14_16
slow_fast,ngram_sd,conversational_generation_sft_cap50,50,41.98731403582902,33.94428603456339,13.911067152023316,15.089921355247498,512.0,results/apexp_block/config_large_500/evaluation/paper_cap50/apex_hot_runs/survival_utility_controller_v4b_rankgroup_balanced_lr5e4_rank2__k1_2_4_6_8_10_12_14_16,survival_utility_controller_v4b_rankgroup_balanced_lr5e4_rank2__k1_2_4_6_8_10_12_14_16,survival_utility_controller_v4b_rankgroup_balanced_lr5e4_rank2,k1_2_4_6_8_10_12_14_16
slow_fast,ngram_sd,hardware_gen,44,61.82202068851182,43.078875488664906,10.584727661176162,11.885783076286316,511.34090909090907,results/apexp_block/config_large_500/evaluation/paper_cap50/apex_hot_runs/survival_utility_controller_v4b_rankgroup_balanced_lr5e4_rank2__k1_2_4_6_8_10_12_14_16,survival_utility_controller_v4b_rankgroup_balanced_lr5e4_rank2__k1_2_4_6_8_10_12_14_16,survival_utility_controller_v4b_rankgroup_balanced_lr5e4_rank2,k1_2_4_6_8_10_12_14_16
slow_fast,ngram_sd,long_chain_reasoning,50,86.87757459796524,44.57363729652874,19.61008944988251,22.97322237491608,1024.0,results/apexp_block/config_large_500/evaluation/paper_cap50/apex_hot_runs/survival_utility_controller_v4b_rankgroup_balanced_lr5e4_rank2__k1_2_4_6_8_10_12_14_16,survival_utility_controller_v4b_rankgroup_balanced_lr5e4_rank2__k1_2_4_6_8_10_12_14_16,survival_utility_controller_v4b_rankgroup_balanced_lr5e4_rank2,k1_2_4_6_8_10_12_14_16
slow_fast,ngram_sd,long_context_completion,50,132.5352678002536,90.3512227259584,19.673361501693726,17.84900712966919,1829.92,results/apexp_block/config_large_500/evaluation/paper_cap50/apex_hot_runs/survival_utility_controller_v4b_rankgroup_balanced_lr5e4_rank2__k1_2_4_6_8_10_12_14_16,survival_utility_controller_v4b_rankgroup_balanced_lr5e4_rank2__k1_2_4_6_8_10_12_14_16,survival_utility_controller_v4b_rankgroup_balanced_lr5e4_rank2,k1_2_4_6_8_10_12_14_16
slow_fast,ngram_sd,long_horizon_swe,50,98.89272263918294,71.36272641282585,15.320988569259644,14.35165512561798,1024.0,results/apexp_block/config_large_500/evaluation/paper_cap50/apex_hot_runs/survival_utility_controller_v4b_rankgroup_balanced_lr5e4_rank2__k1_2_4_6_8_10_12_14_16,survival_utility_controller_v4b_rankgroup_balanced_lr5e4_rank2__k1_2_4_6_8_10_12_14_16,survival_utility_controller_v4b_rankgroup_balanced_lr5e4_rank2,k1_2_4_6_8_10_12_14_16
slow_fast,ngram_sd,mathematical_reasoning,50,36.87652519030759,33.304112113248145,14.62569606781006,15.32665491104126,510.84,results/apexp_block/config_large_500/evaluation/paper_cap50/apex_hot_runs/survival_utility_controller_v4b_rankgroup_balanced_lr5e4_rank2__k1_2_4_6_8_10_12_14_16,survival_utility_controller_v4b_rankgroup_balanced_lr5e4_rank2__k1_2_4_6_8_10_12_14_16,survival_utility_controller_v4b_rankgroup_balanced_lr5e4_rank2,k1_2_4_6_8_10_12_14_16
slow_only,eagle3,code_gen,26,72.32775104703812,75.73771444046099,7.191782584557166,6.760189175605774,512.0,results/apexp_block/config_large_500/evaluation/paper_cap50/apex_hot_runs/survival_utility_controller_v4b_rankgroup_balanced_lr5e4_rank2__k1_2_4_6_8_10_12_14_16,survival_utility_controller_v4b_rankgroup_balanced_lr5e4_rank2__k1_2_4_6_8_10_12_14_16,survival_utility_controller_v4b_rankgroup_balanced_lr5e4_rank2,k1_2_4_6_8_10_12_14_16
slow_only,eagle3,hardware_gen,6,65.1722204845902,61.59342215197308,7.97022267182668,8.313139200210571,512.0,results/apexp_block/config_large_500/evaluation/paper_cap50/apex_hot_runs/survival_utility_controller_v4b_rankgroup_balanced_lr5e4_rank2__k1_2_4_6_8_10_12_14_16,survival_utility_controller_v4b_rankgroup_balanced_lr5e4_rank2__k1_2_4_6_8_10_12_14_16,survival_utility_controller_v4b_rankgroup_balanced_lr5e4_rank2,k1_2_4_6_8_10_12_14_16
slow_only,ngram_sd,code_gen,24,404.1588779661506,365.18573429194015,1.952092299858729,1.402282476425171,512.0,results/apexp_block/config_large_500/evaluation/paper_cap50/apex_hot_runs/survival_utility_controller_v4b_rankgroup_balanced_lr5e4_rank2__k1_2_4_6_8_10_12_14_16,survival_utility_controller_v4b_rankgroup_balanced_lr5e4_rank2__k1_2_4_6_8_10_12_14_16,survival_utility_controller_v4b_rankgroup_balanced_lr5e4_rank2,k1_2_4_6_8_10_12_14_16
slow_only,ngram_sd,conversational_generation_gen_cap50,50,268.65210172464685,185.1800059608268,2.414194440841675,2.764972448348999,512.0,results/apexp_block/config_large_500/evaluation/paper_cap50/apex_hot_runs/survival_utility_controller_v4b_rankgroup_balanced_lr5e4_rank2__k1_2_4_6_8_10_12_14_16,survival_utility_controller_v4b_rankgroup_balanced_lr5e4_rank2__k1_2_4_6_8_10_12_14_16,survival_utility_controller_v4b_rankgroup_balanced_lr5e4_rank2,k1_2_4_6_8_10_12_14_16
slow_only,ngram_sd,conversational_generation_sft_cap50,50,236.4301712193985,190.08818247572032,2.4664077043533323,2.6935484409332275,512.0,results/apexp_block/config_large_500/evaluation/paper_cap50/apex_hot_runs/survival_utility_controller_v4b_rankgroup_balanced_lr5e4_rank2__k1_2_4_6_8_10_12_14_16,survival_utility_controller_v4b_rankgroup_balanced_lr5e4_rank2__k1_2_4_6_8_10_12_14_16,survival_utility_controller_v4b_rankgroup_balanced_lr5e4_rank2,k1_2_4_6_8_10_12_14_16
slow_only,ngram_sd,hardware_gen,44,364.4595598053316,251.56252565337763,1.8667123426090588,2.0356181859970093,511.34090909090907,results/apexp_block/config_large_500/evaluation/paper_cap50/apex_hot_runs/survival_utility_controller_v4b_rankgroup_balanced_lr5e4_rank2__k1_2_4_6_8_10_12_14_16,survival_utility_controller_v4b_rankgroup_balanced_lr5e4_rank2__k1_2_4_6_8_10_12_14_16,survival_utility_controller_v4b_rankgroup_balanced_lr5e4_rank2,k1_2_4_6_8_10_12_14_16
slow_only,ngram_sd,long_chain_reasoning,50,483.435113143127,233.66189805338928,3.6830920219421386,4.383581280708313,1024.0,results/apexp_block/config_large_500/evaluation/paper_cap50/apex_hot_runs/survival_utility_controller_v4b_rankgroup_balanced_lr5e4_rank2__k1_2_4_6_8_10_12_14_16,survival_utility_controller_v4b_rankgroup_balanced_lr5e4_rank2__k1_2_4_6_8_10_12_14_16,survival_utility_controller_v4b_rankgroup_balanced_lr5e4_rank2,k1_2_4_6_8_10_12_14_16
slow_only,ngram_sd,long_context_completion,50,799.5445172156907,505.5541286421821,3.497572193145752,2.966089367866516,1829.92,results/apexp_block/config_large_500/evaluation/paper_cap50/apex_hot_runs/survival_utility_controller_v4b_rankgroup_balanced_lr5e4_rank2__k1_2_4_6_8_10_12_14_16,survival_utility_controller_v4b_rankgroup_balanced_lr5e4_rank2__k1_2_4_6_8_10_12_14_16,survival_utility_controller_v4b_rankgroup_balanced_lr5e4_rank2,k1_2_4_6_8_10_12_14_16
slow_only,ngram_sd,long_horizon_swe,50,556.5613439775045,384.6495822660629,3.000367455482483,2.663176417350769,1024.0,results/apexp_block/config_large_500/evaluation/paper_cap50/apex_hot_runs/survival_utility_controller_v4b_rankgroup_balanced_lr5e4_rank2__k1_2_4_6_8_10_12_14_16,survival_utility_controller_v4b_rankgroup_balanced_lr5e4_rank2__k1_2_4_6_8_10_12_14_16,survival_utility_controller_v4b_rankgroup_balanced_lr5e4_rank2,k1_2_4_6_8_10_12_14_16
slow_only,ngram_sd,mathematical_reasoning,50,236.41172661230536,225.29419929692335,2.2537955808639527,2.2725846767425537,510.84,results/apexp_block/config_large_500/evaluation/paper_cap50/apex_hot_runs/survival_utility_controller_v4b_rankgroup_balanced_lr5e4_rank2__k1_2_4_6_8_10_12_14_16,survival_utility_controller_v4b_rankgroup_balanced_lr5e4_rank2__k1_2_4_6_8_10_12_14_16,survival_utility_controller_v4b_rankgroup_balanced_lr5e4_rank2,k1_2_4_6_8_10_12_14_16
slow_fast,eagle3,code_gen,26,20.6880887700813,20.42130450880125,24.860484884335445,25.07220089435577,512.0,results/apexp_block/config_large_500/evaluation/paper_cap50/apex_hot_runs/survival_utility_controller_v4b_rankgroup_balanced_lr5e4_rank2__k1_2_4_8_16,survival_utility_controller_v4b_rankgroup_balanced_lr5e4_rank2__k1_2_4_8_16,survival_utility_controller_v4b_rankgroup_balanced_lr5e4_rank2,k1_2_4_8_16
slow_fast,eagle3,hardware_gen,6,21.11121621086833,21.35853782567676,24.43671258290609,23.974835753440857,512.0,results/apexp_block/config_large_500/evaluation/paper_cap50/apex_hot_runs/survival_utility_controller_v4b_rankgroup_balanced_lr5e4_rank2__k1_2_4_8_16,survival_utility_controller_v4b_rankgroup_balanced_lr5e4_rank2__k1_2_4_8_16,survival_utility_controller_v4b_rankgroup_balanced_lr5e4_rank2,k1_2_4_8_16
slow_fast,ngram_sd,code_gen,24,51.459651197456445,48.49426349337325,13.296675592660904,10.560762882232666,512.0,results/apexp_block/config_large_500/evaluation/paper_cap50/apex_hot_runs/survival_utility_controller_v4b_rankgroup_balanced_lr5e4_rank2__k1_2_4_8_16,survival_utility_controller_v4b_rankgroup_balanced_lr5e4_rank2__k1_2_4_8_16,survival_utility_controller_v4b_rankgroup_balanced_lr5e4_rank2,k1_2_4_8_16
slow_fast,ngram_sd,conversational_generation_gen_cap50,50,42.32499303831225,28.35617538732659,15.51109862804413,18.056084036827087,512.0,results/apexp_block/config_large_500/evaluation/paper_cap50/apex_hot_runs/survival_utility_controller_v4b_rankgroup_balanced_lr5e4_rank2__k1_2_4_8_16,survival_utility_controller_v4b_rankgroup_balanced_lr5e4_rank2__k1_2_4_8_16,survival_utility_controller_v4b_rankgroup_balanced_lr5e4_rank2,k1_2_4_8_16
slow_fast,ngram_sd,conversational_generation_sft_cap50,50,35.8844975632152,29.246845307530336,16.262652654647827,17.508357644081116,512.0,results/apexp_block/config_large_500/evaluation/paper_cap50/apex_hot_runs/survival_utility_controller_v4b_rankgroup_balanced_lr5e4_rank2__k1_2_4_8_16,survival_utility_controller_v4b_rankgroup_balanced_lr5e4_rank2__k1_2_4_8_16,survival_utility_controller_v4b_rankgroup_balanced_lr5e4_rank2,k1_2_4_8_16
slow_fast,ngram_sd,hardware_gen,44,53.01764852364468,37.256059827812365,12.519152023575522,13.75083553791046,511.34090909090907,results/apexp_block/config_large_500/evaluation/paper_cap50/apex_hot_runs/survival_utility_controller_v4b_rankgroup_balanced_lr5e4_rank2__k1_2_4_8_16,survival_utility_controller_v4b_rankgroup_balanced_lr5e4_rank2__k1_2_4_8_16,survival_utility_controller_v4b_rankgroup_balanced_lr5e4_rank2,k1_2_4_8_16
slow_fast,ngram_sd,long_chain_reasoning,50,72.079184006413,37.5335767938923,23.32288336277008,27.28236711025238,1024.0,results/apexp_block/config_large_500/evaluation/paper_cap50/apex_hot_runs/survival_utility_controller_v4b_rankgroup_balanced_lr5e4_rank2__k1_2_4_8_16,survival_utility_controller_v4b_rankgroup_balanced_lr5e4_rank2__k1_2_4_8_16,survival_utility_controller_v4b_rankgroup_balanced_lr5e4_rank2,k1_2_4_8_16
slow_fast,ngram_sd,long_context_completion,50,113.34788837620124,75.76053509868446,23.740950264930724,20.9475759267807,1829.92,results/apexp_block/config_large_500/evaluation/paper_cap50/apex_hot_runs/survival_utility_controller_v4b_rankgroup_balanced_lr5e4_rank2__k1_2_4_8_16,survival_utility_controller_v4b_rankgroup_balanced_lr5e4_rank2__k1_2_4_8_16,survival_utility_controller_v4b_rankgroup_balanced_lr5e4_rank2,k1_2_4_8_16
slow_fast,ngram_sd,long_horizon_swe,50,83.4517386083963,60.678172981096736,18.02280689716339,16.87672448158264,1024.0,results/apexp_block/config_large_500/evaluation/paper_cap50/apex_hot_runs/survival_utility_controller_v4b_rankgroup_balanced_lr5e4_rank2__k1_2_4_8_16,survival_utility_controller_v4b_rankgroup_balanced_lr5e4_rank2__k1_2_4_8_16,survival_utility_controller_v4b_rankgroup_balanced_lr5e4_rank2,k1_2_4_8_16
slow_fast,ngram_sd,mathematical_reasoning,50,33.64571121350297,31.48942171799296,16.011043643951417,16.25942862033844,510.84,results/apexp_block/config_large_500/evaluation/paper_cap50/apex_hot_runs/survival_utility_controller_v4b_rankgroup_balanced_lr5e4_rank2__k1_2_4_8_16,survival_utility_controller_v4b_rankgroup_balanced_lr5e4_rank2__k1_2_4_8_16,survival_utility_controller_v4b_rankgroup_balanced_lr5e4_rank2,k1_2_4_8_16
slow_only,eagle3,code_gen,26,71.54783618453953,75.04879412564605,7.264478023235615,6.822402358055115,512.0,results/apexp_block/config_large_500/evaluation/paper_cap50/apex_hot_runs/survival_utility_controller_v4b_rankgroup_balanced_lr5e4_rank2__k1_2_4_8_16,survival_utility_controller_v4b_rankgroup_balanced_lr5e4_rank2__k1_2_4_8_16,survival_utility_controller_v4b_rankgroup_balanced_lr5e4_rank2,k1_2_4_8_16
slow_only,eagle3,hardware_gen,6,63.54347170422443,60.77889641289245,8.14571205774943,8.428394794464111,512.0,results/apexp_block/config_large_500/evaluation/paper_cap50/apex_hot_runs/survival_utility_controller_v4b_rankgroup_balanced_lr5e4_rank2__k1_2_4_8_16,survival_utility_controller_v4b_rankgroup_balanced_lr5e4_rank2__k1_2_4_8_16,survival_utility_controller_v4b_rankgroup_balanced_lr5e4_rank2,k1_2_4_8_16
slow_only,ngram_sd,code_gen,24,400.0318127516745,362.5827108632892,1.9745752414067583,1.412239909172058,512.0,results/apexp_block/config_large_500/evaluation/paper_cap50/apex_hot_runs/survival_utility_controller_v4b_rankgroup_balanced_lr5e4_rank2__k1_2_4_8_16,survival_utility_controller_v4b_rankgroup_balanced_lr5e4_rank2__k1_2_4_8_16,survival_utility_controller_v4b_rankgroup_balanced_lr5e4_rank2,k1_2_4_8_16
slow_only,ngram_sd,conversational_generation_gen_cap50,50,271.4595870141213,184.42334960136023,2.4000833082199096,2.7762213945388794,512.0,results/apexp_block/config_large_500/evaluation/paper_cap50/apex_hot_runs/survival_utility_controller_v4b_rankgroup_balanced_lr5e4_rank2__k1_2_4_8_16,survival_utility_controller_v4b_rankgroup_balanced_lr5e4_rank2__k1_2_4_8_16,survival_utility_controller_v4b_rankgroup_balanced_lr5e4_rank2,k1_2_4_8_16
slow_only,ngram_sd,conversational_generation_sft_cap50,50,234.3508745861827,188.2345029308973,2.4893257856369018,2.720015525817871,512.0,results/apexp_block/config_large_500/evaluation/paper_cap50/apex_hot_runs/survival_utility_controller_v4b_rankgroup_balanced_lr5e4_rank2__k1_2_4_8_16,survival_utility_controller_v4b_rankgroup_balanced_lr5e4_rank2__k1_2_4_8_16,survival_utility_controller_v4b_rankgroup_balanced_lr5e4_rank2,k1_2_4_8_16
slow_only,ngram_sd,hardware_gen,44,346.0418733091083,246.32500712019944,1.938861510970376,2.0787986516952515,511.34090909090907,results/apexp_block/config_large_500/evaluation/paper_cap50/apex_hot_runs/survival_utility_controller_v4b_rankgroup_balanced_lr5e4_rank2__k1_2_4_8_16,survival_utility_controller_v4b_rankgroup_balanced_lr5e4_rank2__k1_2_4_8_16,survival_utility_controller_v4b_rankgroup_balanced_lr5e4_rank2,k1_2_4_8_16
slow_only,ngram_sd,long_chain_reasoning,50,486.7029288929576,235.6400521527823,3.655907382965088,4.346543431282044,1024.0,results/apexp_block/config_large_500/evaluation/paper_cap50/apex_hot_runs/survival_utility_controller_v4b_rankgroup_balanced_lr5e4_rank2__k1_2_4_8_16,survival_utility_controller_v4b_rankgroup_balanced_lr5e4_rank2__k1_2_4_8_16,survival_utility_controller_v4b_rankgroup_balanced_lr5e4_rank2,k1_2_4_8_16
slow_only,ngram_sd,long_context_completion,50,801.774103636025,513.5909910259874,3.4732221221923827,2.9397696256637573,1829.92,results/apexp_block/config_large_500/evaluation/paper_cap50/apex_hot_runs/survival_utility_controller_v4b_rankgroup_balanced_lr5e4_rank2__k1_2_4_8_16,survival_utility_controller_v4b_rankgroup_balanced_lr5e4_rank2__k1_2_4_8_16,survival_utility_controller_v4b_rankgroup_balanced_lr5e4_rank2,k1_2_4_8_16
slow_only,ngram_sd,long_horizon_swe,50,547.9436833922641,364.7966527609011,3.043439817428589,2.807353377342224,1024.0,results/apexp_block/config_large_500/evaluation/paper_cap50/apex_hot_runs/survival_utility_controller_v4b_rankgroup_balanced_lr5e4_rank2__k1_2_4_8_16,survival_utility_controller_v4b_rankgroup_balanced_lr5e4_rank2__k1_2_4_8_16,survival_utility_controller_v4b_rankgroup_balanced_lr5e4_rank2,k1_2_4_8_16
slow_only,ngram_sd,mathematical_reasoning,50,233.6566591733812,220.6476118380824,2.277372388839721,2.3204753398895264,510.84,results/apexp_block/config_large_500/evaluation/paper_cap50/apex_hot_runs/survival_utility_controller_v4b_rankgroup_balanced_lr5e4_rank2__k1_2_4_8_16,survival_utility_controller_v4b_rankgroup_balanced_lr5e4_rank2__k1_2_4_8_16,survival_utility_controller_v4b_rankgroup_balanced_lr5e4_rank2,k1_2_4_8_16
slow_fast,eagle3,code_gen,26,25.07626271729519,25.4395818385073,20.91470708296849,20.12722659111023,512.0,results/apexp_block/config_large_500/evaluation/paper_cap50/apex_hot_runs/survival_utility_controller_v4b_rankgroup_balanced_lr5e4_rank2__k1_to_16,survival_utility_controller_v4b_rankgroup_balanced_lr5e4_rank2__k1_to_16,survival_utility_controller_v4b_rankgroup_balanced_lr5e4_rank2,k1_to_16
slow_fast,eagle3,hardware_gen,6,24.56582452474076,23.786483917161757,21.149980982144672,21.549771666526794,512.0,results/apexp_block/config_large_500/evaluation/paper_cap50/apex_hot_runs/survival_utility_controller_v4b_rankgroup_balanced_lr5e4_rank2__k1_to_16,survival_utility_controller_v4b_rankgroup_balanced_lr5e4_rank2__k1_to_16,survival_utility_controller_v4b_rankgroup_balanced_lr5e4_rank2,k1_to_16
slow_fast,ngram_sd,code_gen,24,53.650299429468845,50.87295705305248,12.904094497362772,10.069538712501526,512.0,results/apexp_block/config_large_500/evaluation/paper_cap50/apex_hot_runs/survival_utility_controller_v4b_rankgroup_balanced_lr5e4_rank2__k1_to_16,survival_utility_controller_v4b_rankgroup_balanced_lr5e4_rank2__k1_to_16,survival_utility_controller_v4b_rankgroup_balanced_lr5e4_rank2,k1_to_16
slow_fast,ngram_sd,conversational_generation_gen_cap50,50,46.43809046789491,31.525684044958908,14.08065152168274,16.240832448005676,512.0,results/apexp_block/config_large_500/evaluation/paper_cap50/apex_hot_runs/survival_utility_controller_v4b_rankgroup_balanced_lr5e4_rank2__k1_to_16,survival_utility_controller_v4b_rankgroup_balanced_lr5e4_rank2__k1_to_16,survival_utility_controller_v4b_rankgroup_balanced_lr5e4_rank2,k1_to_16
slow_fast,ngram_sd,conversational_generation_sft_cap50,50,40.00879769541188,32.46358330946708,14.553199272155762,15.771684288978577,512.0,results/apexp_block/config_large_500/evaluation/paper_cap50/apex_hot_runs/survival_utility_controller_v4b_rankgroup_balanced_lr5e4_rank2__k1_to_16,survival_utility_controller_v4b_rankgroup_balanced_lr5e4_rank2__k1_to_16,survival_utility_controller_v4b_rankgroup_balanced_lr5e4_rank2,k1_to_16
slow_fast,ngram_sd,hardware_gen,44,58.85226080328752,41.19910540005426,11.32809655232863,12.427635788917542,511.34090909090907,results/apexp_block/config_large_500/evaluation/paper_cap50/apex_hot_runs/survival_utility_controller_v4b_rankgroup_balanced_lr5e4_rank2__k1_to_16,survival_utility_controller_v4b_rankgroup_balanced_lr5e4_rank2__k1_to_16,survival_utility_controller_v4b_rankgroup_balanced_lr5e4_rank2,k1_to_16
slow_fast,ngram_sd,long_chain_reasoning,50,78.4439907816692,41.282622267233286,21.17236890316009,24.8241868019104,1024.0,results/apexp_block/config_large_500/evaluation/paper_cap50/apex_hot_runs/survival_utility_controller_v4b_rankgroup_balanced_lr5e4_rank2__k1_to_16,survival_utility_controller_v4b_rankgroup_balanced_lr5e4_rank2__k1_to_16,survival_utility_controller_v4b_rankgroup_balanced_lr5e4_rank2,k1_to_16
slow_fast,ngram_sd,long_context_completion,50,125.66832161450294,82.82238456599727,21.18656093120575,18.69326865673065,1829.92,results/apexp_block/config_large_500/evaluation/paper_cap50/apex_hot_runs/survival_utility_controller_v4b_rankgroup_balanced_lr5e4_rank2__k1_to_16,survival_utility_controller_v4b_rankgroup_balanced_lr5e4_rank2__k1_to_16,survival_utility_controller_v4b_rankgroup_balanced_lr5e4_rank2,k1_to_16
slow_fast,ngram_sd,long_horizon_swe,50,92.44337127150344,66.97677625449762,16.333509392738343,15.293509364128113,1024.0,results/apexp_block/config_large_500/evaluation/paper_cap50/apex_hot_runs/survival_utility_controller_v4b_rankgroup_balanced_lr5e4_rank2__k1_to_16,survival_utility_controller_v4b_rankgroup_balanced_lr5e4_rank2__k1_to_16,survival_utility_controller_v4b_rankgroup_balanced_lr5e4_rank2,k1_to_16
slow_fast,ngram_sd,mathematical_reasoning,50,36.43657694014371,33.57581909002081,14.793271431922912,15.24919307231903,510.84,results/apexp_block/config_large_500/evaluation/paper_cap50/apex_hot_runs/survival_utility_controller_v4b_rankgroup_balanced_lr5e4_rank2__k1_to_16,survival_utility_controller_v4b_rankgroup_balanced_lr5e4_rank2__k1_to_16,survival_utility_controller_v4b_rankgroup_balanced_lr5e4_rank2,k1_to_16
slow_only,eagle3,code_gen,26,70.25340640165156,73.17887453148077,7.419551400037912,6.996663451194763,512.0,results/apexp_block/config_large_500/evaluation/paper_cap50/apex_hot_runs/survival_utility_controller_v4b_rankgroup_balanced_lr5e4_rank2__k1_to_16,survival_utility_controller_v4b_rankgroup_balanced_lr5e4_rank2__k1_to_16,survival_utility_controller_v4b_rankgroup_balanced_lr5e4_rank2,k1_to_16
slow_only,eagle3,hardware_gen,6,62.77757805474414,59.65292358647754,8.270111044247946,8.585307598114014,512.0,results/apexp_block/config_large_500/evaluation/paper_cap50/apex_hot_runs/survival_utility_controller_v4b_rankgroup_balanced_lr5e4_rank2__k1_to_16,survival_utility_controller_v4b_rankgroup_balanced_lr5e4_rank2__k1_to_16,survival_utility_controller_v4b_rankgroup_balanced_lr5e4_rank2,k1_to_16
slow_only,ngram_sd,code_gen,24,405.8725588959956,362.72337284357127,1.962395429611206,1.4115474224090576,512.0,results/apexp_block/config_large_500/evaluation/paper_cap50/apex_hot_runs/survival_utility_controller_v4b_rankgroup_balanced_lr5e4_rank2__k1_to_16,survival_utility_controller_v4b_rankgroup_balanced_lr5e4_rank2__k1_to_16,survival_utility_controller_v4b_rankgroup_balanced_lr5e4_rank2,k1_to_16
slow_only,ngram_sd,conversational_generation_gen_cap50,50,268.6962079834515,182.46648617554428,2.432186226844788,2.8060009479522705,512.0,results/apexp_block/config_large_500/evaluation/paper_cap50/apex_hot_runs/survival_utility_controller_v4b_rankgroup_balanced_lr5e4_rank2__k1_to_16,survival_utility_controller_v4b_rankgroup_balanced_lr5e4_rank2__k1_to_16,survival_utility_controller_v4b_rankgroup_balanced_lr5e4_rank2,k1_to_16
slow_only,ngram_sd,conversational_generation_sft_cap50,50,234.71519669461972,187.83410378116065,2.4802734899520877,2.7258108854293823,512.0,results/apexp_block/config_large_500/evaluation/paper_cap50/apex_hot_runs/survival_utility_controller_v4b_rankgroup_balanced_lr5e4_rank2__k1_to_16,survival_utility_controller_v4b_rankgroup_balanced_lr5e4_rank2__k1_to_16,survival_utility_controller_v4b_rankgroup_balanced_lr5e4_rank2,k1_to_16
slow_only,ngram_sd,hardware_gen,44,362.25216829136514,252.0989237580312,1.8773421861908648,2.0315994024276733,511.34090909090907,results/apexp_block/config_large_500/evaluation/paper_cap50/apex_hot_runs/survival_utility_controller_v4b_rankgroup_balanced_lr5e4_rank2__k1_to_16,survival_utility_controller_v4b_rankgroup_balanced_lr5e4_rank2__k1_to_16,survival_utility_controller_v4b_rankgroup_balanced_lr5e4_rank2,k1_to_16
slow_only,ngram_sd,long_chain_reasoning,50,494.8792489356421,235.13690074313524,3.6731863498687742,4.355831265449524,1024.0,results/apexp_block/config_large_500/evaluation/paper_cap50/apex_hot_runs/survival_utility_controller_v4b_rankgroup_balanced_lr5e4_rank2__k1_to_16,survival_utility_controller_v4b_rankgroup_balanced_lr5e4_rank2__k1_to_16,survival_utility_controller_v4b_rankgroup_balanced_lr5e4_rank2,k1_to_16
slow_only,ngram_sd,long_context_completion,50,798.0416953879073,505.97390266367535,3.495266304016113,2.995108962059021,1829.92,results/apexp_block/config_large_500/evaluation/paper_cap50/apex_hot_runs/survival_utility_controller_v4b_rankgroup_balanced_lr5e4_rank2__k1_to_16,survival_utility_controller_v4b_rankgroup_balanced_lr5e4_rank2__k1_to_16,survival_utility_controller_v4b_rankgroup_balanced_lr5e4_rank2,k1_to_16
slow_only,ngram_sd,long_horizon_swe,50,549.2478645098467,372.17872230993663,3.0437504625320435,2.7529858350753784,1024.0,results/apexp_block/config_large_500/evaluation/paper_cap50/apex_hot_runs/survival_utility_controller_v4b_rankgroup_balanced_lr5e4_rank2__k1_to_16,survival_utility_controller_v4b_rankgroup_balanced_lr5e4_rank2__k1_to_16,survival_utility_controller_v4b_rankgroup_balanced_lr5e4_rank2,k1_to_16
slow_only,ngram_sd,mathematical_reasoning,50,233.23424675373167,221.644674673478,2.2838018989562987,2.310070753097534,510.84,results/apexp_block/config_large_500/evaluation/paper_cap50/apex_hot_runs/survival_utility_controller_v4b_rankgroup_balanced_lr5e4_rank2__k1_to_16,survival_utility_controller_v4b_rankgroup_balanced_lr5e4_rank2__k1_to_16,survival_utility_controller_v4b_rankgroup_balanced_lr5e4_rank2,k1_to_16
slow_fast,eagle3,code_gen,26,26.84754092484484,27.05578825472301,19.28973244703733,18.92388522624969,512.0,results/apexp_block/config_large_500/evaluation/paper_cap50/apex_hot_runs/survival_utility_controller_v4b_rankgroup_balanced_lr5e4_rank2__k2_4_6_8,survival_utility_controller_v4b_rankgroup_balanced_lr5e4_rank2__k2_4_6_8,survival_utility_controller_v4b_rankgroup_balanced_lr5e4_rank2,k2_4_6_8
slow_fast,eagle3,hardware_gen,6,26.41217011188446,26.52646511287937,19.480960687001545,19.302063584327698,512.0,results/apexp_block/config_large_500/evaluation/paper_cap50/apex_hot_runs/survival_utility_controller_v4b_rankgroup_balanced_lr5e4_rank2__k2_4_6_8,survival_utility_controller_v4b_rankgroup_balanced_lr5e4_rank2__k2_4_6_8,survival_utility_controller_v4b_rankgroup_balanced_lr5e4_rank2,k2_4_6_8
slow_fast,ngram_sd,code_gen,24,55.26480243713538,55.45969609178005,11.20243007938067,9.232229471206663,512.0,results/apexp_block/config_large_500/evaluation/paper_cap50/apex_hot_runs/survival_utility_controller_v4b_rankgroup_balanced_lr5e4_rank2__k2_4_6_8,survival_utility_controller_v4b_rankgroup_balanced_lr5e4_rank2__k2_4_6_8,survival_utility_controller_v4b_rankgroup_balanced_lr5e4_rank2,k2_4_6_8
slow_fast,ngram_sd,conversational_generation_gen_cap50,50,50.94520267219659,38.73900006270716,11.78981276512146,13.216823816299438,512.0,results/apexp_block/config_large_500/evaluation/paper_cap50/apex_hot_runs/survival_utility_controller_v4b_rankgroup_balanced_lr5e4_rank2__k2_4_6_8,survival_utility_controller_v4b_rankgroup_balanced_lr5e4_rank2__k2_4_6_8,survival_utility_controller_v4b_rankgroup_balanced_lr5e4_rank2,k2_4_6_8
slow_fast,ngram_sd,conversational_generation_sft_cap50,50,45.61378355035375,38.84774337298559,12.291730031967164,13.179662942886353,512.0,results/apexp_block/config_large_500/evaluation/paper_cap50/apex_hot_runs/survival_utility_controller_v4b_rankgroup_balanced_lr5e4_rank2__k2_4_6_8,survival_utility_controller_v4b_rankgroup_balanced_lr5e4_rank2__k2_4_6_8,survival_utility_controller_v4b_rankgroup_balanced_lr5e4_rank2,k2_4_6_8
slow_fast,ngram_sd,hardware_gen,44,60.67760010910383,47.67927422916922,9.861445752057165,10.749846816062927,511.34090909090907,results/apexp_block/config_large_500/evaluation/paper_cap50/apex_hot_runs/survival_utility_controller_v4b_rankgroup_balanced_lr5e4_rank2__k2_4_6_8,survival_utility_controller_v4b_rankgroup_balanced_lr5e4_rank2__k2_4_6_8,survival_utility_controller_v4b_rankgroup_balanced_lr5e4_rank2,k2_4_6_8
slow_fast,ngram_sd,long_chain_reasoning,50,73.85499469057507,49.80941781070719,18.169237637519835,20.55848479270935,1024.0,results/apexp_block/config_large_500/evaluation/paper_cap50/apex_hot_runs/survival_utility_controller_v4b_rankgroup_balanced_lr5e4_rank2__k2_4_6_8,survival_utility_controller_v4b_rankgroup_balanced_lr5e4_rank2__k2_4_6_8,survival_utility_controller_v4b_rankgroup_balanced_lr5e4_rank2,k2_4_6_8
slow_fast,ngram_sd,long_context_completion,50,102.06555756547137,89.47846991946992,21.02690306186676,19.719528436660767,1829.92,results/apexp_block/config_large_500/evaluation/paper_cap50/apex_hot_runs/survival_utility_controller_v4b_rankgroup_balanced_lr5e4_rank2__k2_4_6_8,survival_utility_controller_v4b_rankgroup_balanced_lr5e4_rank2__k2_4_6_8,survival_utility_controller_v4b_rankgroup_balanced_lr5e4_rank2,k2_4_6_8
slow_fast,ngram_sd,long_horizon_swe,50,83.32524780605121,74.40419151622717,15.130783185958862,13.772423028945925,1024.0,results/apexp_block/config_large_500/evaluation/paper_cap50/apex_hot_runs/survival_utility_controller_v4b_rankgroup_balanced_lr5e4_rank2__k2_4_6_8,survival_utility_controller_v4b_rankgroup_balanced_lr5e4_rank2__k2_4_6_8,survival_utility_controller_v4b_rankgroup_balanced_lr5e4_rank2,k2_4_6_8
slow_fast,ngram_sd,mathematical_reasoning,50,41.25619979845126,39.24902409041,12.904667096138,13.04499650001526,510.84,results/apexp_block/config_large_500/evaluation/paper_cap50/apex_hot_runs/survival_utility_controller_v4b_rankgroup_balanced_lr5e4_rank2__k2_4_6_8,survival_utility_controller_v4b_rankgroup_balanced_lr5e4_rank2__k2_4_6_8,survival_utility_controller_v4b_rankgroup_balanced_lr5e4_rank2,k2_4_6_8
slow_only,eagle3,code_gen,26,70.20395819718586,73.68770024569974,7.398624145067655,6.948354125022888,512.0,results/apexp_block/config_large_500/evaluation/paper_cap50/apex_hot_runs/survival_utility_controller_v4b_rankgroup_balanced_lr5e4_rank2__k2_4_6_8,survival_utility_controller_v4b_rankgroup_balanced_lr5e4_rank2__k2_4_6_8,survival_utility_controller_v4b_rankgroup_balanced_lr5e4_rank2,k2_4_6_8
slow_only,eagle3,hardware_gen,6,63.406244695337584,59.61194731798933,8.186344265937805,8.589208006858826,512.0,results/apexp_block/config_large_500/evaluation/paper_cap50/apex_hot_runs/survival_utility_controller_v4b_rankgroup_balanced_lr5e4_rank2__k2_4_6_8,survival_utility_controller_v4b_rankgroup_balanced_lr5e4_rank2__k2_4_6_8,survival_utility_controller_v4b_rankgroup_balanced_lr5e4_rank2,k2_4_6_8
slow_only,ngram_sd,code_gen,24,401.83066357221423,359.6660979711805,1.9963717857996623,1.4238779544830322,512.0,results/apexp_block/config_large_500/evaluation/paper_cap50/apex_hot_runs/survival_utility_controller_v4b_rankgroup_balanced_lr5e4_rank2__k2_4_6_8,survival_utility_controller_v4b_rankgroup_balanced_lr5e4_rank2__k2_4_6_8,survival_utility_controller_v4b_rankgroup_balanced_lr5e4_rank2,k2_4_6_8
slow_only,ngram_sd,conversational_generation_gen_cap50,50,268.7983402139972,181.9109586242664,2.4246566677093506,2.8145675659179688,512.0,results/apexp_block/config_large_500/evaluation/paper_cap50/apex_hot_runs/survival_utility_controller_v4b_rankgroup_balanced_lr5e4_rank2__k2_4_6_8,survival_utility_controller_v4b_rankgroup_balanced_lr5e4_rank2__k2_4_6_8,survival_utility_controller_v4b_rankgroup_balanced_lr5e4_rank2,k2_4_6_8
slow_only,ngram_sd,conversational_generation_sft_cap50,50,232.00604402917807,187.58125318016977,2.500286226272583,2.7294862270355225,512.0,results/apexp_block/config_large_500/evaluation/paper_cap50/apex_hot_runs/survival_utility_controller_v4b_rankgroup_balanced_lr5e4_rank2__k2_4_6_8,survival_utility_controller_v4b_rankgroup_balanced_lr5e4_rank2__k2_4_6_8,survival_utility_controller_v4b_rankgroup_balanced_lr5e4_rank2,k2_4_6_8
slow_only,ngram_sd,hardware_gen,44,358.50860319815297,251.80703893991733,1.8824630108746616,2.033763289451599,511.34090909090907,results/apexp_block/config_large_500/evaluation/paper_cap50/apex_hot_runs/survival_utility_controller_v4b_rankgroup_balanced_lr5e4_rank2__k2_4_6_8,survival_utility_controller_v4b_rankgroup_balanced_lr5e4_rank2__k2_4_6_8,survival_utility_controller_v4b_rankgroup_balanced_lr5e4_rank2,k2_4_6_8
slow_only,ngram_sd,long_chain_reasoning,50,489.0264705999847,233.6471747279532,3.696264944076538,4.384740471839905,1024.0,results/apexp_block/config_large_500/evaluation/paper_cap50/apex_hot_runs/survival_utility_controller_v4b_rankgroup_balanced_lr5e4_rank2__k2_4_6_8,survival_utility_controller_v4b_rankgroup_balanced_lr5e4_rank2__k2_4_6_8,survival_utility_controller_v4b_rankgroup_balanced_lr5e4_rank2,k2_4_6_8
slow_only,ngram_sd,long_context_completion,50,791.4303138824523,503.8278450101263,3.516067852973938,3.013563394546509,1829.92,results/apexp_block/config_large_500/evaluation/paper_cap50/apex_hot_runs/survival_utility_controller_v4b_rankgroup_balanced_lr5e4_rank2__k2_4_6_8,survival_utility_controller_v4b_rankgroup_balanced_lr5e4_rank2__k2_4_6_8,survival_utility_controller_v4b_rankgroup_balanced_lr5e4_rank2,k2_4_6_8
slow_only,ngram_sd,long_horizon_swe,50,555.635072222955,380.0638460296746,3.005441632270813,2.6947299242019653,1024.0,results/apexp_block/config_large_500/evaluation/paper_cap50/apex_hot_runs/survival_utility_controller_v4b_rankgroup_balanced_lr5e4_rank2__k2_4_6_8,survival_utility_controller_v4b_rankgroup_balanced_lr5e4_rank2__k2_4_6_8,survival_utility_controller_v4b_rankgroup_balanced_lr5e4_rank2,k2_4_6_8
slow_only,ngram_sd,mathematical_reasoning,50,233.40874535503147,223.24513499793076,2.2808356523513797,2.293447613716125,510.84,results/apexp_block/config_large_500/evaluation/paper_cap50/apex_hot_runs/survival_utility_controller_v4b_rankgroup_balanced_lr5e4_rank2__k2_4_6_8,survival_utility_controller_v4b_rankgroup_balanced_lr5e4_rank2__k2_4_6_8,survival_utility_controller_v4b_rankgroup_balanced_lr5e4_rank2,k2_4_6_8
slow_fast,eagle3,code_gen,26,28.0621547627613,27.005322056540106,18.5617182804988,18.98976159095764,512.0,results/apexp_block/config_large_500/evaluation/paper_cap50/apex_hot_runs/survival_utility_controller_v4b_rankgroup_efficient_lr5e4_rank2__k1_2_4_6_8_10_12_14_16,survival_utility_controller_v4b_rankgroup_efficient_lr5e4_rank2__k1_2_4_6_8_10_12_14_16,survival_utility_controller_v4b_rankgroup_efficient_lr5e4_rank2,k1_2_4_6_8_10_12_14_16
slow_fast,eagle3,hardware_gen,6,23.656510505616087,23.442602676551893,21.667365113894142,21.845235109329224,512.0,results/apexp_block/config_large_500/evaluation/paper_cap50/apex_hot_runs/survival_utility_controller_v4b_rankgroup_efficient_lr5e4_rank2__k1_2_4_6_8_10_12_14_16,survival_utility_controller_v4b_rankgroup_efficient_lr5e4_rank2__k1_2_4_6_8_10_12_14_16,survival_utility_controller_v4b_rankgroup_efficient_lr5e4_rank2,k1_2_4_6_8_10_12_14_16
slow_fast,ngram_sd,code_gen,24,53.3023585979112,49.038851294482924,12.817776093880337,10.448721289634705,512.0,results/apexp_block/config_large_500/evaluation/paper_cap50/apex_hot_runs/survival_utility_controller_v4b_rankgroup_efficient_lr5e4_rank2__k1_2_4_6_8_10_12_14_16,survival_utility_controller_v4b_rankgroup_efficient_lr5e4_rank2__k1_2_4_6_8_10_12_14_16,survival_utility_controller_v4b_rankgroup_efficient_lr5e4_rank2,k1_2_4_6_8_10_12_14_16
slow_fast,ngram_sd,conversational_generation_gen_cap50,50,47.06256270717038,31.43576779106996,13.991469821929932,16.288427233695984,512.0,results/apexp_block/config_large_500/evaluation/paper_cap50/apex_hot_runs/survival_utility_controller_v4b_rankgroup_efficient_lr5e4_rank2__k1_2_4_6_8_10_12_14_16,survival_utility_controller_v4b_rankgroup_efficient_lr5e4_rank2__k1_2_4_6_8_10_12_14_16,survival_utility_controller_v4b_rankgroup_efficient_lr5e4_rank2,k1_2_4_6_8_10_12_14_16
slow_fast,ngram_sd,conversational_generation_sft_cap50,50,38.514866986102845,31.63093684418111,15.023683080673218,16.186858296394348,512.0,results/apexp_block/config_large_500/evaluation/paper_cap50/apex_hot_runs/survival_utility_controller_v4b_rankgroup_efficient_lr5e4_rank2__k1_2_4_6_8_10_12_14_16,survival_utility_controller_v4b_rankgroup_efficient_lr5e4_rank2__k1_2_4_6_8_10_12_14_16,survival_utility_controller_v4b_rankgroup_efficient_lr5e4_rank2,k1_2_4_6_8_10_12_14_16
slow_fast,ngram_sd,hardware_gen,44,59.09106914259712,41.68983133522125,11.331075527451254,12.283795833587646,511.34090909090907,results/apexp_block/config_large_500/evaluation/paper_cap50/apex_hot_runs/survival_utility_controller_v4b_rankgroup_efficient_lr5e4_rank2__k1_2_4_6_8_10_12_14_16,survival_utility_controller_v4b_rankgroup_efficient_lr5e4_rank2__k1_2_4_6_8_10_12_14_16,survival_utility_controller_v4b_rankgroup_efficient_lr5e4_rank2,k1_2_4_6_8_10_12_14_16
slow_fast,ngram_sd,long_chain_reasoning,50,80.03178488809118,41.54607773700706,21.29979037284851,24.647375226020813,1024.0,results/apexp_block/config_large_500/evaluation/paper_cap50/apex_hot_runs/survival_utility_controller_v4b_rankgroup_efficient_lr5e4_rank2__k1_2_4_6_8_10_12_14_16,survival_utility_controller_v4b_rankgroup_efficient_lr5e4_rank2__k1_2_4_6_8_10_12_14_16,survival_utility_controller_v4b_rankgroup_efficient_lr5e4_rank2,k1_2_4_6_8_10_12_14_16
slow_fast,ngram_sd,long_context_completion,50,126.23539127203075,85.3485929716021,21.20386863231659,18.67928910255432,1829.92,results/apexp_block/config_large_500/evaluation/paper_cap50/apex_hot_runs/survival_utility_controller_v4b_rankgroup_efficient_lr5e4_rank2__k1_2_4_6_8_10_12_14_16,survival_utility_controller_v4b_rankgroup_efficient_lr5e4_rank2__k1_2_4_6_8_10_12_14_16,survival_utility_controller_v4b_rankgroup_efficient_lr5e4_rank2,k1_2_4_6_8_10_12_14_16
slow_fast,ngram_sd,long_horizon_swe,50,92.02125926383788,67.44361821511227,16.52670398235321,15.19251024723053,1024.0,results/apexp_block/config_large_500/evaluation/paper_cap50/apex_hot_runs/survival_utility_controller_v4b_rankgroup_efficient_lr5e4_rank2__k1_2_4_6_8_10_12_14_16,survival_utility_controller_v4b_rankgroup_efficient_lr5e4_rank2__k1_2_4_6_8_10_12_14_16,survival_utility_controller_v4b_rankgroup_efficient_lr5e4_rank2,k1_2_4_6_8_10_12_14_16
slow_fast,ngram_sd,mathematical_reasoning,50,36.339677162476,33.445599058194155,14.771885957717895,15.230541229248049,510.84,results/apexp_block/config_large_500/evaluation/paper_cap50/apex_hot_runs/survival_utility_controller_v4b_rankgroup_efficient_lr5e4_rank2__k1_2_4_6_8_10_12_14_16,survival_utility_controller_v4b_rankgroup_efficient_lr5e4_rank2__k1_2_4_6_8_10_12_14_16,survival_utility_controller_v4b_rankgroup_efficient_lr5e4_rank2,k1_2_4_6_8_10_12_14_16
slow_only,eagle3,code_gen,26,72.12274776922733,74.77437813809075,7.2101240158081055,6.847541809082031,512.0,results/apexp_block/config_large_500/evaluation/paper_cap50/apex_hot_runs/survival_utility_controller_v4b_rankgroup_efficient_lr5e4_rank2__k1_2_4_6_8_10_12_14_16,survival_utility_controller_v4b_rankgroup_efficient_lr5e4_rank2__k1_2_4_6_8_10_12_14_16,survival_utility_controller_v4b_rankgroup_efficient_lr5e4_rank2,k1_2_4_6_8_10_12_14_16
slow_only,eagle3,hardware_gen,6,63.08542515603255,59.61315979682444,8.213049093882242,8.592038631439209,512.0,results/apexp_block/config_large_500/evaluation/paper_cap50/apex_hot_runs/survival_utility_controller_v4b_rankgroup_efficient_lr5e4_rank2__k1_2_4_6_8_10_12_14_16,survival_utility_controller_v4b_rankgroup_efficient_lr5e4_rank2__k1_2_4_6_8_10_12_14_16,survival_utility_controller_v4b_rankgroup_efficient_lr5e4_rank2,k1_2_4_6_8_10_12_14_16
slow_only,ngram_sd,code_gen,24,410.3738734271346,364.7243999403246,1.9371960858503976,1.4038105010986328,512.0,results/apexp_block/config_large_500/evaluation/paper_cap50/apex_hot_runs/survival_utility_controller_v4b_rankgroup_efficient_lr5e4_rank2__k1_2_4_6_8_10_12_14_16,survival_utility_controller_v4b_rankgroup_efficient_lr5e4_rank2__k1_2_4_6_8_10_12_14_16,survival_utility_controller_v4b_rankgroup_efficient_lr5e4_rank2,k1_2_4_6_8_10_12_14_16
slow_only,ngram_sd,conversational_generation_gen_cap50,50,268.1215469770294,182.3333923467127,2.433847093582153,2.808109998703003,512.0,results/apexp_block/config_large_500/evaluation/paper_cap50/apex_hot_runs/survival_utility_controller_v4b_rankgroup_efficient_lr5e4_rank2__k1_2_4_6_8_10_12_14_16,survival_utility_controller_v4b_rankgroup_efficient_lr5e4_rank2__k1_2_4_6_8_10_12_14_16,survival_utility_controller_v4b_rankgroup_efficient_lr5e4_rank2,k1_2_4_6_8_10_12_14_16
slow_only,ngram_sd,conversational_generation_sft_cap50,50,230.25368167011464,187.8356316953574,2.509131736755371,2.725935220718384,512.0,results/apexp_block/config_large_500/evaluation/paper_cap50/apex_hot_runs/survival_utility_controller_v4b_rankgroup_efficient_lr5e4_rank2__k1_2_4_6_8_10_12_14_16,survival_utility_controller_v4b_rankgroup_efficient_lr5e4_rank2__k1_2_4_6_8_10_12_14_16,survival_utility_controller_v4b_rankgroup_efficient_lr5e4_rank2,k1_2_4_6_8_10_12_14_16
slow_only,ngram_sd,hardware_gen,44,361.7257491166232,251.56731711695585,1.876673286611384,2.035902976989746,511.34090909090907,results/apexp_block/config_large_500/evaluation/paper_cap50/apex_hot_runs/survival_utility_controller_v4b_rankgroup_efficient_lr5e4_rank2__k1_2_4_6_8_10_12_14_16,survival_utility_controller_v4b_rankgroup_efficient_lr5e4_rank2__k1_2_4_6_8_10_12_14_16,survival_utility_controller_v4b_rankgroup_efficient_lr5e4_rank2,k1_2_4_6_8_10_12_14_16
slow_only,ngram_sd,long_chain_reasoning,50,497.1808063160173,236.8682018191995,3.676456503868103,4.324486494064331,1024.0,results/apexp_block/config_large_500/evaluation/paper_cap50/apex_hot_runs/survival_utility_controller_v4b_rankgroup_efficient_lr5e4_rank2__k1_2_4_6_8_10_12_14_16,survival_utility_controller_v4b_rankgroup_efficient_lr5e4_rank2__k1_2_4_6_8_10_12_14_16,survival_utility_controller_v4b_rankgroup_efficient_lr5e4_rank2,k1_2_4_6_8_10_12_14_16
slow_only,ngram_sd,long_context_completion,50,800.6272049658345,509.1510647416863,3.492753472328186,2.979263663291931,1829.92,results/apexp_block/config_large_500/evaluation/paper_cap50/apex_hot_runs/survival_utility_controller_v4b_rankgroup_efficient_lr5e4_rank2__k1_2_4_6_8_10_12_14_16,survival_utility_controller_v4b_rankgroup_efficient_lr5e4_rank2__k1_2_4_6_8_10_12_14_16,survival_utility_controller_v4b_rankgroup_efficient_lr5e4_rank2,k1_2_4_6_8_10_12_14_16
slow_only,ngram_sd,long_horizon_swe,50,556.6736652937228,379.7423238479928,2.9983048582077028,2.69696843624115,1024.0,results/apexp_block/config_large_500/evaluation/paper_cap50/apex_hot_runs/survival_utility_controller_v4b_rankgroup_efficient_lr5e4_rank2__k1_2_4_6_8_10_12_14_16,survival_utility_controller_v4b_rankgroup_efficient_lr5e4_rank2__k1_2_4_6_8_10_12_14_16,survival_utility_controller_v4b_rankgroup_efficient_lr5e4_rank2,k1_2_4_6_8_10_12_14_16
slow_only,ngram_sd,mathematical_reasoning,50,238.39097188791504,224.25931706420943,2.233201470375061,2.2831114530563354,510.84,results/apexp_block/config_large_500/evaluation/paper_cap50/apex_hot_runs/survival_utility_controller_v4b_rankgroup_efficient_lr5e4_rank2__k1_2_4_6_8_10_12_14_16,survival_utility_controller_v4b_rankgroup_efficient_lr5e4_rank2__k1_2_4_6_8_10_12_14_16,survival_utility_controller_v4b_rankgroup_efficient_lr5e4_rank2,k1_2_4_6_8_10_12_14_16
slow_fast,eagle3,code_gen,26,24.70043527871077,24.244731752858208,20.832350455797634,21.11801326274872,512.0,results/apexp_block/config_large_500/evaluation/paper_cap50/apex_hot_runs/survival_utility_controller_v4b_rankgroup_efficient_lr5e4_rank2__k1_2_4_8_16,survival_utility_controller_v4b_rankgroup_efficient_lr5e4_rank2__k1_2_4_8_16,survival_utility_controller_v4b_rankgroup_efficient_lr5e4_rank2,k1_2_4_8_16
slow_fast,eagle3,hardware_gen,6,26.231798046130624,27.70564907887921,19.7189066807429,18.481172919273376,512.0,results/apexp_block/config_large_500/evaluation/paper_cap50/apex_hot_runs/survival_utility_controller_v4b_rankgroup_efficient_lr5e4_rank2__k1_2_4_8_16,survival_utility_controller_v4b_rankgroup_efficient_lr5e4_rank2__k1_2_4_8_16,survival_utility_controller_v4b_rankgroup_efficient_lr5e4_rank2,k1_2_4_8_16
slow_fast,ngram_sd,code_gen,24,53.14463665795095,50.15983386174851,12.619141767422358,10.207880139350891,512.0,results/apexp_block/config_large_500/evaluation/paper_cap50/apex_hot_runs/survival_utility_controller_v4b_rankgroup_efficient_lr5e4_rank2__k1_2_4_8_16,survival_utility_controller_v4b_rankgroup_efficient_lr5e4_rank2__k1_2_4_8_16,survival_utility_controller_v4b_rankgroup_efficient_lr5e4_rank2,k1_2_4_8_16
slow_fast,ngram_sd,conversational_generation_gen_cap50,50,48.38577571326323,33.21066567631911,13.405649585723877,15.416752696037292,512.0,results/apexp_block/config_large_500/evaluation/paper_cap50/apex_hot_runs/survival_utility_controller_v4b_rankgroup_efficient_lr5e4_rank2__k1_2_4_8_16,survival_utility_controller_v4b_rankgroup_efficient_lr5e4_rank2__k1_2_4_8_16,survival_utility_controller_v4b_rankgroup_efficient_lr5e4_rank2,k1_2_4_8_16
slow_fast,ngram_sd,conversational_generation_sft_cap50,50,42.06268735948766,34.265128120113104,13.852228121757507,14.942626476287842,512.0,results/apexp_block/config_large_500/evaluation/paper_cap50/apex_hot_runs/survival_utility_controller_v4b_rankgroup_efficient_lr5e4_rank2__k1_2_4_8_16,survival_utility_controller_v4b_rankgroup_efficient_lr5e4_rank2__k1_2_4_8_16,survival_utility_controller_v4b_rankgroup_efficient_lr5e4_rank2,k1_2_4_8_16
slow_fast,ngram_sd,hardware_gen,44,61.72203498966243,44.94207142844599,10.7383583242243,11.397873759269714,511.34090909090907,results/apexp_block/config_large_500/evaluation/paper_cap50/apex_hot_runs/survival_utility_controller_v4b_rankgroup_efficient_lr5e4_rank2__k1_2_4_8_16,survival_utility_controller_v4b_rankgroup_efficient_lr5e4_rank2__k1_2_4_8_16,survival_utility_controller_v4b_rankgroup_efficient_lr5e4_rank2,k1_2_4_8_16
slow_fast,ngram_sd,long_chain_reasoning,50,82.6420172875388,44.30429184599099,20.07738882541657,23.112885236740112,1024.0,results/apexp_block/config_large_500/evaluation/paper_cap50/apex_hot_runs/survival_utility_controller_v4b_rankgroup_efficient_lr5e4_rank2__k1_2_4_8_16,survival_utility_controller_v4b_rankgroup_efficient_lr5e4_rank2__k1_2_4_8_16,survival_utility_controller_v4b_rankgroup_efficient_lr5e4_rank2,k1_2_4_8_16
slow_fast,ngram_sd,long_context_completion,50,129.3477019657046,85.01409424294809,20.41615165233612,17.53788125514984,1829.92,results/apexp_block/config_large_500/evaluation/paper_cap50/apex_hot_runs/survival_utility_controller_v4b_rankgroup_efficient_lr5e4_rank2__k1_2_4_8_16,survival_utility_controller_v4b_rankgroup_efficient_lr5e4_rank2__k1_2_4_8_16,survival_utility_controller_v4b_rankgroup_efficient_lr5e4_rank2,k1_2_4_8_16
slow_fast,ngram_sd,long_horizon_swe,50,99.51902057486224,72.30599766595088,15.508111910820007,14.206618785858154,1024.0,results/apexp_block/config_large_500/evaluation/paper_cap50/apex_hot_runs/survival_utility_controller_v4b_rankgroup_efficient_lr5e4_rank2__k1_2_4_8_16,survival_utility_controller_v4b_rankgroup_efficient_lr5e4_rank2__k1_2_4_8_16,survival_utility_controller_v4b_rankgroup_efficient_lr5e4_rank2,k1_2_4_8_16
slow_fast,ngram_sd,mathematical_reasoning,50,36.06612847354314,33.581707992502615,14.86693998336792,15.223379373550417,510.84,results/apexp_block/config_large_500/evaluation/paper_cap50/apex_hot_runs/survival_utility_controller_v4b_rankgroup_efficient_lr5e4_rank2__k1_2_4_8_16,survival_utility_controller_v4b_rankgroup_efficient_lr5e4_rank2__k1_2_4_8_16,survival_utility_controller_v4b_rankgroup_efficient_lr5e4_rank2,k1_2_4_8_16
slow_only,eagle3,code_gen,26,74.27469933098641,77.61022848086296,6.99958612368657,6.597121953964233,512.0,results/apexp_block/config_large_500/evaluation/paper_cap50/apex_hot_runs/survival_utility_controller_v4b_rankgroup_efficient_lr5e4_rank2__k1_2_4_8_16,survival_utility_controller_v4b_rankgroup_efficient_lr5e4_rank2__k1_2_4_8_16,survival_utility_controller_v4b_rankgroup_efficient_lr5e4_rank2,k1_2_4_8_16
slow_only,eagle3,hardware_gen,6,66.92116568543776,62.80366874883791,7.760594288508098,8.153236269950867,512.0,results/apexp_block/config_large_500/evaluation/paper_cap50/apex_hot_runs/survival_utility_controller_v4b_rankgroup_efficient_lr5e4_rank2__k1_2_4_8_16,survival_utility_controller_v4b_rankgroup_efficient_lr5e4_rank2__k1_2_4_8_16,survival_utility_controller_v4b_rankgroup_efficient_lr5e4_rank2,k1_2_4_8_16
slow_only,ngram_sd,code_gen,24,402.69513182131686,353.3095423474949,1.9706441561381025,1.4492053985595703,512.0,results/apexp_block/config_large_500/evaluation/paper_cap50/apex_hot_runs/survival_utility_controller_v4b_rankgroup_efficient_lr5e4_rank2__k1_2_4_8_16,survival_utility_controller_v4b_rankgroup_efficient_lr5e4_rank2__k1_2_4_8_16,survival_utility_controller_v4b_rankgroup_efficient_lr5e4_rank2,k1_2_4_8_16
slow_only,ngram_sd,conversational_generation_gen_cap50,50,271.08273468101913,186.20668440195172,2.4000474262237548,2.749632954597473,512.0,results/apexp_block/config_large_500/evaluation/paper_cap50/apex_hot_runs/survival_utility_controller_v4b_rankgroup_efficient_lr5e4_rank2__k1_2_4_8_16,survival_utility_controller_v4b_rankgroup_efficient_lr5e4_rank2__k1_2_4_8_16,survival_utility_controller_v4b_rankgroup_efficient_lr5e4_rank2,k1_2_4_8_16
slow_only,ngram_sd,conversational_generation_sft_cap50,50,235.3956841606204,188.8548092363606,2.472222204208374,2.7111175060272217,512.0,results/apexp_block/config_large_500/evaluation/paper_cap50/apex_hot_runs/survival_utility_controller_v4b_rankgroup_efficient_lr5e4_rank2__k1_2_4_8_16,survival_utility_controller_v4b_rankgroup_efficient_lr5e4_rank2__k1_2_4_8_16,survival_utility_controller_v4b_rankgroup_efficient_lr5e4_rank2,k1_2_4_8_16
slow_only,ngram_sd,hardware_gen,44,365.21166382054975,253.3156319588865,1.865743252364072,2.021504044532776,511.34090909090907,results/apexp_block/config_large_500/evaluation/paper_cap50/apex_hot_runs/survival_utility_controller_v4b_rankgroup_efficient_lr5e4_rank2__k1_2_4_8_16,survival_utility_controller_v4b_rankgroup_efficient_lr5e4_rank2__k1_2_4_8_16,survival_utility_controller_v4b_rankgroup_efficient_lr5e4_rank2,k1_2_4_8_16
slow_only,ngram_sd,long_chain_reasoning,50,500.4657705945268,236.38948142263467,3.638617324829101,4.333747625350952,1024.0,results/apexp_block/config_large_500/evaluation/paper_cap50/apex_hot_runs/survival_utility_controller_v4b_rankgroup_efficient_lr5e4_rank2__k1_2_4_8_16,survival_utility_controller_v4b_rankgroup_efficient_lr5e4_rank2__k1_2_4_8_16,survival_utility_controller_v4b_rankgroup_efficient_lr5e4_rank2,k1_2_4_8_16
slow_only,ngram_sd,long_context_completion,50,804.931252095957,508.5033372020373,3.4765339374542235,2.9623396396636963,1829.92,results/apexp_block/config_large_500/evaluation/paper_cap50/apex_hot_runs/survival_utility_controller_v4b_rankgroup_efficient_lr5e4_rank2__k1_2_4_8_16,survival_utility_controller_v4b_rankgroup_efficient_lr5e4_rank2__k1_2_4_8_16,survival_utility_controller_v4b_rankgroup_efficient_lr5e4_rank2,k1_2_4_8_16
slow_only,ngram_sd,long_horizon_swe,50,548.2313718668221,374.6416154099724,3.0165951871871948,2.734768033027649,1024.0,results/apexp_block/config_large_500/evaluation/paper_cap50/apex_hot_runs/survival_utility_controller_v4b_rankgroup_efficient_lr5e4_rank2__k1_2_4_8_16,survival_utility_controller_v4b_rankgroup_efficient_lr5e4_rank2__k1_2_4_8_16,survival_utility_controller_v4b_rankgroup_efficient_lr5e4_rank2,k1_2_4_8_16
slow_only,ngram_sd,mathematical_reasoning,50,234.82340721103876,223.17881823653573,2.2680378913879395,2.2942103147506714,510.84,results/apexp_block/config_large_500/evaluation/paper_cap50/apex_hot_runs/survival_utility_controller_v4b_rankgroup_efficient_lr5e4_rank2__k1_2_4_8_16,survival_utility_controller_v4b_rankgroup_efficient_lr5e4_rank2__k1_2_4_8_16,survival_utility_controller_v4b_rankgroup_efficient_lr5e4_rank2,k1_2_4_8_16
slow_fast,eagle3,code_gen,26,30.03370014810943,30.13830583514015,17.210235559023342,16.988603830337524,512.0,results/apexp_block/config_large_500/evaluation/paper_cap50/apex_hot_runs/survival_utility_controller_v4b_rankgroup_efficient_lr5e4_rank2__k1_to_16,survival_utility_controller_v4b_rankgroup_efficient_lr5e4_rank2__k1_to_16,survival_utility_controller_v4b_rankgroup_efficient_lr5e4_rank2,k1_to_16
slow_fast,eagle3,hardware_gen,6,24.528978541040164,24.58955541243408,20.99113182226817,20.82582306861877,512.0,results/apexp_block/config_large_500/evaluation/paper_cap50/apex_hot_runs/survival_utility_controller_v4b_rankgroup_efficient_lr5e4_rank2__k1_to_16,survival_utility_controller_v4b_rankgroup_efficient_lr5e4_rank2__k1_to_16,survival_utility_controller_v4b_rankgroup_efficient_lr5e4_rank2,k1_to_16
slow_fast,ngram_sd,code_gen,24,54.07791751802802,50.85567019898991,12.59881748755773,10.073928236961365,512.0,results/apexp_block/config_large_500/evaluation/paper_cap50/apex_hot_runs/survival_utility_controller_v4b_rankgroup_efficient_lr5e4_rank2__k1_to_16,survival_utility_controller_v4b_rankgroup_efficient_lr5e4_rank2__k1_to_16,survival_utility_controller_v4b_rankgroup_efficient_lr5e4_rank2,k1_to_16
slow_fast,ngram_sd,conversational_generation_gen_cap50,50,46.42474215573594,31.227201505442828,14.152193608283996,16.39601457118988,512.0,results/apexp_block/config_large_500/evaluation/paper_cap50/apex_hot_runs/survival_utility_controller_v4b_rankgroup_efficient_lr5e4_rank2__k1_to_16,survival_utility_controller_v4b_rankgroup_efficient_lr5e4_rank2__k1_to_16,survival_utility_controller_v4b_rankgroup_efficient_lr5e4_rank2,k1_to_16
slow_fast,ngram_sd,conversational_generation_sft_cap50,50,38.54507575761509,31.00735847811732,15.069998111724852,16.512328267097473,512.0,results/apexp_block/config_large_500/evaluation/paper_cap50/apex_hot_runs/survival_utility_controller_v4b_rankgroup_efficient_lr5e4_rank2__k1_to_16,survival_utility_controller_v4b_rankgroup_efficient_lr5e4_rank2__k1_to_16,survival_utility_controller_v4b_rankgroup_efficient_lr5e4_rank2,k1_to_16
slow_fast,ngram_sd,hardware_gen,44,57.70391985767162,40.903819023062624,11.572408947077664,12.522305846214294,511.34090909090907,results/apexp_block/config_large_500/evaluation/paper_cap50/apex_hot_runs/survival_utility_controller_v4b_rankgroup_efficient_lr5e4_rank2__k1_to_16,survival_utility_controller_v4b_rankgroup_efficient_lr5e4_rank2__k1_to_16,survival_utility_controller_v4b_rankgroup_efficient_lr5e4_rank2,k1_to_16
slow_fast,ngram_sd,long_chain_reasoning,50,78.38699077859673,41.28481019182449,21.46369601249695,24.80372154712677,1024.0,results/apexp_block/config_large_500/evaluation/paper_cap50/apex_hot_runs/survival_utility_controller_v4b_rankgroup_efficient_lr5e4_rank2__k1_to_16,survival_utility_controller_v4b_rankgroup_efficient_lr5e4_rank2__k1_to_16,survival_utility_controller_v4b_rankgroup_efficient_lr5e4_rank2,k1_to_16
slow_fast,ngram_sd,long_context_completion,50,124.26402661276416,80.93080020707492,21.431494812965397,18.61253845691681,1829.92,results/apexp_block/config_large_500/evaluation/paper_cap50/apex_hot_runs/survival_utility_controller_v4b_rankgroup_efficient_lr5e4_rank2__k1_to_16,survival_utility_controller_v4b_rankgroup_efficient_lr5e4_rank2__k1_to_16,survival_utility_controller_v4b_rankgroup_efficient_lr5e4_rank2,k1_to_16
slow_fast,ngram_sd,long_horizon_swe,50,89.7794469912646,65.5239374388916,16.974673595428467,15.64105749130249,1024.0,results/apexp_block/config_large_500/evaluation/paper_cap50/apex_hot_runs/survival_utility_controller_v4b_rankgroup_efficient_lr5e4_rank2__k1_to_16,survival_utility_controller_v4b_rankgroup_efficient_lr5e4_rank2__k1_to_16,survival_utility_controller_v4b_rankgroup_efficient_lr5e4_rank2,k1_to_16
slow_fast,ngram_sd,mathematical_reasoning,50,37.12141597340069,34.321563196368004,14.449405388832092,14.838583827018738,510.84,results/apexp_block/config_large_500/evaluation/paper_cap50/apex_hot_runs/survival_utility_controller_v4b_rankgroup_efficient_lr5e4_rank2__k1_to_16,survival_utility_controller_v4b_rankgroup_efficient_lr5e4_rank2__k1_to_16,survival_utility_controller_v4b_rankgroup_efficient_lr5e4_rank2,k1_to_16
slow_only,eagle3,code_gen,26,70.00039501535136,72.76234713791413,7.424505105385413,7.036627888679504,512.0,results/apexp_block/config_large_500/evaluation/paper_cap50/apex_hot_runs/survival_utility_controller_v4b_rankgroup_efficient_lr5e4_rank2__k1_to_16,survival_utility_controller_v4b_rankgroup_efficient_lr5e4_rank2__k1_to_16,survival_utility_controller_v4b_rankgroup_efficient_lr5e4_rank2,k1_to_16
slow_only,eagle3,hardware_gen,6,61.82906958324285,58.53174943232296,8.391833821932474,8.749498128890991,512.0,results/apexp_block/config_large_500/evaluation/paper_cap50/apex_hot_runs/survival_utility_controller_v4b_rankgroup_efficient_lr5e4_rank2__k1_to_16,survival_utility_controller_v4b_rankgroup_efficient_lr5e4_rank2__k1_to_16,survival_utility_controller_v4b_rankgroup_efficient_lr5e4_rank2,k1_to_16
slow_only,ngram_sd,code_gen,24,401.69732836043687,354.87733428838874,1.9723004500071208,1.4429912567138672,512.0,results/apexp_block/config_large_500/evaluation/paper_cap50/apex_hot_runs/survival_utility_controller_v4b_rankgroup_efficient_lr5e4_rank2__k1_to_16,survival_utility_controller_v4b_rankgroup_efficient_lr5e4_rank2__k1_to_16,survival_utility_controller_v4b_rankgroup_efficient_lr5e4_rank2,k1_to_16
slow_only,ngram_sd,conversational_generation_gen_cap50,50,268.40945029510783,182.57791066492655,2.429440350532532,2.804284453392029,512.0,results/apexp_block/config_large_500/evaluation/paper_cap50/apex_hot_runs/survival_utility_controller_v4b_rankgroup_efficient_lr5e4_rank2__k1_to_16,survival_utility_controller_v4b_rankgroup_efficient_lr5e4_rank2__k1_to_16,survival_utility_controller_v4b_rankgroup_efficient_lr5e4_rank2,k1_to_16
slow_only,ngram_sd,conversational_generation_sft_cap50,50,231.7948536899996,187.82414574131116,2.5089014625549315,2.725967526435852,512.0,results/apexp_block/config_large_500/evaluation/paper_cap50/apex_hot_runs/survival_utility_controller_v4b_rankgroup_efficient_lr5e4_rank2__k1_to_16,survival_utility_controller_v4b_rankgroup_efficient_lr5e4_rank2__k1_to_16,survival_utility_controller_v4b_rankgroup_efficient_lr5e4_rank2,k1_to_16
slow_only,ngram_sd,hardware_gen,44,360.4576055660389,250.53632293697405,1.88236712325703,2.0443042516708374,511.34090909090907,results/apexp_block/config_large_500/evaluation/paper_cap50/apex_hot_runs/survival_utility_controller_v4b_rankgroup_efficient_lr5e4_rank2__k1_to_16,survival_utility_controller_v4b_rankgroup_efficient_lr5e4_rank2__k1_to_16,survival_utility_controller_v4b_rankgroup_efficient_lr5e4_rank2,k1_to_16
slow_only,ngram_sd,long_chain_reasoning,50,497.1546997881261,236.72015636370375,3.678609347343445,4.327512860298157,1024.0,results/apexp_block/config_large_500/evaluation/paper_cap50/apex_hot_runs/survival_utility_controller_v4b_rankgroup_efficient_lr5e4_rank2__k1_to_16,survival_utility_controller_v4b_rankgroup_efficient_lr5e4_rank2__k1_to_16,survival_utility_controller_v4b_rankgroup_efficient_lr5e4_rank2,k1_to_16
slow_only,ngram_sd,long_context_completion,50,803.9954659799404,515.1593763423778,3.4783484172821044,2.959482192993164,1829.92,results/apexp_block/config_large_500/evaluation/paper_cap50/apex_hot_runs/survival_utility_controller_v4b_rankgroup_efficient_lr5e4_rank2__k1_to_16,survival_utility_controller_v4b_rankgroup_efficient_lr5e4_rank2__k1_to_16,survival_utility_controller_v4b_rankgroup_efficient_lr5e4_rank2,k1_to_16
slow_only,ngram_sd,long_horizon_swe,50,554.7087441843967,375.7083978980073,2.9907636308670043,2.725520253181457,1024.0,results/apexp_block/config_large_500/evaluation/paper_cap50/apex_hot_runs/survival_utility_controller_v4b_rankgroup_efficient_lr5e4_rank2__k1_to_16,survival_utility_controller_v4b_rankgroup_efficient_lr5e4_rank2__k1_to_16,survival_utility_controller_v4b_rankgroup_efficient_lr5e4_rank2,k1_to_16
slow_only,ngram_sd,mathematical_reasoning,50,234.5407729689437,222.0755141488328,2.273612766265869,2.305566430091858,510.84,results/apexp_block/config_large_500/evaluation/paper_cap50/apex_hot_runs/survival_utility_controller_v4b_rankgroup_efficient_lr5e4_rank2__k1_to_16,survival_utility_controller_v4b_rankgroup_efficient_lr5e4_rank2__k1_to_16,survival_utility_controller_v4b_rankgroup_efficient_lr5e4_rank2,k1_to_16
slow_fast,eagle3,code_gen,26,30.159448855301196,30.353675464811083,17.14622412278102,16.867810010910034,512.0,results/apexp_block/config_large_500/evaluation/paper_cap50/apex_hot_runs/survival_utility_controller_v4b_rankgroup_efficient_lr5e4_rank2__k2_4_6_8,survival_utility_controller_v4b_rankgroup_efficient_lr5e4_rank2__k2_4_6_8,survival_utility_controller_v4b_rankgroup_efficient_lr5e4_rank2,k2_4_6_8
slow_fast,eagle3,hardware_gen,6,25.6000154751176,25.4480116020089,20.025529821713764,20.12032401561737,512.0,results/apexp_block/config_large_500/evaluation/paper_cap50/apex_hot_runs/survival_utility_controller_v4b_rankgroup_efficient_lr5e4_rank2__k2_4_6_8,survival_utility_controller_v4b_rankgroup_efficient_lr5e4_rank2__k2_4_6_8,survival_utility_controller_v4b_rankgroup_efficient_lr5e4_rank2,k2_4_6_8
slow_fast,ngram_sd,code_gen,24,53.13559761614389,54.31355890854413,11.450493454933168,9.429282546043396,512.0,results/apexp_block/config_large_500/evaluation/paper_cap50/apex_hot_runs/survival_utility_controller_v4b_rankgroup_efficient_lr5e4_rank2__k2_4_6_8,survival_utility_controller_v4b_rankgroup_efficient_lr5e4_rank2__k2_4_6_8,survival_utility_controller_v4b_rankgroup_efficient_lr5e4_rank2,k2_4_6_8
slow_fast,ngram_sd,conversational_generation_gen_cap50,50,54.16946054580677,41.903483951257854,10.88604205608368,12.21907925605774,512.0,results/apexp_block/config_large_500/evaluation/paper_cap50/apex_hot_runs/survival_utility_controller_v4b_rankgroup_efficient_lr5e4_rank2__k2_4_6_8,survival_utility_controller_v4b_rankgroup_efficient_lr5e4_rank2__k2_4_6_8,survival_utility_controller_v4b_rankgroup_efficient_lr5e4_rank2,k2_4_6_8
slow_fast,ngram_sd,conversational_generation_sft_cap50,50,49.133048404799865,42.81772174476703,11.372131690979003,11.957687377929688,512.0,results/apexp_block/config_large_500/evaluation/paper_cap50/apex_hot_runs/survival_utility_controller_v4b_rankgroup_efficient_lr5e4_rank2__k2_4_6_8,survival_utility_controller_v4b_rankgroup_efficient_lr5e4_rank2__k2_4_6_8,survival_utility_controller_v4b_rankgroup_efficient_lr5e4_rank2,k2_4_6_8
slow_fast,ngram_sd,hardware_gen,44,64.99252449108847,51.22837195225199,9.223652281544425,10.00643527507782,511.34090909090907,results/apexp_block/config_large_500/evaluation/paper_cap50/apex_hot_runs/survival_utility_controller_v4b_rankgroup_efficient_lr5e4_rank2__k2_4_6_8,survival_utility_controller_v4b_rankgroup_efficient_lr5e4_rank2__k2_4_6_8,survival_utility_controller_v4b_rankgroup_efficient_lr5e4_rank2,k2_4_6_8
slow_fast,ngram_sd,long_chain_reasoning,50,81.54422163693961,55.30669614772679,16.236348152160645,18.514954209327698,1024.0,results/apexp_block/config_large_500/evaluation/paper_cap50/apex_hot_runs/survival_utility_controller_v4b_rankgroup_efficient_lr5e4_rank2__k2_4_6_8,survival_utility_controller_v4b_rankgroup_efficient_lr5e4_rank2__k2_4_6_8,survival_utility_controller_v4b_rankgroup_efficient_lr5e4_rank2,k2_4_6_8
slow_fast,ngram_sd,long_context_completion,50,110.34910338904,100.50002609039724,19.19692246437073,17.860037088394165,1829.92,results/apexp_block/config_large_500/evaluation/paper_cap50/apex_hot_runs/survival_utility_controller_v4b_rankgroup_efficient_lr5e4_rank2__k2_4_6_8,survival_utility_controller_v4b_rankgroup_efficient_lr5e4_rank2__k2_4_6_8,survival_utility_controller_v4b_rankgroup_efficient_lr5e4_rank2,k2_4_6_8
slow_fast,ngram_sd,long_horizon_swe,50,92.2075050829709,78.14488916025212,13.7213858795166,13.114921808242798,1024.0,results/apexp_block/config_large_500/evaluation/paper_cap50/apex_hot_runs/survival_utility_controller_v4b_rankgroup_efficient_lr5e4_rank2__k2_4_6_8,survival_utility_controller_v4b_rankgroup_efficient_lr5e4_rank2__k2_4_6_8,survival_utility_controller_v4b_rankgroup_efficient_lr5e4_rank2,k2_4_6_8
slow_fast,ngram_sd,mathematical_reasoning,50,41.600466519453605,38.77562645762386,12.776174659729003,13.204248905181885,510.84,results/apexp_block/config_large_500/evaluation/paper_cap50/apex_hot_runs/survival_utility_controller_v4b_rankgroup_efficient_lr5e4_rank2__k2_4_6_8,survival_utility_controller_v4b_rankgroup_efficient_lr5e4_rank2__k2_4_6_8,survival_utility_controller_v4b_rankgroup_efficient_lr5e4_rank2,k2_4_6_8
slow_only,eagle3,code_gen,26,73.55728814719185,76.83639609375567,7.075651196333078,6.66362452507019,512.0,results/apexp_block/config_large_500/evaluation/paper_cap50/apex_hot_runs/survival_utility_controller_v4b_rankgroup_efficient_lr5e4_rank2__k2_4_6_8,survival_utility_controller_v4b_rankgroup_efficient_lr5e4_rank2__k2_4_6_8,survival_utility_controller_v4b_rankgroup_efficient_lr5e4_rank2,k2_4_6_8
slow_only,eagle3,hardware_gen,6,64.99955246203508,61.75874820977117,7.966846227645874,8.290687561035156,512.0,results/apexp_block/config_large_500/evaluation/paper_cap50/apex_hot_runs/survival_utility_controller_v4b_rankgroup_efficient_lr5e4_rank2__k2_4_6_8,survival_utility_controller_v4b_rankgroup_efficient_lr5e4_rank2__k2_4_6_8,survival_utility_controller_v4b_rankgroup_efficient_lr5e4_rank2,k2_4_6_8
slow_only,ngram_sd,code_gen,24,405.1284349361336,361.70254485814,1.9481298128763835,1.4155341386795044,512.0,results/apexp_block/config_large_500/evaluation/paper_cap50/apex_hot_runs/survival_utility_controller_v4b_rankgroup_efficient_lr5e4_rank2__k2_4_6_8,survival_utility_controller_v4b_rankgroup_efficient_lr5e4_rank2__k2_4_6_8,survival_utility_controller_v4b_rankgroup_efficient_lr5e4_rank2,k2_4_6_8
slow_only,ngram_sd,conversational_generation_gen_cap50,50,269.4208749990757,184.43611643768543,2.4134194374084474,2.776082396507263,512.0,results/apexp_block/config_large_500/evaluation/paper_cap50/apex_hot_runs/survival_utility_controller_v4b_rankgroup_efficient_lr5e4_rank2__k2_4_6_8,survival_utility_controller_v4b_rankgroup_efficient_lr5e4_rank2__k2_4_6_8,survival_utility_controller_v4b_rankgroup_efficient_lr5e4_rank2,k2_4_6_8
slow_only,ngram_sd,conversational_generation_sft_cap50,50,235.4504859634689,188.6605526683274,2.4726295614242555,2.7138701677322388,512.0,results/apexp_block/config_large_500/evaluation/paper_cap50/apex_hot_runs/survival_utility_controller_v4b_rankgroup_efficient_lr5e4_rank2__k2_4_6_8,survival_utility_controller_v4b_rankgroup_efficient_lr5e4_rank2__k2_4_6_8,survival_utility_controller_v4b_rankgroup_efficient_lr5e4_rank2,k2_4_6_8
slow_only,ngram_sd,hardware_gen,44,363.4352220220382,252.00924303151265,1.865902461788871,2.0318537950515747,511.34090909090907,results/apexp_block/config_large_500/evaluation/paper_cap50/apex_hot_runs/survival_utility_controller_v4b_rankgroup_efficient_lr5e4_rank2__k2_4_6_8,survival_utility_controller_v4b_rankgroup_efficient_lr5e4_rank2__k2_4_6_8,survival_utility_controller_v4b_rankgroup_efficient_lr5e4_rank2,k2_4_6_8
slow_only,ngram_sd,long_chain_reasoning,50,499.06361743765297,235.50683358820112,3.6704466915130616,4.350004315376282,1024.0,results/apexp_block/config_large_500/evaluation/paper_cap50/apex_hot_runs/survival_utility_controller_v4b_rankgroup_efficient_lr5e4_rank2__k2_4_6_8,survival_utility_controller_v4b_rankgroup_efficient_lr5e4_rank2__k2_4_6_8,survival_utility_controller_v4b_rankgroup_efficient_lr5e4_rank2,k2_4_6_8
slow_only,ngram_sd,long_context_completion,50,800.8653844974284,507.4706039922284,3.486499648094177,2.986912488937378,1829.92,results/apexp_block/config_large_500/evaluation/paper_cap50/apex_hot_runs/survival_utility_controller_v4b_rankgroup_efficient_lr5e4_rank2__k2_4_6_8,survival_utility_controller_v4b_rankgroup_efficient_lr5e4_rank2__k2_4_6_8,survival_utility_controller_v4b_rankgroup_efficient_lr5e4_rank2,k2_4_6_8
slow_only,ngram_sd,long_horizon_swe,50,564.13886036524,378.6358117199666,2.9568787145614626,2.7044461965560918,1024.0,results/apexp_block/config_large_500/evaluation/paper_cap50/apex_hot_runs/survival_utility_controller_v4b_rankgroup_efficient_lr5e4_rank2__k2_4_6_8,survival_utility_controller_v4b_rankgroup_efficient_lr5e4_rank2__k2_4_6_8,survival_utility_controller_v4b_rankgroup_efficient_lr5e4_rank2,k2_4_6_8
slow_only,ngram_sd,mathematical_reasoning,50,236.3786906265955,221.99260027597649,2.250340003967285,2.3063939809799194,510.84,results/apexp_block/config_large_500/evaluation/paper_cap50/apex_hot_runs/survival_utility_controller_v4b_rankgroup_efficient_lr5e4_rank2__k2_4_6_8,survival_utility_controller_v4b_rankgroup_efficient_lr5e4_rank2__k2_4_6_8,survival_utility_controller_v4b_rankgroup_efficient_lr5e4_rank2,k2_4_6_8
slow_fast,eagle3,code_gen,26,27.180863834894748,29.77305928908106,19.59620824226966,17.19684386253357,512.0,results/apexp_block/config_large_500/evaluation/paper_cap50/apex_hot_runs/survival_utility_controller_v4b_rankgroup_speed_lr3e4_rank3__k1_2_4_6_8_10_12_14_16,survival_utility_controller_v4b_rankgroup_speed_lr3e4_rank3__k1_2_4_6_8_10_12_14_16,survival_utility_controller_v4b_rankgroup_speed_lr3e4_rank3,k1_2_4_6_8_10_12_14_16
slow_fast,eagle3,hardware_gen,6,19.02469455190759,18.890006101110195,26.934467871983845,27.104504108428955,512.0,results/apexp_block/config_large_500/evaluation/paper_cap50/apex_hot_runs/survival_utility_controller_v4b_rankgroup_speed_lr3e4_rank3__k1_2_4_6_8_10_12_14_16,survival_utility_controller_v4b_rankgroup_speed_lr3e4_rank3__k1_2_4_6_8_10_12_14_16,survival_utility_controller_v4b_rankgroup_speed_lr3e4_rank3,k1_2_4_6_8_10_12_14_16
slow_fast,ngram_sd,code_gen,24,49.52577278586735,48.759650253136826,13.47914931178093,10.500595569610596,512.0,results/apexp_block/config_large_500/evaluation/paper_cap50/apex_hot_runs/survival_utility_controller_v4b_rankgroup_speed_lr3e4_rank3__k1_2_4_6_8_10_12_14_16,survival_utility_controller_v4b_rankgroup_speed_lr3e4_rank3__k1_2_4_6_8_10_12_14_16,survival_utility_controller_v4b_rankgroup_speed_lr3e4_rank3,k1_2_4_6_8_10_12_14_16
slow_fast,ngram_sd,conversational_generation_gen_cap50,50,42.36869319555892,29.33247100192734,15.289441170692443,17.45570433139801,512.0,results/apexp_block/config_large_500/evaluation/paper_cap50/apex_hot_runs/survival_utility_controller_v4b_rankgroup_speed_lr3e4_rank3__k1_2_4_6_8_10_12_14_16,survival_utility_controller_v4b_rankgroup_speed_lr3e4_rank3__k1_2_4_6_8_10_12_14_16,survival_utility_controller_v4b_rankgroup_speed_lr3e4_rank3,k1_2_4_6_8_10_12_14_16
slow_fast,ngram_sd,conversational_generation_sft_cap50,50,35.32590951791774,28.349416509206176,16.429107193946837,18.06064784526825,512.0,results/apexp_block/config_large_500/evaluation/paper_cap50/apex_hot_runs/survival_utility_controller_v4b_rankgroup_speed_lr3e4_rank3__k1_2_4_6_8_10_12_14_16,survival_utility_controller_v4b_rankgroup_speed_lr3e4_rank3__k1_2_4_6_8_10_12_14_16,survival_utility_controller_v4b_rankgroup_speed_lr3e4_rank3,k1_2_4_6_8_10_12_14_16
slow_fast,ngram_sd,hardware_gen,44,52.437038952788015,36.860265147643375,12.58978122472763,13.90364420413971,511.34090909090907,results/apexp_block/config_large_500/evaluation/paper_cap50/apex_hot_runs/survival_utility_controller_v4b_rankgroup_speed_lr3e4_rank3__k1_2_4_6_8_10_12_14_16,survival_utility_controller_v4b_rankgroup_speed_lr3e4_rank3__k1_2_4_6_8_10_12_14_16,survival_utility_controller_v4b_rankgroup_speed_lr3e4_rank3,k1_2_4_6_8_10_12_14_16
slow_fast,ngram_sd,long_chain_reasoning,50,73.50318450395037,36.650749172270864,23.509271264076236,27.95301628112793,1024.0,results/apexp_block/config_large_500/evaluation/paper_cap50/apex_hot_runs/survival_utility_controller_v4b_rankgroup_speed_lr3e4_rank3__k1_2_4_6_8_10_12_14_16,survival_utility_controller_v4b_rankgroup_speed_lr3e4_rank3__k1_2_4_6_8_10_12_14_16,survival_utility_controller_v4b_rankgroup_speed_lr3e4_rank3,k1_2_4_6_8_10_12_14_16
slow_fast,ngram_sd,long_context_completion,50,112.23157485987277,76.52743365049244,23.682920327186583,20.387803316116333,1829.92,results/apexp_block/config_large_500/evaluation/paper_cap50/apex_hot_runs/survival_utility_controller_v4b_rankgroup_speed_lr3e4_rank3__k1_2_4_6_8_10_12_14_16,survival_utility_controller_v4b_rankgroup_speed_lr3e4_rank3__k1_2_4_6_8_10_12_14_16,survival_utility_controller_v4b_rankgroup_speed_lr3e4_rank3,k1_2_4_6_8_10_12_14_16
slow_fast,ngram_sd,long_horizon_swe,50,81.78540062655311,61.547333319898144,18.405279288291933,16.649559140205383,1024.0,results/apexp_block/config_large_500/evaluation/paper_cap50/apex_hot_runs/survival_utility_controller_v4b_rankgroup_speed_lr3e4_rank3__k1_2_4_6_8_10_12_14_16,survival_utility_controller_v4b_rankgroup_speed_lr3e4_rank3__k1_2_4_6_8_10_12_14_16,survival_utility_controller_v4b_rankgroup_speed_lr3e4_rank3,k1_2_4_6_8_10_12_14_16
slow_fast,ngram_sd,mathematical_reasoning,50,35.07005096852969,31.95844171940342,15.37222472190857,15.94645619392395,510.84,results/apexp_block/config_large_500/evaluation/paper_cap50/apex_hot_runs/survival_utility_controller_v4b_rankgroup_speed_lr3e4_rank3__k1_2_4_6_8_10_12_14_16,survival_utility_controller_v4b_rankgroup_speed_lr3e4_rank3__k1_2_4_6_8_10_12_14_16,survival_utility_controller_v4b_rankgroup_speed_lr3e4_rank3,k1_2_4_6_8_10_12_14_16
slow_only,eagle3,code_gen,26,71.06011378384383,74.31648957897569,7.319370673252986,6.889471173286438,512.0,results/apexp_block/config_large_500/evaluation/paper_cap50/apex_hot_runs/survival_utility_controller_v4b_rankgroup_speed_lr3e4_rank3__k1_2_4_6_8_10_12_14_16,survival_utility_controller_v4b_rankgroup_speed_lr3e4_rank3__k1_2_4_6_8_10_12_14_16,survival_utility_controller_v4b_rankgroup_speed_lr3e4_rank3,k1_2_4_6_8_10_12_14_16
slow_only,eagle3,hardware_gen,6,63.75486481811986,60.66893426380135,8.146561940511068,8.443794250488281,512.0,results/apexp_block/config_large_500/evaluation/paper_cap50/apex_hot_runs/survival_utility_controller_v4b_rankgroup_speed_lr3e4_rank3__k1_2_4_6_8_10_12_14_16,survival_utility_controller_v4b_rankgroup_speed_lr3e4_rank3__k1_2_4_6_8_10_12_14_16,survival_utility_controller_v4b_rankgroup_speed_lr3e4_rank3,k1_2_4_6_8_10_12_14_16
slow_only,ngram_sd,code_gen,24,405.6218744237158,363.2746749086518,1.967659443616867,1.409666657447815,512.0,results/apexp_block/config_large_500/evaluation/paper_cap50/apex_hot_runs/survival_utility_controller_v4b_rankgroup_speed_lr3e4_rank3__k1_2_4_6_8_10_12_14_16,survival_utility_controller_v4b_rankgroup_speed_lr3e4_rank3__k1_2_4_6_8_10_12_14_16,survival_utility_controller_v4b_rankgroup_speed_lr3e4_rank3,k1_2_4_6_8_10_12_14_16
slow_only,ngram_sd,conversational_generation_gen_cap50,50,271.601900399757,184.27284596230027,2.402880544662476,2.778539657592773,512.0,results/apexp_block/config_large_500/evaluation/paper_cap50/apex_hot_runs/survival_utility_controller_v4b_rankgroup_speed_lr3e4_rank3__k1_2_4_6_8_10_12_14_16,survival_utility_controller_v4b_rankgroup_speed_lr3e4_rank3__k1_2_4_6_8_10_12_14_16,survival_utility_controller_v4b_rankgroup_speed_lr3e4_rank3,k1_2_4_6_8_10_12_14_16
slow_only,ngram_sd,conversational_generation_sft_cap50,50,233.70522541401724,188.217939380592,2.485071454048157,2.7203257083892822,512.0,results/apexp_block/config_large_500/evaluation/paper_cap50/apex_hot_runs/survival_utility_controller_v4b_rankgroup_speed_lr3e4_rank3__k1_2_4_6_8_10_12_14_16,survival_utility_controller_v4b_rankgroup_speed_lr3e4_rank3__k1_2_4_6_8_10_12_14_16,survival_utility_controller_v4b_rankgroup_speed_lr3e4_rank3,k1_2_4_6_8_10_12_14_16
slow_only,ngram_sd,hardware_gen,44,362.0630799510176,253.6080896043519,1.87232765826312,2.0192458629608154,511.34090909090907,results/apexp_block/config_large_500/evaluation/paper_cap50/apex_hot_runs/survival_utility_controller_v4b_rankgroup_speed_lr3e4_rank3__k1_2_4_6_8_10_12_14_16,survival_utility_controller_v4b_rankgroup_speed_lr3e4_rank3__k1_2_4_6_8_10_12_14_16,survival_utility_controller_v4b_rankgroup_speed_lr3e4_rank3,k1_2_4_6_8_10_12_14_16
slow_only,ngram_sd,long_chain_reasoning,50,488.2022445020817,230.71425961571828,3.714193878173828,4.441028833389282,1024.0,results/apexp_block/config_large_500/evaluation/paper_cap50/apex_hot_runs/survival_utility_controller_v4b_rankgroup_speed_lr3e4_rank3__k1_2_4_6_8_10_12_14_16,survival_utility_controller_v4b_rankgroup_speed_lr3e4_rank3__k1_2_4_6_8_10_12_14_16,survival_utility_controller_v4b_rankgroup_speed_lr3e4_rank3,k1_2_4_6_8_10_12_14_16
slow_only,ngram_sd,long_context_completion,50,789.3862227738022,505.9501080986935,3.5066068983078003,2.963201403617859,1829.92,results/apexp_block/config_large_500/evaluation/paper_cap50/apex_hot_runs/survival_utility_controller_v4b_rankgroup_speed_lr3e4_rank3__k1_2_4_6_8_10_12_14_16,survival_utility_controller_v4b_rankgroup_speed_lr3e4_rank3__k1_2_4_6_8_10_12_14_16,survival_utility_controller_v4b_rankgroup_speed_lr3e4_rank3,k1_2_4_6_8_10_12_14_16
slow_only,ngram_sd,long_horizon_swe,50,542.9180419138024,366.989031905884,3.0689224863052367,2.7902755737304688,1024.0,results/apexp_block/config_large_500/evaluation/paper_cap50/apex_hot_runs/survival_utility_controller_v4b_rankgroup_speed_lr3e4_rank3__k1_2_4_6_8_10_12_14_16,survival_utility_controller_v4b_rankgroup_speed_lr3e4_rank3__k1_2_4_6_8_10_12_14_16,survival_utility_controller_v4b_rankgroup_speed_lr3e4_rank3,k1_2_4_6_8_10_12_14_16
slow_only,ngram_sd,mathematical_reasoning,50,237.4782050127708,222.4437856621356,2.2469802570343016,2.3017051219940186,510.84,results/apexp_block/config_large_500/evaluation/paper_cap50/apex_hot_runs/survival_utility_controller_v4b_rankgroup_speed_lr3e4_rank3__k1_2_4_6_8_10_12_14_16,survival_utility_controller_v4b_rankgroup_speed_lr3e4_rank3__k1_2_4_6_8_10_12_14_16,survival_utility_controller_v4b_rankgroup_speed_lr3e4_rank3,k1_2_4_6_8_10_12_14_16
slow_fast,eagle3,code_gen,26,31.995177865394325,32.09723077551248,16.063752183547386,15.95153522491455,512.0,results/apexp_block/config_large_500/evaluation/paper_cap50/apex_hot_runs/survival_utility_controller_v4b_rankgroup_speed_lr3e4_rank3__k1_2_4_8_16,survival_utility_controller_v4b_rankgroup_speed_lr3e4_rank3__k1_2_4_8_16,survival_utility_controller_v4b_rankgroup_speed_lr3e4_rank3,k1_2_4_8_16
slow_fast,eagle3,hardware_gen,6,27.58247756470528,26.8516503774676,18.698094129562374,19.103910207748413,512.0,results/apexp_block/config_large_500/evaluation/paper_cap50/apex_hot_runs/survival_utility_controller_v4b_rankgroup_speed_lr3e4_rank3__k1_2_4_8_16,survival_utility_controller_v4b_rankgroup_speed_lr3e4_rank3__k1_2_4_8_16,survival_utility_controller_v4b_rankgroup_speed_lr3e4_rank3,k1_2_4_8_16
slow_fast,ngram_sd,code_gen,24,52.19869377098498,48.38596970874474,12.983372787634533,10.592800378799438,512.0,results/apexp_block/config_large_500/evaluation/paper_cap50/apex_hot_runs/survival_utility_controller_v4b_rankgroup_speed_lr3e4_rank3__k1_2_4_8_16,survival_utility_controller_v4b_rankgroup_speed_lr3e4_rank3__k1_2_4_8_16,survival_utility_controller_v4b_rankgroup_speed_lr3e4_rank3,k1_2_4_8_16
slow_fast,ngram_sd,conversational_generation_gen_cap50,50,47.61243752038597,32.205973120007144,13.738424010276796,15.899347305297852,512.0,results/apexp_block/config_large_500/evaluation/paper_cap50/apex_hot_runs/survival_utility_controller_v4b_rankgroup_speed_lr3e4_rank3__k1_2_4_8_16,survival_utility_controller_v4b_rankgroup_speed_lr3e4_rank3__k1_2_4_8_16,survival_utility_controller_v4b_rankgroup_speed_lr3e4_rank3,k1_2_4_8_16
slow_fast,ngram_sd,conversational_generation_sft_cap50,50,39.73081845083979,32.3852491688378,14.51187795162201,15.80973505973816,512.0,results/apexp_block/config_large_500/evaluation/paper_cap50/apex_hot_runs/survival_utility_controller_v4b_rankgroup_speed_lr3e4_rank3__k1_2_4_8_16,survival_utility_controller_v4b_rankgroup_speed_lr3e4_rank3__k1_2_4_8_16,survival_utility_controller_v4b_rankgroup_speed_lr3e4_rank3,k1_2_4_8_16
slow_fast,ngram_sd,hardware_gen,44,58.72448339555076,40.112078888527336,11.479157567024233,12.786498427391052,511.34090909090907,results/apexp_block/config_large_500/evaluation/paper_cap50/apex_hot_runs/survival_utility_controller_v4b_rankgroup_speed_lr3e4_rank3__k1_2_4_8_16,survival_utility_controller_v4b_rankgroup_speed_lr3e4_rank3__k1_2_4_8_16,survival_utility_controller_v4b_rankgroup_speed_lr3e4_rank3,k1_2_4_8_16
slow_fast,ngram_sd,long_chain_reasoning,50,77.98218932417443,40.54318090106295,21.45892149448395,25.26494717597961,1024.0,results/apexp_block/config_large_500/evaluation/paper_cap50/apex_hot_runs/survival_utility_controller_v4b_rankgroup_speed_lr3e4_rank3__k1_2_4_8_16,survival_utility_controller_v4b_rankgroup_speed_lr3e4_rank3__k1_2_4_8_16,survival_utility_controller_v4b_rankgroup_speed_lr3e4_rank3,k1_2_4_8_16
slow_fast,ngram_sd,long_context_completion,50,123.74427274973807,80.42228072258973,21.66527132511139,18.449626684188843,1829.92,results/apexp_block/config_large_500/evaluation/paper_cap50/apex_hot_runs/survival_utility_controller_v4b_rankgroup_speed_lr3e4_rank3__k1_2_4_8_16,survival_utility_controller_v4b_rankgroup_speed_lr3e4_rank3__k1_2_4_8_16,survival_utility_controller_v4b_rankgroup_speed_lr3e4_rank3,k1_2_4_8_16
slow_fast,ngram_sd,long_horizon_swe,50,89.69912848390629,67.80346430835024,16.9118408203125,15.108763813972471,1024.0,results/apexp_block/config_large_500/evaluation/paper_cap50/apex_hot_runs/survival_utility_controller_v4b_rankgroup_speed_lr3e4_rank3__k1_2_4_8_16,survival_utility_controller_v4b_rankgroup_speed_lr3e4_rank3__k1_2_4_8_16,survival_utility_controller_v4b_rankgroup_speed_lr3e4_rank3,k1_2_4_8_16
slow_fast,ngram_sd,mathematical_reasoning,50,36.50340447614075,34.107012228896025,14.68819091796875,14.88589334487915,510.84,results/apexp_block/config_large_500/evaluation/paper_cap50/apex_hot_runs/survival_utility_controller_v4b_rankgroup_speed_lr3e4_rank3__k1_2_4_8_16,survival_utility_controller_v4b_rankgroup_speed_lr3e4_rank3__k1_2_4_8_16,survival_utility_controller_v4b_rankgroup_speed_lr3e4_rank3,k1_2_4_8_16
slow_only,eagle3,code_gen,26,71.04319786951908,74.42759069057763,7.318102038823641,6.879484176635742,512.0,results/apexp_block/config_large_500/evaluation/paper_cap50/apex_hot_runs/survival_utility_controller_v4b_rankgroup_speed_lr3e4_rank3__k1_2_4_8_16,survival_utility_controller_v4b_rankgroup_speed_lr3e4_rank3__k1_2_4_8_16,survival_utility_controller_v4b_rankgroup_speed_lr3e4_rank3,k1_2_4_8_16
slow_only,eagle3,hardware_gen,6,63.95443082284811,60.15041408852283,8.115587910016378,8.5161691904068,512.0,results/apexp_block/config_large_500/evaluation/paper_cap50/apex_hot_runs/survival_utility_controller_v4b_rankgroup_speed_lr3e4_rank3__k1_2_4_8_16,survival_utility_controller_v4b_rankgroup_speed_lr3e4_rank3__k1_2_4_8_16,survival_utility_controller_v4b_rankgroup_speed_lr3e4_rank3,k1_2_4_8_16
slow_only,ngram_sd,code_gen,24,413.0788252592994,366.745504895143,1.9325498938560488,1.396241307258606,512.0,results/apexp_block/config_large_500/evaluation/paper_cap50/apex_hot_runs/survival_utility_controller_v4b_rankgroup_speed_lr3e4_rank3__k1_2_4_8_16,survival_utility_controller_v4b_rankgroup_speed_lr3e4_rank3__k1_2_4_8_16,survival_utility_controller_v4b_rankgroup_speed_lr3e4_rank3,k1_2_4_8_16
slow_only,ngram_sd,conversational_generation_gen_cap50,50,268.80192346896735,183.51280147179835,2.4312468719482423,2.7899980545043945,512.0,results/apexp_block/config_large_500/evaluation/paper_cap50/apex_hot_runs/survival_utility_controller_v4b_rankgroup_speed_lr3e4_rank3__k1_2_4_8_16,survival_utility_controller_v4b_rankgroup_speed_lr3e4_rank3__k1_2_4_8_16,survival_utility_controller_v4b_rankgroup_speed_lr3e4_rank3,k1_2_4_8_16
slow_only,ngram_sd,conversational_generation_sft_cap50,50,232.9510901903232,186.840803184416,2.496257977485657,2.740365505218506,512.0,results/apexp_block/config_large_500/evaluation/paper_cap50/apex_hot_runs/survival_utility_controller_v4b_rankgroup_speed_lr3e4_rank3__k1_2_4_8_16,survival_utility_controller_v4b_rankgroup_speed_lr3e4_rank3__k1_2_4_8_16,survival_utility_controller_v4b_rankgroup_speed_lr3e4_rank3,k1_2_4_8_16
slow_only,ngram_sd,hardware_gen,44,360.0423398317839,250.59609822837757,1.886671369726008,2.0435792207717896,511.34090909090907,results/apexp_block/config_large_500/evaluation/paper_cap50/apex_hot_runs/survival_utility_controller_v4b_rankgroup_speed_lr3e4_rank3__k1_2_4_8_16,survival_utility_controller_v4b_rankgroup_speed_lr3e4_rank3__k1_2_4_8_16,survival_utility_controller_v4b_rankgroup_speed_lr3e4_rank3,k1_2_4_8_16
slow_only,ngram_sd,long_chain_reasoning,50,497.67104361165286,240.0838107558204,3.6240922451019286,4.266806125640869,1024.0,results/apexp_block/config_large_500/evaluation/paper_cap50/apex_hot_runs/survival_utility_controller_v4b_rankgroup_speed_lr3e4_rank3__k1_2_4_8_16,survival_utility_controller_v4b_rankgroup_speed_lr3e4_rank3__k1_2_4_8_16,survival_utility_controller_v4b_rankgroup_speed_lr3e4_rank3,k1_2_4_8_16
slow_only,ngram_sd,long_context_completion,50,810.8776924303015,513.999959371153,3.436077108383179,2.9267327785491943,1829.92,results/apexp_block/config_large_500/evaluation/paper_cap50/apex_hot_runs/survival_utility_controller_v4b_rankgroup_speed_lr3e4_rank3__k1_2_4_8_16,survival_utility_controller_v4b_rankgroup_speed_lr3e4_rank3__k1_2_4_8_16,survival_utility_controller_v4b_rankgroup_speed_lr3e4_rank3,k1_2_4_8_16
slow_only,ngram_sd,long_horizon_swe,50,564.2051208664294,387.5761447193797,2.961744284629822,2.6427114009857178,1024.0,results/apexp_block/config_large_500/evaluation/paper_cap50/apex_hot_runs/survival_utility_controller_v4b_rankgroup_speed_lr3e4_rank3__k1_2_4_8_16,survival_utility_controller_v4b_rankgroup_speed_lr3e4_rank3__k1_2_4_8_16,survival_utility_controller_v4b_rankgroup_speed_lr3e4_rank3,k1_2_4_8_16
slow_only,ngram_sd,mathematical_reasoning,50,239.0588207148764,225.29636993796163,2.228045721054077,2.272563934326172,510.84,results/apexp_block/config_large_500/evaluation/paper_cap50/apex_hot_runs/survival_utility_controller_v4b_rankgroup_speed_lr3e4_rank3__k1_2_4_8_16,survival_utility_controller_v4b_rankgroup_speed_lr3e4_rank3__k1_2_4_8_16,survival_utility_controller_v4b_rankgroup_speed_lr3e4_rank3,k1_2_4_8_16
slow_fast,eagle3,code_gen,26,24.04058225797508,23.18043428315825,21.691174773069527,22.089232444763184,512.0,results/apexp_block/config_large_500/evaluation/paper_cap50/apex_hot_runs/survival_utility_controller_v4b_rankgroup_speed_lr3e4_rank3__k1_to_16,survival_utility_controller_v4b_rankgroup_speed_lr3e4_rank3__k1_to_16,survival_utility_controller_v4b_rankgroup_speed_lr3e4_rank3,k1_to_16
slow_fast,eagle3,hardware_gen,6,28.454468969929746,28.500556898282557,18.00486703713735,17.965547680854797,512.0,results/apexp_block/config_large_500/evaluation/paper_cap50/apex_hot_runs/survival_utility_controller_v4b_rankgroup_speed_lr3e4_rank3__k1_to_16,survival_utility_controller_v4b_rankgroup_speed_lr3e4_rank3__k1_to_16,survival_utility_controller_v4b_rankgroup_speed_lr3e4_rank3,k1_to_16
slow_fast,ngram_sd,code_gen,24,51.67235634173349,49.49119250530522,13.059364398320517,10.345642566680908,512.0,results/apexp_block/config_large_500/evaluation/paper_cap50/apex_hot_runs/survival_utility_controller_v4b_rankgroup_speed_lr3e4_rank3__k1_to_16,survival_utility_controller_v4b_rankgroup_speed_lr3e4_rank3__k1_to_16,survival_utility_controller_v4b_rankgroup_speed_lr3e4_rank3,k1_to_16
slow_fast,ngram_sd,conversational_generation_gen_cap50,50,48.03478993987107,34.04021166111276,13.234258399009704,15.042097330093384,512.0,results/apexp_block/config_large_500/evaluation/paper_cap50/apex_hot_runs/survival_utility_controller_v4b_rankgroup_speed_lr3e4_rank3__k1_to_16,survival_utility_controller_v4b_rankgroup_speed_lr3e4_rank3__k1_to_16,survival_utility_controller_v4b_rankgroup_speed_lr3e4_rank3,k1_to_16
slow_fast,ngram_sd,conversational_generation_sft_cap50,50,41.12182897669343,33.977414886934746,14.01791994571686,15.069970607757568,512.0,results/apexp_block/config_large_500/evaluation/paper_cap50/apex_hot_runs/survival_utility_controller_v4b_rankgroup_speed_lr3e4_rank3__k1_to_16,survival_utility_controller_v4b_rankgroup_speed_lr3e4_rank3__k1_to_16,survival_utility_controller_v4b_rankgroup_speed_lr3e4_rank3,k1_to_16
slow_fast,ngram_sd,hardware_gen,44,60.84769658472178,42.48927207786902,10.885349880565297,12.05341649055481,511.34090909090907,results/apexp_block/config_large_500/evaluation/paper_cap50/apex_hot_runs/survival_utility_controller_v4b_rankgroup_speed_lr3e4_rank3__k1_to_16,survival_utility_controller_v4b_rankgroup_speed_lr3e4_rank3__k1_to_16,survival_utility_controller_v4b_rankgroup_speed_lr3e4_rank3,k1_to_16
slow_fast,ngram_sd,long_chain_reasoning,50,81.00891659296322,43.09467817760689,20.09641866207123,23.771102786064148,1024.0,results/apexp_block/config_large_500/evaluation/paper_cap50/apex_hot_runs/survival_utility_controller_v4b_rankgroup_speed_lr3e4_rank3__k1_to_16,survival_utility_controller_v4b_rankgroup_speed_lr3e4_rank3__k1_to_16,survival_utility_controller_v4b_rankgroup_speed_lr3e4_rank3,k1_to_16
slow_fast,ngram_sd,long_context_completion,50,131.2741305019873,91.27137700329568,19.320741930007934,17.009196758270264,1818.42,results/apexp_block/config_large_500/evaluation/paper_cap50/apex_hot_runs/survival_utility_controller_v4b_rankgroup_speed_lr3e4_rank3__k1_to_16,survival_utility_controller_v4b_rankgroup_speed_lr3e4_rank3__k1_to_16,survival_utility_controller_v4b_rankgroup_speed_lr3e4_rank3,k1_to_16
slow_fast,ngram_sd,long_horizon_swe,50,96.21779660767484,75.84052470841252,15.459472227096558,13.518033504486084,1024.0,results/apexp_block/config_large_500/evaluation/paper_cap50/apex_hot_runs/survival_utility_controller_v4b_rankgroup_speed_lr3e4_rank3__k1_to_16,survival_utility_controller_v4b_rankgroup_speed_lr3e4_rank3__k1_to_16,survival_utility_controller_v4b_rankgroup_speed_lr3e4_rank3,k1_to_16
slow_fast,ngram_sd,mathematical_reasoning,50,36.48918555552887,33.692114988514206,14.77310712814331,15.081566572189333,510.84,results/apexp_block/config_large_500/evaluation/paper_cap50/apex_hot_runs/survival_utility_controller_v4b_rankgroup_speed_lr3e4_rank3__k1_to_16,survival_utility_controller_v4b_rankgroup_speed_lr3e4_rank3__k1_to_16,survival_utility_controller_v4b_rankgroup_speed_lr3e4_rank3,k1_to_16
slow_only,eagle3,code_gen,26,70.74226515438271,73.77452628850213,7.339357981315026,6.940333127975464,512.0,results/apexp_block/config_large_500/evaluation/paper_cap50/apex_hot_runs/survival_utility_controller_v4b_rankgroup_speed_lr3e4_rank3__k1_to_16,survival_utility_controller_v4b_rankgroup_speed_lr3e4_rank3__k1_to_16,survival_utility_controller_v4b_rankgroup_speed_lr3e4_rank3,k1_to_16
slow_only,eagle3,hardware_gen,6,62.57275112967952,58.31034042257152,8.295591553052267,8.780898690223694,512.0,results/apexp_block/config_large_500/evaluation/paper_cap50/apex_hot_runs/survival_utility_controller_v4b_rankgroup_speed_lr3e4_rank3__k1_to_16,survival_utility_controller_v4b_rankgroup_speed_lr3e4_rank3__k1_to_16,survival_utility_controller_v4b_rankgroup_speed_lr3e4_rank3,k1_to_16
slow_only,ngram_sd,code_gen,24,406.0321130273204,359.1066892435384,1.940615246693293,1.4258155822753906,512.0,results/apexp_block/config_large_500/evaluation/paper_cap50/apex_hot_runs/survival_utility_controller_v4b_rankgroup_speed_lr3e4_rank3__k1_to_16,survival_utility_controller_v4b_rankgroup_speed_lr3e4_rank3__k1_to_16,survival_utility_controller_v4b_rankgroup_speed_lr3e4_rank3,k1_to_16
slow_only,ngram_sd,conversational_generation_gen_cap50,50,269.1602132019784,182.0048316136176,2.427918457984924,2.8131589889526367,512.0,results/apexp_block/config_large_500/evaluation/paper_cap50/apex_hot_runs/survival_utility_controller_v4b_rankgroup_speed_lr3e4_rank3__k1_to_16,survival_utility_controller_v4b_rankgroup_speed_lr3e4_rank3__k1_to_16,survival_utility_controller_v4b_rankgroup_speed_lr3e4_rank3,k1_to_16
slow_only,ngram_sd,conversational_generation_sft_cap50,50,233.8465760978988,188.20776517039516,2.4827230834960936,2.7204036712646484,512.0,results/apexp_block/config_large_500/evaluation/paper_cap50/apex_hot_runs/survival_utility_controller_v4b_rankgroup_speed_lr3e4_rank3__k1_to_16,survival_utility_controller_v4b_rankgroup_speed_lr3e4_rank3__k1_to_16,survival_utility_controller_v4b_rankgroup_speed_lr3e4_rank3,k1_to_16
slow_only,ngram_sd,hardware_gen,44,362.3569657136055,252.59421452208065,1.8727296915921297,2.027488470077514,511.34090909090907,results/apexp_block/config_large_500/evaluation/paper_cap50/apex_hot_runs/survival_utility_controller_v4b_rankgroup_speed_lr3e4_rank3__k1_to_16,survival_utility_controller_v4b_rankgroup_speed_lr3e4_rank3__k1_to_16,survival_utility_controller_v4b_rankgroup_speed_lr3e4_rank3,k1_to_16
slow_only,ngram_sd,long_chain_reasoning,50,491.8365118949038,234.0103046150724,3.684269895553589,4.377601504325867,1024.0,results/apexp_block/config_large_500/evaluation/paper_cap50/apex_hot_runs/survival_utility_controller_v4b_rankgroup_speed_lr3e4_rank3__k1_to_16,survival_utility_controller_v4b_rankgroup_speed_lr3e4_rank3__k1_to_16,survival_utility_controller_v4b_rankgroup_speed_lr3e4_rank3,k1_to_16
slow_only,ngram_sd,long_context_completion,50,795.0439911250095,508.1159531660626,3.508861947059631,3.002399563789368,1829.92,results/apexp_block/config_large_500/evaluation/paper_cap50/apex_hot_runs/survival_utility_controller_v4b_rankgroup_speed_lr3e4_rank3__k1_to_16,survival_utility_controller_v4b_rankgroup_speed_lr3e4_rank3__k1_to_16,survival_utility_controller_v4b_rankgroup_speed_lr3e4_rank3,k1_to_16
slow_only,ngram_sd,long_horizon_swe,50,551.3826977262057,375.3657127068833,3.0276196908950808,2.728819489479065,1024.0,results/apexp_block/config_large_500/evaluation/paper_cap50/apex_hot_runs/survival_utility_controller_v4b_rankgroup_speed_lr3e4_rank3__k1_to_16,survival_utility_controller_v4b_rankgroup_speed_lr3e4_rank3__k1_to_16,survival_utility_controller_v4b_rankgroup_speed_lr3e4_rank3,k1_to_16
slow_only,ngram_sd,mathematical_reasoning,50,233.57184897678133,223.6721643479821,2.27842426776886,2.2892895936965942,510.84,results/apexp_block/config_large_500/evaluation/paper_cap50/apex_hot_runs/survival_utility_controller_v4b_rankgroup_speed_lr3e4_rank3__k1_to_16,survival_utility_controller_v4b_rankgroup_speed_lr3e4_rank3__k1_to_16,survival_utility_controller_v4b_rankgroup_speed_lr3e4_rank3,k1_to_16
slow_fast,eagle3,code_gen,26,33.53737447256355,33.36037511074258,15.331281469418451,15.347610592842102,512.0,results/apexp_block/config_large_500/evaluation/paper_cap50/apex_hot_runs/survival_utility_controller_v4b_rankgroup_speed_lr3e4_rank3__k2_4_6_8,survival_utility_controller_v4b_rankgroup_speed_lr3e4_rank3__k2_4_6_8,survival_utility_controller_v4b_rankgroup_speed_lr3e4_rank3,k2_4_6_8
slow_fast,eagle3,hardware_gen,6,27.253933704790644,27.03318723853452,18.819687128067017,18.944284677505493,512.0,results/apexp_block/config_large_500/evaluation/paper_cap50/apex_hot_runs/survival_utility_controller_v4b_rankgroup_speed_lr3e4_rank3__k2_4_6_8,survival_utility_controller_v4b_rankgroup_speed_lr3e4_rank3__k2_4_6_8,survival_utility_controller_v4b_rankgroup_speed_lr3e4_rank3,k2_4_6_8
slow_fast,ngram_sd,code_gen,24,53.10751311438087,53.97303681145377,11.593323240677517,9.48844563961029,512.0,results/apexp_block/config_large_500/evaluation/paper_cap50/apex_hot_runs/survival_utility_controller_v4b_rankgroup_speed_lr3e4_rank3__k2_4_6_8,survival_utility_controller_v4b_rankgroup_speed_lr3e4_rank3__k2_4_6_8,survival_utility_controller_v4b_rankgroup_speed_lr3e4_rank3,k2_4_6_8
slow_fast,ngram_sd,conversational_generation_gen_cap50,50,50.45562980378588,38.2601302617144,11.743845701217651,13.382297396659853,512.0,results/apexp_block/config_large_500/evaluation/paper_cap50/apex_hot_runs/survival_utility_controller_v4b_rankgroup_speed_lr3e4_rank3__k2_4_6_8,survival_utility_controller_v4b_rankgroup_speed_lr3e4_rank3__k2_4_6_8,survival_utility_controller_v4b_rankgroup_speed_lr3e4_rank3,k2_4_6_8
slow_fast,ngram_sd,conversational_generation_sft_cap50,50,45.89121526149187,39.38629700685074,12.141801280975342,12.999539017677307,512.0,results/apexp_block/config_large_500/evaluation/paper_cap50/apex_hot_runs/survival_utility_controller_v4b_rankgroup_speed_lr3e4_rank3__k2_4_6_8,survival_utility_controller_v4b_rankgroup_speed_lr3e4_rank3__k2_4_6_8,survival_utility_controller_v4b_rankgroup_speed_lr3e4_rank3,k2_4_6_8
slow_fast,ngram_sd,hardware_gen,44,61.037384690089056,48.601742503533984,9.841591623696416,10.53471541404724,511.34090909090907,results/apexp_block/config_large_500/evaluation/paper_cap50/apex_hot_runs/survival_utility_controller_v4b_rankgroup_speed_lr3e4_rank3__k2_4_6_8,survival_utility_controller_v4b_rankgroup_speed_lr3e4_rank3__k2_4_6_8,survival_utility_controller_v4b_rankgroup_speed_lr3e4_rank3,k2_4_6_8
slow_fast,ngram_sd,long_chain_reasoning,50,74.57273267032207,50.89834168349242,17.761047887802125,20.11872518062592,1024.0,results/apexp_block/config_large_500/evaluation/paper_cap50/apex_hot_runs/survival_utility_controller_v4b_rankgroup_speed_lr3e4_rank3__k2_4_6_8,survival_utility_controller_v4b_rankgroup_speed_lr3e4_rank3__k2_4_6_8,survival_utility_controller_v4b_rankgroup_speed_lr3e4_rank3,k2_4_6_8
slow_fast,ngram_sd,long_context_completion,50,102.1615463638454,92.09411702568092,20.65888168334961,19.75885760784149,1829.92,results/apexp_block/config_large_500/evaluation/paper_cap50/apex_hot_runs/survival_utility_controller_v4b_rankgroup_speed_lr3e4_rank3__k2_4_6_8,survival_utility_controller_v4b_rankgroup_speed_lr3e4_rank3__k2_4_6_8,survival_utility_controller_v4b_rankgroup_speed_lr3e4_rank3,k2_4_6_8
slow_fast,ngram_sd,long_horizon_swe,50,83.98612514938006,76.35831794733753,15.027464556694031,13.4380784034729,1024.0,results/apexp_block/config_large_500/evaluation/paper_cap50/apex_hot_runs/survival_utility_controller_v4b_rankgroup_speed_lr3e4_rank3__k2_4_6_8,survival_utility_controller_v4b_rankgroup_speed_lr3e4_rank3__k2_4_6_8,survival_utility_controller_v4b_rankgroup_speed_lr3e4_rank3,k2_4_6_8
slow_fast,ngram_sd,mathematical_reasoning,50,42.00858972817244,38.6050698413144,12.674338312149048,13.13934338092804,510.84,results/apexp_block/config_large_500/evaluation/paper_cap50/apex_hot_runs/survival_utility_controller_v4b_rankgroup_speed_lr3e4_rank3__k2_4_6_8,survival_utility_controller_v4b_rankgroup_speed_lr3e4_rank3__k2_4_6_8,survival_utility_controller_v4b_rankgroup_speed_lr3e4_rank3,k2_4_6_8
slow_only,eagle3,code_gen,26,72.61594128410887,75.98559416761984,7.158902911039499,6.738272666931152,512.0,results/apexp_block/config_large_500/evaluation/paper_cap50/apex_hot_runs/survival_utility_controller_v4b_rankgroup_speed_lr3e4_rank3__k2_4_6_8,survival_utility_controller_v4b_rankgroup_speed_lr3e4_rank3__k2_4_6_8,survival_utility_controller_v4b_rankgroup_speed_lr3e4_rank3,k2_4_6_8
slow_only,eagle3,hardware_gen,6,65.58447163815417,62.1300892313887,7.908763408660889,8.242414593696594,512.0,results/apexp_block/config_large_500/evaluation/paper_cap50/apex_hot_runs/survival_utility_controller_v4b_rankgroup_speed_lr3e4_rank3__k2_4_6_8,survival_utility_controller_v4b_rankgroup_speed_lr3e4_rank3__k2_4_6_8,survival_utility_controller_v4b_rankgroup_speed_lr3e4_rank3,k2_4_6_8
slow_only,ngram_sd,code_gen,24,406.96994420934976,363.5551442769098,1.9512816270192463,1.4083255529403689,512.0,results/apexp_block/config_large_500/evaluation/paper_cap50/apex_hot_runs/survival_utility_controller_v4b_rankgroup_speed_lr3e4_rank3__k2_4_6_8,survival_utility_controller_v4b_rankgroup_speed_lr3e4_rank3__k2_4_6_8,survival_utility_controller_v4b_rankgroup_speed_lr3e4_rank3,k2_4_6_8
slow_only,ngram_sd,conversational_generation_gen_cap50,50,266.1816854372764,181.45570317093268,2.4464728450775146,2.821627616882324,512.0,results/apexp_block/config_large_500/evaluation/paper_cap50/apex_hot_runs/survival_utility_controller_v4b_rankgroup_speed_lr3e4_rank3__k2_4_6_8,survival_utility_controller_v4b_rankgroup_speed_lr3e4_rank3__k2_4_6_8,survival_utility_controller_v4b_rankgroup_speed_lr3e4_rank3,k2_4_6_8
slow_only,ngram_sd,conversational_generation_sft_cap50,50,229.2238958964038,186.8769642680488,2.511092047691345,2.739778161048889,512.0,results/apexp_block/config_large_500/evaluation/paper_cap50/apex_hot_runs/survival_utility_controller_v4b_rankgroup_speed_lr3e4_rank3__k2_4_6_8,survival_utility_controller_v4b_rankgroup_speed_lr3e4_rank3__k2_4_6_8,survival_utility_controller_v4b_rankgroup_speed_lr3e4_rank3,k2_4_6_8
slow_only,ngram_sd,hardware_gen,44,358.95639848899066,250.15670929997788,1.893701742995869,2.0471999645233154,511.34090909090907,results/apexp_block/config_large_500/evaluation/paper_cap50/apex_hot_runs/survival_utility_controller_v4b_rankgroup_speed_lr3e4_rank3__k2_4_6_8,survival_utility_controller_v4b_rankgroup_speed_lr3e4_rank3__k2_4_6_8,survival_utility_controller_v4b_rankgroup_speed_lr3e4_rank3,k2_4_6_8
slow_only,ngram_sd,long_chain_reasoning,50,501.38153742803325,239.25995510833093,3.6484619903564455,4.281873226165772,1024.0,results/apexp_block/config_large_500/evaluation/paper_cap50/apex_hot_runs/survival_utility_controller_v4b_rankgroup_speed_lr3e4_rank3__k2_4_6_8,survival_utility_controller_v4b_rankgroup_speed_lr3e4_rank3__k2_4_6_8,survival_utility_controller_v4b_rankgroup_speed_lr3e4_rank3,k2_4_6_8
slow_only,ngram_sd,long_context_completion,50,810.498090848469,517.6376549967713,3.4462396621704103,2.94808292388916,1829.92,results/apexp_block/config_large_500/evaluation/paper_cap50/apex_hot_runs/survival_utility_controller_v4b_rankgroup_speed_lr3e4_rank3__k2_4_6_8,survival_utility_controller_v4b_rankgroup_speed_lr3e4_rank3__k2_4_6_8,survival_utility_controller_v4b_rankgroup_speed_lr3e4_rank3,k2_4_6_8
slow_only,ngram_sd,long_horizon_swe,50,564.1296715213414,389.162374752607,2.971757001876831,2.6314464807510376,1024.0,results/apexp_block/config_large_500/evaluation/paper_cap50/apex_hot_runs/survival_utility_controller_v4b_rankgroup_speed_lr3e4_rank3__k2_4_6_8,survival_utility_controller_v4b_rankgroup_speed_lr3e4_rank3__k2_4_6_8,survival_utility_controller_v4b_rankgroup_speed_lr3e4_rank3,k2_4_6_8
slow_only,ngram_sd,mathematical_reasoning,50,237.29772698771112,225.6114440301168,2.243044376373291,2.269624352455139,510.84,results/apexp_block/config_large_500/evaluation/paper_cap50/apex_hot_runs/survival_utility_controller_v4b_rankgroup_speed_lr3e4_rank3__k2_4_6_8,survival_utility_controller_v4b_rankgroup_speed_lr3e4_rank3__k2_4_6_8,survival_utility_controller_v4b_rankgroup_speed_lr3e4_rank3,k2_4_6_8
slow_fast,eagle3,code_gen,26,25.325263351277357,24.18748969394246,20.50661956346952,21.168227434158325,512.0,results/apexp_block/config_large_500/evaluation/paper_cap50/apex_hot_runs/survival_utility_controller_v4b_rankgroup_speed_lr5e4_rank2__k1_2_4_6_8_10_12_14_16,survival_utility_controller_v4b_rankgroup_speed_lr5e4_rank2__k1_2_4_6_8_10_12_14_16,survival_utility_controller_v4b_rankgroup_speed_lr5e4_rank2,k1_2_4_6_8_10_12_14_16
slow_fast,eagle3,hardware_gen,6,21.43897361449085,21.457000931050032,23.90907879670461,23.86218237876892,512.0,results/apexp_block/config_large_500/evaluation/paper_cap50/apex_hot_runs/survival_utility_controller_v4b_rankgroup_speed_lr5e4_rank2__k1_2_4_6_8_10_12_14_16,survival_utility_controller_v4b_rankgroup_speed_lr5e4_rank2__k1_2_4_6_8_10_12_14_16,survival_utility_controller_v4b_rankgroup_speed_lr5e4_rank2,k1_2_4_6_8_10_12_14_16
slow_fast,ngram_sd,code_gen,24,48.73648213760581,46.58912469294033,13.547610799471537,10.991222023963928,512.0,results/apexp_block/config_large_500/evaluation/paper_cap50/apex_hot_runs/survival_utility_controller_v4b_rankgroup_speed_lr5e4_rank2__k1_2_4_6_8_10_12_14_16,survival_utility_controller_v4b_rankgroup_speed_lr5e4_rank2__k1_2_4_6_8_10_12_14_16,survival_utility_controller_v4b_rankgroup_speed_lr5e4_rank2,k1_2_4_6_8_10_12_14_16
slow_fast,ngram_sd,conversational_generation_gen_cap50,50,47.69478027631556,32.808107595949096,13.309771461486816,15.605899572372437,512.0,results/apexp_block/config_large_500/evaluation/paper_cap50/apex_hot_runs/survival_utility_controller_v4b_rankgroup_speed_lr5e4_rank2__k1_2_4_6_8_10_12_14_16,survival_utility_controller_v4b_rankgroup_speed_lr5e4_rank2__k1_2_4_6_8_10_12_14_16,survival_utility_controller_v4b_rankgroup_speed_lr5e4_rank2,k1_2_4_6_8_10_12_14_16
slow_fast,ngram_sd,conversational_generation_sft_cap50,50,41.28441544626445,34.10025229241208,14.012421145439149,15.014641880989076,512.0,results/apexp_block/config_large_500/evaluation/paper_cap50/apex_hot_runs/survival_utility_controller_v4b_rankgroup_speed_lr5e4_rank2__k1_2_4_6_8_10_12_14_16,survival_utility_controller_v4b_rankgroup_speed_lr5e4_rank2__k1_2_4_6_8_10_12_14_16,survival_utility_controller_v4b_rankgroup_speed_lr5e4_rank2,k1_2_4_6_8_10_12_14_16
slow_fast,ngram_sd,hardware_gen,44,59.1103071653878,41.43071056666216,11.03034954179417,12.385622501373293,511.34090909090907,results/apexp_block/config_large_500/evaluation/paper_cap50/apex_hot_runs/survival_utility_controller_v4b_rankgroup_speed_lr5e4_rank2__k1_2_4_6_8_10_12_14_16,survival_utility_controller_v4b_rankgroup_speed_lr5e4_rank2__k1_2_4_6_8_10_12_14_16,survival_utility_controller_v4b_rankgroup_speed_lr5e4_rank2,k1_2_4_6_8_10_12_14_16
slow_fast,ngram_sd,long_chain_reasoning,50,86.38585678721996,44.743305099837904,19.86772254943848,22.89331293106079,1024.0,results/apexp_block/config_large_500/evaluation/paper_cap50/apex_hot_runs/survival_utility_controller_v4b_rankgroup_speed_lr5e4_rank2__k1_2_4_6_8_10_12_14_16,survival_utility_controller_v4b_rankgroup_speed_lr5e4_rank2__k1_2_4_6_8_10_12_14_16,survival_utility_controller_v4b_rankgroup_speed_lr5e4_rank2,k1_2_4_6_8_10_12_14_16
slow_fast,ngram_sd,long_context_completion,50,119.7063802785735,83.40585554022505,22.33961119174957,19.888884782791138,1829.92,results/apexp_block/config_large_500/evaluation/paper_cap50/apex_hot_runs/survival_utility_controller_v4b_rankgroup_speed_lr5e4_rank2__k1_2_4_6_8_10_12_14_16,survival_utility_controller_v4b_rankgroup_speed_lr5e4_rank2__k1_2_4_6_8_10_12_14_16,survival_utility_controller_v4b_rankgroup_speed_lr5e4_rank2,k1_2_4_6_8_10_12_14_16
slow_fast,ngram_sd,long_horizon_swe,50,92.65981537882377,74.4957316217688,15.868031520843504,13.746683478355408,1024.0,results/apexp_block/config_large_500/evaluation/paper_cap50/apex_hot_runs/survival_utility_controller_v4b_rankgroup_speed_lr5e4_rank2__k1_2_4_6_8_10_12_14_16,survival_utility_controller_v4b_rankgroup_speed_lr5e4_rank2__k1_2_4_6_8_10_12_14_16,survival_utility_controller_v4b_rankgroup_speed_lr5e4_rank2,k1_2_4_6_8_10_12_14_16
slow_fast,ngram_sd,mathematical_reasoning,50,34.935179572457585,31.91026147293738,15.395313596725464,15.975569248199465,510.84,results/apexp_block/config_large_500/evaluation/paper_cap50/apex_hot_runs/survival_utility_controller_v4b_rankgroup_speed_lr5e4_rank2__k1_2_4_6_8_10_12_14_16,survival_utility_controller_v4b_rankgroup_speed_lr5e4_rank2__k1_2_4_6_8_10_12_14_16,survival_utility_controller_v4b_rankgroup_speed_lr5e4_rank2,k1_2_4_6_8_10_12_14_16
slow_only,eagle3,code_gen,26,71.80539359608093,74.94171695501208,7.242335741336529,6.8319854736328125,512.0,results/apexp_block/config_large_500/evaluation/paper_cap50/apex_hot_runs/survival_utility_controller_v4b_rankgroup_speed_lr5e4_rank2__k1_2_4_6_8_10_12_14_16,survival_utility_controller_v4b_rankgroup_speed_lr5e4_rank2__k1_2_4_6_8_10_12_14_16,survival_utility_controller_v4b_rankgroup_speed_lr5e4_rank2,k1_2_4_6_8_10_12_14_16
slow_only,eagle3,hardware_gen,6,64.65928739616592,60.91003688955918,8.043078621228537,8.413204193115234,512.0,results/apexp_block/config_large_500/evaluation/paper_cap50/apex_hot_runs/survival_utility_controller_v4b_rankgroup_speed_lr5e4_rank2__k1_2_4_6_8_10_12_14_16,survival_utility_controller_v4b_rankgroup_speed_lr5e4_rank2__k1_2_4_6_8_10_12_14_16,survival_utility_controller_v4b_rankgroup_speed_lr5e4_rank2,k1_2_4_6_8_10_12_14_16
slow_only,ngram_sd,code_gen,24,399.6066943198792,359.9059393982566,1.961830625931422,1.4225939512252808,512.0,results/apexp_block/config_large_500/evaluation/paper_cap50/apex_hot_runs/survival_utility_controller_v4b_rankgroup_speed_lr5e4_rank2__k1_2_4_6_8_10_12_14_16,survival_utility_controller_v4b_rankgroup_speed_lr5e4_rank2__k1_2_4_6_8_10_12_14_16,survival_utility_controller_v4b_rankgroup_speed_lr5e4_rank2,k1_2_4_6_8_10_12_14_16
slow_only,ngram_sd,conversational_generation_gen_cap50,50,273.8293852750649,185.8685982673596,2.3777731895446776,2.7546342611312866,512.0,results/apexp_block/config_large_500/evaluation/paper_cap50/apex_hot_runs/survival_utility_controller_v4b_rankgroup_speed_lr5e4_rank2__k1_2_4_6_8_10_12_14_16,survival_utility_controller_v4b_rankgroup_speed_lr5e4_rank2__k1_2_4_6_8_10_12_14_16,survival_utility_controller_v4b_rankgroup_speed_lr5e4_rank2,k1_2_4_6_8_10_12_14_16
slow_only,ngram_sd,conversational_generation_sft_cap50,50,238.98066937312487,192.78089169998145,2.431541180610657,2.655874013900757,512.0,results/apexp_block/config_large_500/evaluation/paper_cap50/apex_hot_runs/survival_utility_controller_v4b_rankgroup_speed_lr5e4_rank2__k1_2_4_6_8_10_12_14_16,survival_utility_controller_v4b_rankgroup_speed_lr5e4_rank2__k1_2_4_6_8_10_12_14_16,survival_utility_controller_v4b_rankgroup_speed_lr5e4_rank2,k1_2_4_6_8_10_12_14_16
slow_only,ngram_sd,hardware_gen,44,370.06538293306926,257.90006369412185,1.8440457040613347,1.9856339693069456,511.34090909090907,results/apexp_block/config_large_500/evaluation/paper_cap50/apex_hot_runs/survival_utility_controller_v4b_rankgroup_speed_lr5e4_rank2__k1_2_4_6_8_10_12_14_16,survival_utility_controller_v4b_rankgroup_speed_lr5e4_rank2__k1_2_4_6_8_10_12_14_16,survival_utility_controller_v4b_rankgroup_speed_lr5e4_rank2,k1_2_4_6_8_10_12_14_16
slow_only,ngram_sd,long_chain_reasoning,50,492.54259869473054,236.174102416057,3.669513940811157,4.339075326919556,1024.0,results/apexp_block/config_large_500/evaluation/paper_cap50/apex_hot_runs/survival_utility_controller_v4b_rankgroup_speed_lr5e4_rank2__k1_2_4_6_8_10_12_14_16,survival_utility_controller_v4b_rankgroup_speed_lr5e4_rank2__k1_2_4_6_8_10_12_14_16,survival_utility_controller_v4b_rankgroup_speed_lr5e4_rank2,k1_2_4_6_8_10_12_14_16
slow_only,ngram_sd,long_context_completion,50,798.0078165132201,509.2317646940504,3.492541780471802,2.980579972267151,1829.92,results/apexp_block/config_large_500/evaluation/paper_cap50/apex_hot_runs/survival_utility_controller_v4b_rankgroup_speed_lr5e4_rank2__k1_2_4_6_8_10_12_14_16,survival_utility_controller_v4b_rankgroup_speed_lr5e4_rank2__k1_2_4_6_8_10_12_14_16,survival_utility_controller_v4b_rankgroup_speed_lr5e4_rank2,k1_2_4_6_8_10_12_14_16
slow_only,ngram_sd,long_horizon_swe,50,547.6465354206787,373.1193134400975,3.0556094074249267,2.7444305419921875,1024.0,results/apexp_block/config_large_500/evaluation/paper_cap50/apex_hot_runs/survival_utility_controller_v4b_rankgroup_speed_lr5e4_rank2__k1_2_4_6_8_10_12_14_16,survival_utility_controller_v4b_rankgroup_speed_lr5e4_rank2__k1_2_4_6_8_10_12_14_16,survival_utility_controller_v4b_rankgroup_speed_lr5e4_rank2,k1_2_4_6_8_10_12_14_16
slow_only,ngram_sd,mathematical_reasoning,50,232.17588404873143,219.61347481041287,2.293859362602234,2.3313910961151123,510.84,results/apexp_block/config_large_500/evaluation/paper_cap50/apex_hot_runs/survival_utility_controller_v4b_rankgroup_speed_lr5e4_rank2__k1_2_4_6_8_10_12_14_16,survival_utility_controller_v4b_rankgroup_speed_lr5e4_rank2__k1_2_4_6_8_10_12_14_16,survival_utility_controller_v4b_rankgroup_speed_lr5e4_rank2,k1_2_4_6_8_10_12_14_16
slow_fast,eagle3,code_gen,26,28.05808825271634,27.310662959519465,18.497388748022225,18.748671650886536,512.0,results/apexp_block/config_large_500/evaluation/paper_cap50/apex_hot_runs/survival_utility_controller_v4b_rankgroup_speed_lr5e4_rank2__k1_2_4_8_16,survival_utility_controller_v4b_rankgroup_speed_lr5e4_rank2__k1_2_4_8_16,survival_utility_controller_v4b_rankgroup_speed_lr5e4_rank2,k1_2_4_8_16
slow_fast,eagle3,hardware_gen,6,23.83391898248128,23.575989645134232,21.53914348284404,21.719116806983948,512.0,results/apexp_block/config_large_500/evaluation/paper_cap50/apex_hot_runs/survival_utility_controller_v4b_rankgroup_speed_lr5e4_rank2__k1_2_4_8_16,survival_utility_controller_v4b_rankgroup_speed_lr5e4_rank2__k1_2_4_8_16,survival_utility_controller_v4b_rankgroup_speed_lr5e4_rank2,k1_2_4_8_16
slow_fast,ngram_sd,code_gen,24,51.45554437010501,47.87959945332284,13.140191306670507,10.694431185722353,512.0,results/apexp_block/config_large_500/evaluation/paper_cap50/apex_hot_runs/survival_utility_controller_v4b_rankgroup_speed_lr5e4_rank2__k1_2_4_8_16,survival_utility_controller_v4b_rankgroup_speed_lr5e4_rank2__k1_2_4_8_16,survival_utility_controller_v4b_rankgroup_speed_lr5e4_rank2,k1_2_4_8_16
slow_fast,ngram_sd,conversational_generation_gen_cap50,50,45.04852457443417,31.13572919901788,14.220532631874084,16.445034503936768,512.0,results/apexp_block/config_large_500/evaluation/paper_cap50/apex_hot_runs/survival_utility_controller_v4b_rankgroup_speed_lr5e4_rank2__k1_2_4_8_16,survival_utility_controller_v4b_rankgroup_speed_lr5e4_rank2__k1_2_4_8_16,survival_utility_controller_v4b_rankgroup_speed_lr5e4_rank2,k1_2_4_8_16
slow_fast,ngram_sd,conversational_generation_sft_cap50,50,38.27415401523673,31.63219924481941,14.9920285320282,16.18616557121277,512.0,results/apexp_block/config_large_500/evaluation/paper_cap50/apex_hot_runs/survival_utility_controller_v4b_rankgroup_speed_lr5e4_rank2__k1_2_4_8_16,survival_utility_controller_v4b_rankgroup_speed_lr5e4_rank2__k1_2_4_8_16,survival_utility_controller_v4b_rankgroup_speed_lr5e4_rank2,k1_2_4_8_16
slow_fast,ngram_sd,hardware_gen,44,58.17462354611482,40.32486244194192,11.366062099283392,12.698862314224243,511.34090909090907,results/apexp_block/config_large_500/evaluation/paper_cap50/apex_hot_runs/survival_utility_controller_v4b_rankgroup_speed_lr5e4_rank2__k1_2_4_8_16,survival_utility_controller_v4b_rankgroup_speed_lr5e4_rank2__k1_2_4_8_16,survival_utility_controller_v4b_rankgroup_speed_lr5e4_rank2,k1_2_4_8_16
slow_fast,ngram_sd,long_chain_reasoning,50,74.91999832476255,39.47188468591492,22.06285700321197,25.946343898773197,1024.0,results/apexp_block/config_large_500/evaluation/paper_cap50/apex_hot_runs/survival_utility_controller_v4b_rankgroup_speed_lr5e4_rank2__k1_2_4_8_16,survival_utility_controller_v4b_rankgroup_speed_lr5e4_rank2__k1_2_4_8_16,survival_utility_controller_v4b_rankgroup_speed_lr5e4_rank2,k1_2_4_8_16
slow_fast,ngram_sd,long_context_completion,50,118.97944522874856,81.25683777999062,22.50296483039856,19.080087661743164,1829.92,results/apexp_block/config_large_500/evaluation/paper_cap50/apex_hot_runs/survival_utility_controller_v4b_rankgroup_speed_lr5e4_rank2__k1_2_4_8_16,survival_utility_controller_v4b_rankgroup_speed_lr5e4_rank2__k1_2_4_8_16,survival_utility_controller_v4b_rankgroup_speed_lr5e4_rank2,k1_2_4_8_16
slow_fast,ngram_sd,long_horizon_swe,50,87.90594785724905,67.05051493600874,16.835220375061034,15.28733241558075,1024.0,results/apexp_block/config_large_500/evaluation/paper_cap50/apex_hot_runs/survival_utility_controller_v4b_rankgroup_speed_lr5e4_rank2__k1_2_4_8_16,survival_utility_controller_v4b_rankgroup_speed_lr5e4_rank2__k1_2_4_8_16,survival_utility_controller_v4b_rankgroup_speed_lr5e4_rank2,k1_2_4_8_16
slow_fast,ngram_sd,mathematical_reasoning,50,34.881144110639525,32.098512891979944,15.312272028923037,15.82710587978363,510.84,results/apexp_block/config_large_500/evaluation/paper_cap50/apex_hot_runs/survival_utility_controller_v4b_rankgroup_speed_lr5e4_rank2__k1_2_4_8_16,survival_utility_controller_v4b_rankgroup_speed_lr5e4_rank2__k1_2_4_8_16,survival_utility_controller_v4b_rankgroup_speed_lr5e4_rank2,k1_2_4_8_16
slow_only,eagle3,code_gen,26,69.93394915569647,72.76548482087833,7.434579042287973,7.036303520202637,512.0,results/apexp_block/config_large_500/evaluation/paper_cap50/apex_hot_runs/survival_utility_controller_v4b_rankgroup_speed_lr5e4_rank2__k1_2_4_8_16,survival_utility_controller_v4b_rankgroup_speed_lr5e4_rank2__k1_2_4_8_16,survival_utility_controller_v4b_rankgroup_speed_lr5e4_rank2,k1_2_4_8_16
slow_only,eagle3,hardware_gen,6,61.21235210400596,58.28923443492572,8.460976878801981,8.790427446365356,512.0,results/apexp_block/config_large_500/evaluation/paper_cap50/apex_hot_runs/survival_utility_controller_v4b_rankgroup_speed_lr5e4_rank2__k1_2_4_8_16,survival_utility_controller_v4b_rankgroup_speed_lr5e4_rank2__k1_2_4_8_16,survival_utility_controller_v4b_rankgroup_speed_lr5e4_rank2,k1_2_4_8_16
slow_only,ngram_sd,code_gen,24,405.20896951138775,355.7308205985263,1.980643024047216,1.4392945766448977,512.0,results/apexp_block/config_large_500/evaluation/paper_cap50/apex_hot_runs/survival_utility_controller_v4b_rankgroup_speed_lr5e4_rank2__k1_2_4_8_16,survival_utility_controller_v4b_rankgroup_speed_lr5e4_rank2__k1_2_4_8_16,survival_utility_controller_v4b_rankgroup_speed_lr5e4_rank2,k1_2_4_8_16
slow_only,ngram_sd,conversational_generation_gen_cap50,50,269.0294498434564,184.09104154508708,2.420085282325745,2.781254291534424,512.0,results/apexp_block/config_large_500/evaluation/paper_cap50/apex_hot_runs/survival_utility_controller_v4b_rankgroup_speed_lr5e4_rank2__k1_2_4_8_16,survival_utility_controller_v4b_rankgroup_speed_lr5e4_rank2__k1_2_4_8_16,survival_utility_controller_v4b_rankgroup_speed_lr5e4_rank2,k1_2_4_8_16
slow_only,ngram_sd,conversational_generation_sft_cap50,50,233.2292534669852,185.42722088180284,2.5062290906906126,2.7612075805664062,512.0,results/apexp_block/config_large_500/evaluation/paper_cap50/apex_hot_runs/survival_utility_controller_v4b_rankgroup_speed_lr5e4_rank2__k1_2_4_8_16,survival_utility_controller_v4b_rankgroup_speed_lr5e4_rank2__k1_2_4_8_16,survival_utility_controller_v4b_rankgroup_speed_lr5e4_rank2,k1_2_4_8_16
slow_only,ngram_sd,hardware_gen,44,358.79815848496133,250.1068140107386,1.892700498754328,2.0474129915237427,511.34090909090907,results/apexp_block/config_large_500/evaluation/paper_cap50/apex_hot_runs/survival_utility_controller_v4b_rankgroup_speed_lr5e4_rank2__k1_2_4_8_16,survival_utility_controller_v4b_rankgroup_speed_lr5e4_rank2__k1_2_4_8_16,survival_utility_controller_v4b_rankgroup_speed_lr5e4_rank2,k1_2_4_8_16
slow_only,ngram_sd,long_chain_reasoning,50,481.0998953642523,232.91927790534535,3.741249814033509,4.396755337715149,1024.0,results/apexp_block/config_large_500/evaluation/paper_cap50/apex_hot_runs/survival_utility_controller_v4b_rankgroup_speed_lr5e4_rank2__k1_2_4_8_16,survival_utility_controller_v4b_rankgroup_speed_lr5e4_rank2__k1_2_4_8_16,survival_utility_controller_v4b_rankgroup_speed_lr5e4_rank2,k1_2_4_8_16
slow_only,ngram_sd,long_context_completion,50,790.7886776611439,496.5251275516139,3.5497167682647706,3.015368103981018,1829.92,results/apexp_block/config_large_500/evaluation/paper_cap50/apex_hot_runs/survival_utility_controller_v4b_rankgroup_speed_lr5e4_rank2__k1_2_4_8_16,survival_utility_controller_v4b_rankgroup_speed_lr5e4_rank2__k1_2_4_8_16,survival_utility_controller_v4b_rankgroup_speed_lr5e4_rank2,k1_2_4_8_16
slow_only,ngram_sd,long_horizon_swe,50,541.3375307414981,375.5280348852386,3.04699426651001,2.726840019226074,1024.0,results/apexp_block/config_large_500/evaluation/paper_cap50/apex_hot_runs/survival_utility_controller_v4b_rankgroup_speed_lr5e4_rank2__k1_2_4_8_16,survival_utility_controller_v4b_rankgroup_speed_lr5e4_rank2__k1_2_4_8_16,survival_utility_controller_v4b_rankgroup_speed_lr5e4_rank2,k1_2_4_8_16
slow_only,ngram_sd,mathematical_reasoning,50,233.7320177556169,219.9978420306808,2.2770580005645757,2.327342987060547,510.84,results/apexp_block/config_large_500/evaluation/paper_cap50/apex_hot_runs/survival_utility_controller_v4b_rankgroup_speed_lr5e4_rank2__k1_2_4_8_16,survival_utility_controller_v4b_rankgroup_speed_lr5e4_rank2__k1_2_4_8_16,survival_utility_controller_v4b_rankgroup_speed_lr5e4_rank2,k1_2_4_8_16
slow_fast,eagle3,code_gen,26,26.700615181904094,25.9249688713956,19.67134471123035,19.749959230422974,512.0,results/apexp_block/config_large_500/evaluation/paper_cap50/apex_hot_runs/survival_utility_controller_v4b_rankgroup_speed_lr5e4_rank2__k1_to_16,survival_utility_controller_v4b_rankgroup_speed_lr5e4_rank2__k1_to_16,survival_utility_controller_v4b_rankgroup_speed_lr5e4_rank2,k1_to_16
slow_fast,eagle3,hardware_gen,6,23.69528698582052,24.79894827097493,21.811095078786213,20.646681666374207,512.0,results/apexp_block/config_large_500/evaluation/paper_cap50/apex_hot_runs/survival_utility_controller_v4b_rankgroup_speed_lr5e4_rank2__k1_to_16,survival_utility_controller_v4b_rankgroup_speed_lr5e4_rank2__k1_to_16,survival_utility_controller_v4b_rankgroup_speed_lr5e4_rank2,k1_to_16
slow_fast,ngram_sd,code_gen,24,48.612483223410685,45.27066250637127,13.693178872267405,11.310225248336792,512.0,results/apexp_block/config_large_500/evaluation/paper_cap50/apex_hot_runs/survival_utility_controller_v4b_rankgroup_speed_lr5e4_rank2__k1_to_16,survival_utility_controller_v4b_rankgroup_speed_lr5e4_rank2__k1_to_16,survival_utility_controller_v4b_rankgroup_speed_lr5e4_rank2,k1_to_16
slow_fast,ngram_sd,conversational_generation_gen_cap50,50,41.43973118749149,28.19772331439847,15.53661199092865,18.15750563144684,512.0,results/apexp_block/config_large_500/evaluation/paper_cap50/apex_hot_runs/survival_utility_controller_v4b_rankgroup_speed_lr5e4_rank2__k1_to_16,survival_utility_controller_v4b_rankgroup_speed_lr5e4_rank2__k1_to_16,survival_utility_controller_v4b_rankgroup_speed_lr5e4_rank2,k1_to_16
slow_fast,ngram_sd,conversational_generation_sft_cap50,50,34.990624294614555,28.638325732695545,16.488999185562133,17.87842893600464,512.0,results/apexp_block/config_large_500/evaluation/paper_cap50/apex_hot_runs/survival_utility_controller_v4b_rankgroup_speed_lr5e4_rank2__k1_to_16,survival_utility_controller_v4b_rankgroup_speed_lr5e4_rank2__k1_to_16,survival_utility_controller_v4b_rankgroup_speed_lr5e4_rank2,k1_to_16
slow_fast,ngram_sd,hardware_gen,44,50.85377249118635,36.29019584285888,12.927789119156923,14.124035239219666,511.34090909090907,results/apexp_block/config_large_500/evaluation/paper_cap50/apex_hot_runs/survival_utility_controller_v4b_rankgroup_speed_lr5e4_rank2__k1_to_16,survival_utility_controller_v4b_rankgroup_speed_lr5e4_rank2__k1_to_16,survival_utility_controller_v4b_rankgroup_speed_lr5e4_rank2,k1_to_16
slow_fast,ngram_sd,long_chain_reasoning,50,67.4543270758979,36.762744481880524,24.259607949256896,27.85550034046173,1024.0,results/apexp_block/config_large_500/evaluation/paper_cap50/apex_hot_runs/survival_utility_controller_v4b_rankgroup_speed_lr5e4_rank2__k1_to_16,survival_utility_controller_v4b_rankgroup_speed_lr5e4_rank2__k1_to_16,survival_utility_controller_v4b_rankgroup_speed_lr5e4_rank2,k1_to_16
slow_fast,ngram_sd,long_context_completion,50,110.48167431612136,74.82780134979508,23.9058225107193,20.04694187641144,1818.42,results/apexp_block/config_large_500/evaluation/paper_cap50/apex_hot_runs/survival_utility_controller_v4b_rankgroup_speed_lr5e4_rank2__k1_to_16,survival_utility_controller_v4b_rankgroup_speed_lr5e4_rank2__k1_to_16,survival_utility_controller_v4b_rankgroup_speed_lr5e4_rank2,k1_to_16
slow_fast,ngram_sd,long_horizon_swe,50,81.40898925153006,62.86432678644367,18.53738701820373,16.306107759475708,1024.0,results/apexp_block/config_large_500/evaluation/paper_cap50/apex_hot_runs/survival_utility_controller_v4b_rankgroup_speed_lr5e4_rank2__k1_to_16,survival_utility_controller_v4b_rankgroup_speed_lr5e4_rank2__k1_to_16,survival_utility_controller_v4b_rankgroup_speed_lr5e4_rank2,k1_to_16
slow_fast,ngram_sd,mathematical_reasoning,50,34.74416337051277,31.485943657520583,15.424091129302978,16.07683229446411,510.84,results/apexp_block/config_large_500/evaluation/paper_cap50/apex_hot_runs/survival_utility_controller_v4b_rankgroup_speed_lr5e4_rank2__k1_to_16,survival_utility_controller_v4b_rankgroup_speed_lr5e4_rank2__k1_to_16,survival_utility_controller_v4b_rankgroup_speed_lr5e4_rank2,k1_to_16
slow_only,eagle3,code_gen,26,71.30164800992277,73.59064299153582,7.289936056503882,6.957408428192139,512.0,results/apexp_block/config_large_500/evaluation/paper_cap50/apex_hot_runs/survival_utility_controller_v4b_rankgroup_speed_lr5e4_rank2__k1_to_16,survival_utility_controller_v4b_rankgroup_speed_lr5e4_rank2__k1_to_16,survival_utility_controller_v4b_rankgroup_speed_lr5e4_rank2,k1_to_16
slow_only,eagle3,hardware_gen,6,64.24161352310456,60.09919997845398,8.084375659624735,8.52825379371643,512.0,results/apexp_block/config_large_500/evaluation/paper_cap50/apex_hot_runs/survival_utility_controller_v4b_rankgroup_speed_lr5e4_rank2__k1_to_16,survival_utility_controller_v4b_rankgroup_speed_lr5e4_rank2__k1_to_16,survival_utility_controller_v4b_rankgroup_speed_lr5e4_rank2,k1_to_16
slow_only,ngram_sd,code_gen,24,409.8189380644178,370.9916664533862,1.9363797505696612,1.380091667175293,512.0,results/apexp_block/config_large_500/evaluation/paper_cap50/apex_hot_runs/survival_utility_controller_v4b_rankgroup_speed_lr5e4_rank2__k1_to_16,survival_utility_controller_v4b_rankgroup_speed_lr5e4_rank2__k1_to_16,survival_utility_controller_v4b_rankgroup_speed_lr5e4_rank2,k1_to_16
slow_only,ngram_sd,conversational_generation_gen_cap50,50,270.84823415916503,184.75651278232985,2.408924307823181,2.7712165117263794,512.0,results/apexp_block/config_large_500/evaluation/paper_cap50/apex_hot_runs/survival_utility_controller_v4b_rankgroup_speed_lr5e4_rank2__k1_to_16,survival_utility_controller_v4b_rankgroup_speed_lr5e4_rank2__k1_to_16,survival_utility_controller_v4b_rankgroup_speed_lr5e4_rank2,k1_to_16
slow_only,ngram_sd,conversational_generation_sft_cap50,50,236.0507132679369,189.4719524200006,2.4733858585357664,2.7022480964660645,512.0,results/apexp_block/config_large_500/evaluation/paper_cap50/apex_hot_runs/survival_utility_controller_v4b_rankgroup_speed_lr5e4_rank2__k1_to_16,survival_utility_controller_v4b_rankgroup_speed_lr5e4_rank2__k1_to_16,survival_utility_controller_v4b_rankgroup_speed_lr5e4_rank2,k1_to_16
slow_only,ngram_sd,hardware_gen,44,363.2991596685249,251.7869535036749,1.867884012785825,2.0336207151412964,511.34090909090907,results/apexp_block/config_large_500/evaluation/paper_cap50/apex_hot_runs/survival_utility_controller_v4b_rankgroup_speed_lr5e4_rank2__k1_to_16,survival_utility_controller_v4b_rankgroup_speed_lr5e4_rank2__k1_to_16,survival_utility_controller_v4b_rankgroup_speed_lr5e4_rank2,k1_to_16
slow_only,ngram_sd,long_chain_reasoning,50,498.38940192791233,235.51346855072995,3.658623790740967,4.348052501678467,1024.0,results/apexp_block/config_large_500/evaluation/paper_cap50/apex_hot_runs/survival_utility_controller_v4b_rankgroup_speed_lr5e4_rank2__k1_to_16,survival_utility_controller_v4b_rankgroup_speed_lr5e4_rank2__k1_to_16,survival_utility_controller_v4b_rankgroup_speed_lr5e4_rank2,k1_to_16
slow_only,ngram_sd,long_context_completion,50,799.8297647735104,510.682903502985,3.4732270765304567,2.9926146268844604,1829.92,results/apexp_block/config_large_500/evaluation/paper_cap50/apex_hot_runs/survival_utility_controller_v4b_rankgroup_speed_lr5e4_rank2__k1_to_16,survival_utility_controller_v4b_rankgroup_speed_lr5e4_rank2__k1_to_16,survival_utility_controller_v4b_rankgroup_speed_lr5e4_rank2,k1_to_16
slow_only,ngram_sd,long_horizon_swe,50,552.6853004355031,379.11376757080905,3.008681082725525,2.701499581336975,1024.0,results/apexp_block/config_large_500/evaluation/paper_cap50/apex_hot_runs/survival_utility_controller_v4b_rankgroup_speed_lr5e4_rank2__k1_to_16,survival_utility_controller_v4b_rankgroup_speed_lr5e4_rank2__k1_to_16,survival_utility_controller_v4b_rankgroup_speed_lr5e4_rank2,k1_to_16
slow_only,ngram_sd,mathematical_reasoning,50,241.455352214672,229.56366477734,2.206765933036804,2.2303409576416016,510.84,results/apexp_block/config_large_500/evaluation/paper_cap50/apex_hot_runs/survival_utility_controller_v4b_rankgroup_speed_lr5e4_rank2__k1_to_16,survival_utility_controller_v4b_rankgroup_speed_lr5e4_rank2__k1_to_16,survival_utility_controller_v4b_rankgroup_speed_lr5e4_rank2,k1_to_16
slow_fast,eagle3,code_gen,26,31.552473791253867,32.20113705227657,16.49054315456977,15.902486562728882,512.0,results/apexp_block/config_large_500/evaluation/paper_cap50/apex_hot_runs/survival_utility_controller_v4b_rankgroup_speed_lr5e4_rank2__k2_4_6_8,survival_utility_controller_v4b_rankgroup_speed_lr5e4_rank2__k2_4_6_8,survival_utility_controller_v4b_rankgroup_speed_lr5e4_rank2,k2_4_6_8
slow_fast,eagle3,hardware_gen,6,22.9084782227557,22.79188534711751,22.383405764897663,22.4658066034317,512.0,results/apexp_block/config_large_500/evaluation/paper_cap50/apex_hot_runs/survival_utility_controller_v4b_rankgroup_speed_lr5e4_rank2__k2_4_6_8,survival_utility_controller_v4b_rankgroup_speed_lr5e4_rank2__k2_4_6_8,survival_utility_controller_v4b_rankgroup_speed_lr5e4_rank2,k2_4_6_8
slow_fast,ngram_sd,code_gen,24,52.8277188245422,53.57177558270181,11.651366800069807,9.558765292167664,512.0,results/apexp_block/config_large_500/evaluation/paper_cap50/apex_hot_runs/survival_utility_controller_v4b_rankgroup_speed_lr5e4_rank2__k2_4_6_8,survival_utility_controller_v4b_rankgroup_speed_lr5e4_rank2__k2_4_6_8,survival_utility_controller_v4b_rankgroup_speed_lr5e4_rank2,k2_4_6_8
slow_fast,ngram_sd,conversational_generation_gen_cap50,50,54.90884061091619,40.88501458770348,10.856852807998656,12.522956371307371,512.0,results/apexp_block/config_large_500/evaluation/paper_cap50/apex_hot_runs/survival_utility_controller_v4b_rankgroup_speed_lr5e4_rank2__k2_4_6_8,survival_utility_controller_v4b_rankgroup_speed_lr5e4_rank2__k2_4_6_8,survival_utility_controller_v4b_rankgroup_speed_lr5e4_rank2,k2_4_6_8
slow_fast,ngram_sd,conversational_generation_sft_cap50,50,49.74255401798508,43.432676658055385,11.167892532348633,11.788492918014526,512.0,results/apexp_block/config_large_500/evaluation/paper_cap50/apex_hot_runs/survival_utility_controller_v4b_rankgroup_speed_lr5e4_rank2__k2_4_6_8,survival_utility_controller_v4b_rankgroup_speed_lr5e4_rank2__k2_4_6_8,survival_utility_controller_v4b_rankgroup_speed_lr5e4_rank2,k2_4_6_8
slow_fast,ngram_sd,hardware_gen,44,65.05904649707092,50.84958465441099,9.181526324965738,10.07425332069397,511.34090909090907,results/apexp_block/config_large_500/evaluation/paper_cap50/apex_hot_runs/survival_utility_controller_v4b_rankgroup_speed_lr5e4_rank2__k2_4_6_8,survival_utility_controller_v4b_rankgroup_speed_lr5e4_rank2__k2_4_6_8,survival_utility_controller_v4b_rankgroup_speed_lr5e4_rank2,k2_4_6_8
slow_fast,ngram_sd,long_chain_reasoning,50,79.38639787398046,51.62357092258634,16.880392599105836,19.8359135389328,1024.0,results/apexp_block/config_large_500/evaluation/paper_cap50/apex_hot_runs/survival_utility_controller_v4b_rankgroup_speed_lr5e4_rank2__k2_4_6_8,survival_utility_controller_v4b_rankgroup_speed_lr5e4_rank2__k2_4_6_8,survival_utility_controller_v4b_rankgroup_speed_lr5e4_rank2,k2_4_6_8
slow_fast,ngram_sd,long_context_completion,50,109.94623887624655,104.56927267113798,19.31868969917297,18.302529335021973,1829.92,results/apexp_block/config_large_500/evaluation/paper_cap50/apex_hot_runs/survival_utility_controller_v4b_rankgroup_speed_lr5e4_rank2__k2_4_6_8,survival_utility_controller_v4b_rankgroup_speed_lr5e4_rank2__k2_4_6_8,survival_utility_controller_v4b_rankgroup_speed_lr5e4_rank2,k2_4_6_8
slow_fast,ngram_sd,long_horizon_swe,50,92.2639719021569,83.95645082682786,13.60938551902771,12.204598188400269,1024.0,results/apexp_block/config_large_500/evaluation/paper_cap50/apex_hot_runs/survival_utility_controller_v4b_rankgroup_speed_lr5e4_rank2__k2_4_6_8,survival_utility_controller_v4b_rankgroup_speed_lr5e4_rank2__k2_4_6_8,survival_utility_controller_v4b_rankgroup_speed_lr5e4_rank2,k2_4_6_8
slow_fast,ngram_sd,mathematical_reasoning,50,41.24411913658947,38.72581056157922,12.89266040802002,13.102762699127195,510.84,results/apexp_block/config_large_500/evaluation/paper_cap50/apex_hot_runs/survival_utility_controller_v4b_rankgroup_speed_lr5e4_rank2__k2_4_6_8,survival_utility_controller_v4b_rankgroup_speed_lr5e4_rank2__k2_4_6_8,survival_utility_controller_v4b_rankgroup_speed_lr5e4_rank2,k2_4_6_8
slow_only,eagle3,code_gen,26,75.64163563262673,78.79386903314597,6.88130482343527,6.498474359512329,512.0,results/apexp_block/config_large_500/evaluation/paper_cap50/apex_hot_runs/survival_utility_controller_v4b_rankgroup_speed_lr5e4_rank2__k2_4_6_8,survival_utility_controller_v4b_rankgroup_speed_lr5e4_rank2__k2_4_6_8,survival_utility_controller_v4b_rankgroup_speed_lr5e4_rank2,k2_4_6_8
slow_only,eagle3,hardware_gen,6,68.49677751160785,64.76147362209896,7.57818603515625,7.906750559806824,512.0,results/apexp_block/config_large_500/evaluation/paper_cap50/apex_hot_runs/survival_utility_controller_v4b_rankgroup_speed_lr5e4_rank2__k2_4_6_8,survival_utility_controller_v4b_rankgroup_speed_lr5e4_rank2__k2_4_6_8,survival_utility_controller_v4b_rankgroup_speed_lr5e4_rank2,k2_4_6_8
slow_only,ngram_sd,code_gen,24,411.4430209925726,371.897231464972,1.9328746596972148,1.3767266273498535,512.0,results/apexp_block/config_large_500/evaluation/paper_cap50/apex_hot_runs/survival_utility_controller_v4b_rankgroup_speed_lr5e4_rank2__k2_4_6_8,survival_utility_controller_v4b_rankgroup_speed_lr5e4_rank2__k2_4_6_8,survival_utility_controller_v4b_rankgroup_speed_lr5e4_rank2,k2_4_6_8
slow_only,ngram_sd,conversational_generation_gen_cap50,50,267.6710353766888,182.4331228833334,2.434169902801514,2.80651593208313,512.0,results/apexp_block/config_large_500/evaluation/paper_cap50/apex_hot_runs/survival_utility_controller_v4b_rankgroup_speed_lr5e4_rank2__k2_4_6_8,survival_utility_controller_v4b_rankgroup_speed_lr5e4_rank2__k2_4_6_8,survival_utility_controller_v4b_rankgroup_speed_lr5e4_rank2,k2_4_6_8
slow_only,ngram_sd,conversational_generation_sft_cap50,50,233.563778004674,187.72120615711052,2.492207326889038,2.7274820804595947,512.0,results/apexp_block/config_large_500/evaluation/paper_cap50/apex_hot_runs/survival_utility_controller_v4b_rankgroup_speed_lr5e4_rank2__k2_4_6_8,survival_utility_controller_v4b_rankgroup_speed_lr5e4_rank2__k2_4_6_8,survival_utility_controller_v4b_rankgroup_speed_lr5e4_rank2,k2_4_6_8
slow_only,ngram_sd,hardware_gen,44,361.17905734621786,249.90378684670225,1.875076023015109,2.0488393306732178,511.34090909090907,results/apexp_block/config_large_500/evaluation/paper_cap50/apex_hot_runs/survival_utility_controller_v4b_rankgroup_speed_lr5e4_rank2__k2_4_6_8,survival_utility_controller_v4b_rankgroup_speed_lr5e4_rank2__k2_4_6_8,survival_utility_controller_v4b_rankgroup_speed_lr5e4_rank2,k2_4_6_8
slow_only,ngram_sd,long_chain_reasoning,50,500.3156003469579,238.30657204151248,3.646410508155823,4.297782897949219,1024.0,results/apexp_block/config_large_500/evaluation/paper_cap50/apex_hot_runs/survival_utility_controller_v4b_rankgroup_speed_lr5e4_rank2__k2_4_6_8,survival_utility_controller_v4b_rankgroup_speed_lr5e4_rank2__k2_4_6_8,survival_utility_controller_v4b_rankgroup_speed_lr5e4_rank2,k2_4_6_8
slow_only,ngram_sd,long_context_completion,50,808.8015510396311,512.1449449276388,3.452143712043762,2.9734227657318115,1829.92,results/apexp_block/config_large_500/evaluation/paper_cap50/apex_hot_runs/survival_utility_controller_v4b_rankgroup_speed_lr5e4_rank2__k2_4_6_8,survival_utility_controller_v4b_rankgroup_speed_lr5e4_rank2__k2_4_6_8,survival_utility_controller_v4b_rankgroup_speed_lr5e4_rank2,k2_4_6_8
slow_only,ngram_sd,long_horizon_swe,50,563.2288522575188,380.86185741083625,2.9579225826263427,2.6886545419692998,1024.0,results/apexp_block/config_large_500/evaluation/paper_cap50/apex_hot_runs/survival_utility_controller_v4b_rankgroup_speed_lr5e4_rank2__k2_4_6_8,survival_utility_controller_v4b_rankgroup_speed_lr5e4_rank2__k2_4_6_8,survival_utility_controller_v4b_rankgroup_speed_lr5e4_rank2,k2_4_6_8
slow_only,ngram_sd,mathematical_reasoning,50,238.83272607057523,224.89838450026588,2.226819930076599,2.276584267616272,510.84,results/apexp_block/config_large_500/evaluation/paper_cap50/apex_hot_runs/survival_utility_controller_v4b_rankgroup_speed_lr5e4_rank2__k2_4_6_8,survival_utility_controller_v4b_rankgroup_speed_lr5e4_rank2__k2_4_6_8,survival_utility_controller_v4b_rankgroup_speed_lr5e4_rank2,k2_4_6_8
